FAO_code,Latin species name,English,Spanish,French
AAA,Acipenser naccarii,Adriatic sturgeon,Esturión del Adriático,Esturgeon de l'Adriatique
AAB,Acanthopagrus bifasciatus,Twobar seabream,Sargo de dos bandas,Pagre double bande
AAC,Amia calva,Bowfin,,
AAD,Acipenser dabryanus,Yangtze sturgeon,,
AAE,Antennarius analis,Tailjet frogfish,,
AAF,Acipenser fulvescens,Lake sturgeon,,
AAG,Anguilla bengalensis,Indian mottled eel,,
AAH,Acipenser schrenckii,Amur sturgeon,,
AAI,Acipenser sinensis,Chinese sturgeon,,
AAJ,Anguilla mossambica,African longfin eel,,
AAK,Acipenser mikadoi,Sakhalin sturgeon,,
AAL,Anguilla marmorata,Giant mottled eel,,
AAM,Acipenser medirostris,Green sturgeon,Esturión verde,Esturgeon vert
AAN,Acipenser nudiventris,Fringebarbel sturgeon,Esturión barba de flecos,Esturgeon barbillons frangés
AAO,Acipenser oxyrinchus,Atlantic sturgeon,,
AAP,Acipenser persicus,Persian sturgeon,,
AAQ,Anguilla dieffenbachii,New Zealand longfin eel,,
AAR,Anguilla reinhardtii,Speckled longfin eel,,
AAS,Astacus astacus,Noble crayfish,Cangrejo de río de patas rojas,Écrevisse à pieds rouges
AAT,Anguilla bicolor,,,
AAU,Acipenser multiscutatus,Japanese sturgeon,,
AAV,Acaronia vultuosa,,,
AAW,Anableps anableps,Largescale foureyes,,
AAX,Aaptosyax grypus,,,
AAY,Acipenser brevirostrum,Shortnose sturgeon,,
AAZ,Aploactis aspera,,,
ABA,Albulichthys albuloides,,,
ABB,Abbottina rivularis,Chinese false gudgeon,,
ABC,Amblypharyngodon microlepis,,,
ABD,Alburnus albidus,,,
ABE,Aborichthys elongatus,,,
ABF,Haliotis rufescens,Red abalone,Abulón colorado,Ormeau rouge
ABG,Haliotis gigantea,Giant abalone,Abulón gigante,Ormeau géant
ABH,Astroblepus chotae,,,
ABI,Alburnoides bipunctatus,Schneider,,
ABJ,Haliotis discus,Japanese abalone,Abulón japonés,Ormeau japonais
ABK,Blicca bjoerkna,White bream,,
ABL,Amblypharyngodon melettinus,Attentive carplet,,
ABM,Haliotis diversicolor,Small abalone,,
ABN,Acanthobunocephalus nicoi,,,
ABO,Amblypharyngodon mola,,,
ABP,Haliotis midae,Perlemoen abalone,Oreja de mar,Ormeau de Mida
ABQ,Abramites eques,,,
ABR,Haliotis rubra,Blacklip abalone,Oreja de mar de labios negros,Ormeau à lèvres noires
ABS,Penaeus aztecus,Northern brown shrimp,Camarón café norteño,Crevette royale grise
ABT,Amblyrhynchichthys truncatus,,,
ABU,Abudefduf saxatilis,Sergeant-major,,
ABV,Alabes parvulus,Pygmy shore-eel,,
ABW,Ablabys binotatus,Redskinfish,,
ABX,Haliotis spp,Abalones nei,Orejas de mar nep,Ormeaux nca
ABY,Amblyopsis rosae,Ozark cavefish,,
ABZ,Ammodytes tobianus,Small sandeel,Aguacioso,Équille
ACA,Acromycter nezumi,,,
ACB,Scapharca broughtonii,Inflated ark,,
ACC,Gymnocephalus cernuus,Ruffe,Acerina,Grémille
ACD,Chlopsis dentatus,Mottled false moray,,
ACE,Paruroconger drachi,,,
ACF,Acestrorhynchus falcatus,,,
ACG,Acanthogobius ommaturus,,,
ACH,Salvelinus alpinus,Arctic char,Trucha alpina,Omble-chevalier
ACI,Acnodon normani,,,
ACJ,Japonoconger africanus,,,
ACK,Kaupichthys hyoproroides,False moray,,
ACL,Heteroconger longissimus,,,
ACM,Macrocephenchelys brachialis,,,
ACN,Aculeola nigra,Hooktooth dogfish,Tollo negro de cachos,Squale noir
ACO,Coloconger raniceps,,,
ACP,Chilorhinus platyrhynchus,Flatnose xenocongrid eel,,
ACQ,Astrocottus leprops,,,
ACR,Acropomatidae,"Glow-bellies, splitfins nei",Farolitos nep,"Macondes, etc. nca"
ACS,Heteroconger hassi,Spotted garden-eel,,
ACT,Paraconger caudilimbatus,Margintail conger,,
ACU,Lumiconger arafura,,,
ACV,Acanthocepola abbreviata,Bandfish,,
ACW,Amblycirrhitus earnshawi,,,
ACX,Acanthaxius caespitosa,Deep-water mud lobster,Langosta peluda de profundidad,Langouste poilue de profondeur
ACY,Parabathymyrus macrophthalmus,,,
ACZ,Cambaridae,American crayfishes nei,Cangrejos río americanos nep,Écrevisses américaines nca
ADA,Aspidoras albater,,,
ADB,Adontosternarchus balaenops,,,
ADC,Acrochordonichthys chamaeleon,,,
ADD,Derichthys serpentinus,Narrownecked oceanic eel,,
ADE,Allotoca dugesii,Opal allotoca,,
ADF,Aspredinichthys filamentosus,Sevenbarbed banjo,,
ADG,Anadoras grypus,,,
ADH,Amblyglyphidodon aureus,Golden damselfish,,
ADI,Aplocheilus dayi,Ceylon killifish,,
ADJ,Pardachirus pavoninus,Peacock sole,,
ADK,Artedidraco skottsbergi,,,
ADL,Antipodocottus elegans,,,
ADM,Autanadoras milesi,,,
ADN,Nessorhamphus ingolfianus,Duckbill oceanic eel,,
ADO,Artediellus dydymovi,,,
ADP,Austrofundulus dolichopterus,Saberfin killie,,
ADQ,Antipathes dichotoma,Black coral,,
ADR,Aspredo aspredo,Banjo,,
ADS,Arnoldichthys spilopterus,Niger tetra,,
ADT,Pardachirus marmoratus,Finless sole,,
ADU,Allodontichthys hubbsi,Whitepatched splitfin,,
ADV,Apuredoras rivasi,,,
ADW,Artedius corallinus,Coralline sculpin,,
ADX,Adinia xenica,Diamond killifish,,
ADY,Aspredo cotylephorus,Banded banjo,,
ADZ,Artedidraco glareobarbatus,,,
AEA,Alestes lateralis,Stripped robber,,
AEB,Alestes baremoze,,,
AEC,Astronesthes cyclophotus,,,
AED,Alestes dentex,,,
AEE,Einara edentula,Toothless smooth-head,,
AEF,Apteronotus albifrons,Black ghost,,
AEG,Astronesthes gemmifer,,,
AEH,Alestopetersius brichardi,,,
AEI,Auchenipterus nigripinnis,,,
AEJ,Astronesthes indicus,,,
AEK,Herwigia kreffti,Krefft's smooth-head,,
AEL,Leptoderma lubricum,,,
AEM,Aethotaxis mitopteryx,Longfin icedevil,Diablillo de hebra,Calandre fil
AEN,Ericara niger,,,
AEO,Astronesthes leucopogon,,,
AEP,Astronesthes neopogon,,,
AER,Aequidens rivulatus,Green terror,Vieja azul,
AES,Pandalus montagui,Aesop shrimp,Camarón esópico,Crevette ésope
AET,Aetapcus maculatus,Warty prowfish,,
AEU,Auchenoceros punctatus,Ahuru,,
AEV,Asemichthys taylori,Spinynose sculpin,,
AEW,Atherinosoma wallacei,,,
AEX,Aethiomastacembelus sexdecimspinus,,,
AEY,Apteronotus leptorhynchus,,,
AEZ,Abyssocottus elochini,,,
AFA,Forbesichthys agassizi,Spring cavefish,,
AFB,Aphyoplatys duboisi,,,
AFC,Atherinopsis californiensis,Jack silverside,,
AFD,Aphanius dispar,,,
AFE,Aplocheilichthys fuelleborni,,,
AFF,Atherion africanus,Pricklenose silverside,,
AFG,Asthenomacrurus fragilis,Fragile grenadier,,
AFH,Aphyosemion ahli,,,
AFI,Conocara fiolenti,Fiolenti's smooth-head,,
AFJ,Aphanius iberus,Spanish toothcarp,,
AFK,Apsilus fuscus,African forktail snapper,Pargo tijera,Vivaneau fourche d'Afrique
AFL,Antennatus flagellatus,,,
AFM,Adamas formosus,Starhead killi,,
AFN,Antennarius nummifer,Spotfin frogfish,,
AFO,Aspidophoroides bartoni,Aleutian alligatorfish,,
AFP,Amphiprion akallopisos,Skunk clownfish,,
AFQ,Paphies australis,Pipi wedge clam,,
AFR,Alloophorus robustus,Bulldog goodeid,,
AFS,Aphanius fasciatus,,,
AFT,Agonus cataphractus,Hooknose,,
AFU,Alfaro cultratus,,,
AFV,Aulorhynchus flavidus,Tube-snout,,
AFW,Assessor flavissimus,Yellow devilfish,,
AFX,Amphibolis antarctica,Sea nymph,,
AFY,Amphiprion akindynos,Barrier reef anemonefish,,
AFZ,Afronandus sheljuzhkoi,Fourspine leaffish,,
AGA,Guentherus altivela,Jellynose,,
AGB,Antipathes grandis,"Umimatsu, pine coral",,
AGC,Amblygaster clupeoides,Bleeker smoothbelly sardinella,Sardinela vientre liso,Sardinelle coulat
AGD,Gymnothorax maderensis,Sharktooth moray,,
AGE,Agosia chrysogaster,Longfin dace,,
AGF,Agmus lyriformis,Gnarled catfish,,
AGG,Gymnothorax moringa,Spotted moray,,
AGH,Gymnotus pantherinus,,,
AGI,Gymnothorax polygonius,,,
AGJ,Argobuccinum olearium,Oil-vessel triton,,Ranelle geante
AGK,Gymnothorax unicolor,Brown moray,Morena negra,Murène brune
AGL,Amblygaster leiogaster,Smoothbelly sardinella,Sardinela daniva,Sardinelle daniva
AGM,Alligator mississippiensis,American alligator,Caimán americano,Alligator américain
AGN,Squatina squatina,Angelshark,Angelote,Ange de mer commun
AGO,Gymnothorax pseudothyrsoideus,Highfin moray,,
AGP,Agrostichthys parkeri,Streamer fish,,
AGQ,Aulostomus strigosus,,,
AGR,Aplodinotus grunniens,Freshwater drum,Roncador de agua dulce,Malachigan
AGS,Amblygaster sirm,Spotted sardinella,Sardinela manchada,Sardinelle tachetée
AGT,Gymnothorax meleagris,Turkey moray,,
AGU,Gymnothorax rueppelliae,Banded moray,,
AGV,Altolamprologus calvus,,,
AGW,Anoplogaster cornuta,Common fangtooth,,
AGX,Gymnothorax mordax,California moray,,
AGY,Gymnothorax porphyreus,,,
AGZ,Argyrocottus zanderi,,,
AHA,Acanthorhodeus asmussii,Russian bitterling,,
AHB,Atopochilus chabanaudi,,,
AHC,Anchovia macrolepidota,Bigscale anchovy,Anchoa plateada,Anchois à grandes écailles
AHD,Abythites lepidogenys,,,
AHE,Archaulus biseriatus,Scaled sculpin,,
AHF,Aphanotorulus frankei,,,
AHG,Psephurus gladius,Chinese swordfish,,
AHH,Atherina hepsetus,Mediterranean sand smelt,,
AHI,Acanthocleithron chapini,,,
AHJ,Amaralia hypsiurus,,,
AHK,Alertichthys blacki,Alert pigfish,,
AHL,Acanthalburnus microlepis,Blackbrow bleak,,
AHM,Huso dauricus,Kaluga,,
AHN,Anthias anthias,Swallowtail seaperch,,
AHO,Alcichthys alcicornis,,,
AHP,Panturichthys isognathus,,,
AHQ,Cantheschenia grandisquamis,Large-scaled leatherjacket,,
AHR,Astronesthes niger,,,
AHS,Acanthobrama lissneri,,,
AHT,Acanthobrama terraesanctae,Kinneret bleak,,
AHU,Anchovia clupeoides,Zabaleta anchovy,Anchoa bocona,Anchois hachude
AHV,Ancharius brevibarbis,,,
AHW,Aristaeomorpha woodmasoni,Indian red shrimp,Gamba roja india,Gambon indien
AHX,Allocyttus spp,,,
AHY,Pythonichthys sanguineus,,,
AHZ,Apolemichthys guezei,Reunion angelfish,,
AIA,Apistus carinatus,Ocellated waspfish,,
AIB,Ambassidae,Glassfishes,,
AIC,Ailia coila,,,
AID,Ijimaia dofleini,,,
AIE,Alticorpus macrocleithrum,,,
AIF,Acanthoclinus fuscus,,,
AIG,Astacopsis gouldi,Giant tasmanian crayfish,,
AIH,Ancistrus cirrhosus,,,
AII,Amphilophus citrinellus,Midas cichlid,,
AIJ,Alticus kirkii,Kirk's blenny,,
AIK,Acarichthys heckelii,Threadfin acara,,
AIL,Acanthochromis polyacanthus,Spiny chromis,,
AIM,Austrophycis marginata,Dwarf codling,,
AIN,Acentrogobius caninus,Tropical sand goby,,
AIO,Acantholiparis opercularis,Spiny snailfish,,
AIP,Albatrossia pectoralis,Giant grenadier,,
AIQ,Astacopsis franklinii,,,
AIR,Anisarchus macrops,,,
AIS,Atrosalarias fuscus,,,
AIT,Apopterygion alta,Tasselled triplefin,,
AIU,Apistops caloundra,Short-armed waspfish,,
AIV,Alloblennius parvus,Dwarf blenny,,
AIW,Acanthina monodon,,,
AIX,Aidablennius sphynx,,,
AIY,Ahliesaurus berryi,,,
AIZ,Haliotis kamtschatkana,Pinto abalone,,
AJA,Aristeus alcocki,Arabian red shrimp,Gamba roja arábiga,Gambon d'Arabie
AJB,Bajacalifornia burragei,,,
AJC,Alaria esculenta,Babberlocks,,Alimentaire varech
AJD,Agonomalus jordani,,,
AJE,Artemia persimilis,,,
AJF,Haliotis spadicea,,,
AJG,Anthoptilum spp,,,
AJH,Anthozoa,,,
AJI,Artemiidae,,,
AJJ,Artemia sinica,,,
AJK,Astrotia stokesii,Stokes' sea snake,,
AJL,Cabillus lacertops,,,
AJM,Artemia spp,Brine shrimps nei,Artemias nep,Crevettes de salines nca
AJN,Aristeus semidentatus,Smooth red shrimp,Gamba roja lisa,Gambon lisse
AJO,Alcithoe larochei,Volute,,
AJP,Aulichthys japonicus,,,
AJQ,Aurelia aurita,Common jellyfish,Agua mala,Méduse commune
AJR,Astrea rugosa,Rough turbo,Peonza rugosa,Turbo scabre
AJS,Abalistes stellaris,Starry triggerfish,Pejepuerco estrellado,Baliste étoilé
AJT,Artemia tunisiana,,,
AJU,Artemia urmiana,,,
AJV,Aeneator recens,,,
AJW,Agonostomus monticola,Mountain mullet,Lisa de río,Mulet de fleuve
AJX,Acutiserolis spp,Spiny serolid isopod,,
AJY,Aega monophthalma,Fish biter,,
AJZ,Alcyonacea,Soft corals,Corales muelles,Corails mous
AKA,Anomalops katoptron,Splitfin flashlightfish,,
AKB,Acanthopagrus butcheri,,,
AKC,Astacus pachypus,,,
AKD,Acentrogobius dayi,Day's goby,,
AKE,Anisochromis kenyae,,,
AKF,Akysis fuscus,,,
AKG,Achoerodus gouldii,Western blue groper,,
AKH,Acropoma hanedai,,,
AKI,Archoplites interruptus,Sacramento perch,,
AKJ,Acanthocardia echinata,European prickly cockle,Carneiro,Bucarde rouge
AKK,Acanthocardia aculeata,Spiny cockle,Marolo,Bucarde aiguillonnée
AKL,Acantholabrus palloni,Scale-rayed wrasse,,
AKM,Acantholumpenus mackayi,Pighead prickleback,,
AKN,Akarotaxis nudiceps,,,
AKO,Bellocia koefoedi,Koefoed's smooth-head,,
AKP,Acantharchus pomotis,Mud sunfish,,
AKQ,Arca navicularis,Indo-Pacific ark,,Arche navicule
AKR,Ambloplites rupestris,Rock bass,,
AKS,Acetes japonicus,Akiami paste shrimp,Camaroncillo akiami,Chevrette akiami
AKT,Anomalochromis thomasi,,,
AKU,Acanthopagrus australis,Surf bream,,
AKV,Askoldia variegata,,,
AKW,Aphrodita aculeata,Sea mouse,,Aphrodite
AKX,Paphies spp,,,
AKY,Adrianichthys kruyti,Duckbilled buntingi,,
AKZ,Aiakas zinorum,,,
ALA,Alectis alexandrinus,Alexandria pompano,Jurel de Alejandría,Cordonnier bossu
ALB,Thunnus alalunga,Albacore,Atún blanco,Germon
ALC,Alepocephalus bairdii,Baird's slickhead,Talismán celindra,Alépocéphale de Baird
ALD,Apletodon dentatus,Small-headed clingfish,,
ALE,Alosa pseudoharengus,Alewife,Pinchagua,Gaspareau
ALF,Beryx spp,Alfonsinos nei,Alfonsinos nep,Béryx nca
ALG,Allenichthys glauerti,Glauert's anglerfish,,
ALH,Alepocephalus spp,Slickheads nei,Talismanes,
ALI,Alepisaurus spp,Lancetfishes nei,,
ALJ,Tragulichthys jaculiferus,Longspine burrfish,,
ALK,Theragra chalcogramma,Alaska pollock(=Walleye poll.),Colín de Alaska,Lieu de l'Alaska
ALL,Allocyttus verrucosus,Warty dory,,
ALM,Aluterus monoceros,Unicorn leatherjacket filefish,,
ALN,Aluterus scriptus,Scribbled leatherjac. filefish,Lija trompa,Bourse écriture
ALO,Alepisaurus brevirostris,Short snouted lancetfish,,
ALP,Pleuronectes quadrituberculat.,Alaska plaice,Solla de Alaska,Plie de l'Alaska
ALQ,Atherinella argentea,Moon silverside,,
ALR,Alburnus alburnus,Bleak,Alburno,Ablette
ALS,Carcharhinus albimarginatus,Silvertip shark,Tiburón de puntas blancas,Requin pointe blanche
ALT,Aluterus spp,Leatherjacket filefishes,,
ALU,Albulidae,Bonefishes nei,Macabíes nep,Albulidés nca
ALV,Alopias vulpinus,Thresher,Zorro,Renard
ALW,Leptenchelys vermiformis,Slender worm-eel,Tieso esbelto,Serpenton mince
ALX,Alepisaurus ferox,Long snouted lancetfish,Lanzón picudo,Lancier longnez
ALY,Letharchus velifer,,,
ALZ,Diomedeidae,Albatrosses nei,Albatros nep,Albatros nca
AMA,Anarchias fuscus,,,
AMB,Seriola dumerili,Greater amberjack,Pez de limón,Sériole couronnée
AMC,Myroconger compressus,Red eel,,
AMD,Echidna catenata,Chain moray,,
AME,Echidna nebulosa,Snowflake moray,,
AMF,Cirrimaxilla formosa,,,
AMG,Gymnothorax flavimarginatus,Yellow-edged moray,,
AMH,Channomuraena vittata,Broadbanded moray,,
AMI,Gymnothorax funebris,Green moray,,
AMJ,Seriola quinqueradiata,Japanese amberjack,Medregal del Japón,Sériole du Japon
AMK,Enchelycore bayeri,Bayer's moray,,
AML,Carcharhinus amblyrhynchos,Grey reef shark,Tiburón de arrecifes,Requin dagsit
AMM,Moringua edwardsi,Spaghetti eel,,
AMN,Neoconger tuberculatus,,,
AMO,Gymnomuraena zebra,Zebra moray,,
AMP,Echidna peli,Pebbletooth moray,,
AMQ,Enchelynassa canina,,,
AMR,Enchelycore pardalis,Leopard moray eel,,
AMS,Artemia salina,Brine shrimp,Artemia,Crevette de salines
AMT,Gymnothorax vicinus,Purplemouth moray,,
AMU,Esox reichertii,Amur pike,Lucio del Pacífico,Brochet du Pacifique
AMV,Gymnothorax dovii,Speckled moray,,
AMW,Gymnothorax ocellatus,,,
AMX,Seriola spp,Amberjacks nei,Medregales nep,Sérioles nca
AMY,Echidna polyzona,Barred moray,,
AMZ,Gymnothorax undulatus,Undulated moray,,
ANA,Engraulis anchoita,Argentine anchovy,Anchoíta,Anchois d'Argentine
ANB,Anchoa mitchilli,Bay anchovy,Anchoa de caleta,Anchois baie
ANC,Engraulis capensis,Southern African anchovy,Anchoa de Africa austral,Anchois de l'Afrique australe
AND,Tylosurus acus,Agujon needlefish,Marao ojón(=Aguja imperial),Aiguille voyeuse
ANE,Engraulis encrasicolus,European anchovy,Boquerón,Anchois
ANF,Lophiidae,Anglerfishes nei,"Rapes, etc. nep","Baudroies, etc. nca"
ANG,Lophius americanus,American angler,Rape americano,Baudroie d'Amérique
ANI,Champsocephalus gunnari,Mackerel icefish,Draco rayado,Poisson des glaces antarctique
ANJ,Aristeus antillensis,Purplehead gamba prawn,Gamba purpurea,Crevette pourprée
ANK,Lophius budegassa,Blackbellied angler,Rape negro,Baudroie rousse
ANL,Labichthys carinatus,,,
ANM,Nemichthys scolopaceus,Slender snipe eel,,
ANN,Diplodus annularis,Annular seabream,Raspallón,Sparaillon commun
ANO,Annamia normani,,,
ANP,Anotopterus pharao,Daggertooth,,Pharaon
ANQ,Atherinomorus balabacensis,Balabac Island silverside,,
ANR,Lycengraulis grossidens,Atlantic sabretooth anchovy,Anchoa dentona,Anchois goulard
ANS,Pleuragramma antarcticum,Antarctic silverfish,Diablillo antártico,Calandre antarctique
ANT,Antimora rostrata,Blue antimora,Mollera azul,Antimora bleu
ANU,Nemichthys curvirostris,,,
ANV,Avocettina infans,Avocet snipe eel,,
ANW,Pomacanthidae,Angelfishes nei,Angeles nep,Demoiselles nca
ANX,Engraulidae,"Anchovies, etc. nei","Anchoas, etc. nep","Anchois, etc. nca"
ANY,Anabarilius polylepis,,,
ANZ,Aulotrachichthys novaezelandicus,,,
AOA,Achirophichthys kampeni,Freshwater snake-eel,,
AOB,Bascanichthys bascanoides,Sooty sand-eel,,
AOC,Aplatophis chauliodus,Fangtooth snake-eel,,
AOD,Dalophis obtusirostris,,,
AOE,Ahlia egmontis,Key worm eel,,
AOF,Herpetoichthys fossatus,Mustachioed snake-eel,,
AOG,Gordiichthys irretitus,Horsehair eel,,
AOH,Hemerorhinus opici,,,
AOI,Cirrhimuraena inhacae,Inhaca fringelip,,
AOJ,Cirricaecula johnsoni,,,
AOK,Apterichtus kendalli,,,
AOL,Caralophia loxochila,Slantlip eel,,
AOM,Echelus myrus,Painted eel,,
AON,Atherinops affinis,Topsmelt silverside,,
AOO,Callechelys catostomus,,,
AOP,Aprognathodon platyventris,Stripe eel,,
AOQ,Lamnostoma polyophthalma,,,
AOR,Ethadophis byrnei,Ordinary eel,,
AOS,Evips percinctus,,,
AOT,Caecula pterygera,Finny snake eel,,
AOU,Echiophis punctifer,Stippled spoon-nose eel,,
AOV,Elapsopis versicolor,,,
AOW,Aeoliscus punctulatus,Speckled shrimpfish,,
AOX,Ichthyapus acuticeps,Sharpnose sand-eel,,
AOY,Brachysomophis crocodilinus,Crocodile snake eel,,
AOZ,Leiuranus semicinctus,Saddled snake-eel,,
APA,Apristurus manis,Ghost catshark,Pejegato fantasma,Holbiche fantôme
APB,Acipenser baerii,Siberian sturgeon,Esturión de Siberia,Esturgeon de Sibérie
APC,Apristurus saldanha,Saldanha catshark,Pejegato saldaña,Holbiche gatussau
APD,Apristurus indicus,Smallbelly catshark,Pejegato índico,Holbiche artouca
APE,Acipenser stellatus,Starry sturgeon,Esturión estrellado,Esturgeon étoilé
APF,Apristurus maderensis,Madeira catshark,Pejegato de Madera,Roussette de Madère
APG,Acipenser gueldenstaedtii,Danube sturgeon(=Osetr),Esturión del Danube,Esturgeon du Danube
APH,Aphanopus intermedius,Intermediate scabbardfish,Sable intermedio,Poisson-sabre tachuo
API,Apristurus spp,Deep-water catsharks,Pejegatos,Holbiches
APJ,Apristurus sibogae,Pale catshark,Pejegato paliducho,Holbiche pâle
APK,Apristurus parvipinnis,Smallfin catshark,Pejegato mocho,Holbiche petites ailes
APL,Plantae aquaticae,Aquatic plants nei,Plantas acuáticas nep,Plantes aquatiques nca
APM,Apristurus macrostomus,,,
APN,Acipenser transmontanus,White sturgeon,Esturión blanco,Esturgeon blanc
APO,Apogonidae,"Cardinalfishes, etc. nei","Peces cardenal, etc. nep",Apogonidés nca
APP,Apristurus profundorum,Deep-water catshark,Pejegato abisal,Holbiche papoila
APQ,Apristurus laurussonii,Iceland catshark,,
APR,Acipenser ruthenus,Sterlet sturgeon,Esterlete,Sterlet
APS,Penaeus duorarum,Northern pink shrimp,Camarón rosado norteño,Crevette rose du Nord
APU,Acipenser sturio,Sturgeon,Esturión,Esturgeon commun
APV,Apristurus investigatoris,Broadnose catshark,Pejegato ñato,Holbiche platnez
APW,Apristurus nasutus,Largenose catshark,Pejegato hocicón,Holbiche cyrano
APX,Apristurus microps,Smalleye catshark,Pejegato puerco,Holbiche porc
APY,Apristurus micropterygeus,,,
APZ,Apristurus platyrhynchus,Spatulasnout catshark,Pejegato espatulado,Holbiche spatule
AQA,Acentronura australe,Southern little pipehorse,,
AQB,Acanthurus bahianus,Ocean surgeon,,
AQC,Asquamiceps caeruleus,,,
AQD,Apeltes quadracus,Fourspine stickleback,,
AQE,Aequorea aequorea,,,
AQF,Mactra californica,Californian mactra,Mactra californiana,Mactre californienne
AQG,Mactra largillierti,Largilliert's mactra,Mactra de Largilliert,Mactre de Largilliert
AQH,Acanthurus chirurgus,Doctorfish,,
AQI,Acanthurus lineatus,Lined surgeonfish,,
AQJ,Mactra nitida,Polished mactra,Mactra pulida,Mactre polie
AQK,Caquetaia kraussii,,,
AQL,Adelosebastes latens,,,
AQM,Amphipoda,Amphipods,,
AQN,Acanthurus nigrofuscus,Brown surgeonfish,,
AQO,Acanthurus coeruleus,Blue tang surgeonfish,,
AQP,Aequidens portalegrensis,,,
AQQ,Acanthurus gahhm,Black surgeonfish,,
AQR,Acanthurus bariene,Black-spot surgeonfish,,
AQS,Mactra rostrata,Rostrate mactra,Mactra puntiaguda,Mactre à rostre
AQT,Acanthurus triostegus,Convict surgeonfish,,
AQU,Aequidens pulchrus,Blue acara,,
AQV,Acanthurus olivaceus,Orangespot surgeonfish,,
AQW,Mactra velata,Concealed surf clam,Mactra velada,Mactre voile
AQX,Aetobatus spp,,,
AQY,Asprocottus abyssalis,,,
AQZ,Antipatharia,Black corals and thorny corals,,
ARA,Aristeus antennatus,Blue and red shrimp,Gamba rosada,Crevette rouge
ARB,Ariosoma balearicum,Bandtooth conger,,
ARC,Acrocheilus alutaceus,Chiselmouth,,
ARD,Arcos decoris,Elegant clingfish,,
ARE,Argentina elongata,,,
ARF,Atheresthes stomias,Arrow-tooth flounder,Halibut del Pacífico,Faux flétan du Pacifique
ARG,Argentina spp,Argentines,Argentinas,Argentines
ARH,Acrossocheilus hexagonolepis,Copper mahseer,,
ARI,Aristeidae,Aristeid shrimps nei,Gambas aristeidos nep,"Gambons,crevet. aristeidés nca"
ARJ,Ascelichthys rhodorus,Rosylip sculpin,,
ARK,Arca spp,Ark clams nei,Arcas nep,Arches nca
ARL,Argonectes longiceps,,,
ARM,Arenicola marina,Lugworm,Capbreton,
ARN,Ariosoma anago,Silvery conger,,
ARO,Argentina kagoshimae,,,
ARP,Arapaima gigas,Arapaima,Paiche,
ARQ,Aphareus rutilans,Rusty jobfish,Pargo bermellón,Vivaneau rouillé
ARR,Aspidoparia morar,,,
ARS,Aristaeomorpha foliacea,Giant red shrimp,Gamba española,Gambon rouge
ART,Artedidraco spp,,,
ARU,Argentina silus,Greater argentine,,Grande argentine
ARV,Aristeus varidens,Striped red shrimp,Gamba listada,Gambon rayé
ARW,Austrolethops wardi,Small-eyed goby,,
ARX,Archolaemus blax,,,
ARY,Argentina sphyraena,Argentine,Pez plata,Petite argentine
ARZ,Apistogramma agassizii,,,
ASA,Arripis trutta,Australian salmon,Salmón de Australia,Saumon australien
ASB,Serrivomer beani,Bean's sawtooth eel,,
ASD,Alosa alosa,Allis shad,Sábalo común,Alose vraie(=Grande alose)
ASE,Apristurus stenseni,Panama ghost catshark,Pejegato panameño,Holbiche nébuleuse
ASF,Stemonidium hypomelas,Black serrivomerid eel,,
ASG,Arius sagor,Sagor catfish,,
ASH,Artemesia longinaris,Argentine stiletto shrimp,Camarón estilete argentino,Crevette stylet d'Argentine
ASI,Apristurus sinensis,South China catshark,Pejegato chino,Holbiche chuhu
ASJ,Aspidoparia jaya,,,
ASK,Squatinidae,"Angelsharks, sand devils nei","Angelotes, peces ángel nep",Anges de mer nca
ASL,Neophoca cinerea,Australian sea lion,Lobo marino de Australia,Lion de mer d'Australie
ASM,Scomberomorus munroi,Australian spotted mackerel,Carite australiano,Thazard australien
ASN,Ascophyllum nodosum,North Atlantic rockweed,,
ASO,Apristurus spongiceps,Spongehead catshark,Pejegato esponjoso,Holbiche tête molle
ASP,Caspialosa spp,Caspian shads,Sábalos del Mar Caspio,Aloses de la mer Caspienne
ASQ,Simenchelys parasiticus,Snubnosed eel,,
ASR,Asparagopsis spp,Harpoon seaweeds,Algas espárrago,Algues harpon
AST,Astronotus spp,Velvety cichlids,Acarahuazu,
ASU,Aspius aspius,Asp,Aspio,Aspe
ASV,Asymbolus vincenti,Gulf catshark,Pejegato de Tasmania,Chien tasmanien
ASW,Apristurus verweyi,Borneo catshark,Pejegato de Borneo,Holbiche malaise
ASX,Apsilus dentatus,Black snapper,Pargo mulato,Vivaneau noir
ASY,Asymbolus analis,Australian spotted catshark,Pejegato de lunares,Chien tacheté
ASZ,Assurger anzac,Razorback scabbardfish,Sable aserrado,Poisson-sabre rasoir
ATA,Acapoeta tanganicae,,,
ATB,Atherina boyeri,Big-scale sand smelt,Pejerrey mediterráneo,Joël
ATC,Catostomus catostomus,Longnose sucker,,
ATD,Anodontiglanis dahli,,,
ATE,Catostomus tahoensis,Tahoe sucker,,
ATF,Astrodoras asterifrons,,,
ATG,Arctogadus glacialis,Artic cod,,
ATI,Ateleopus indicus,,,
ATJ,Chasmistes cujus,Cui-ui,,
ATK,Pleurogrammus azonus,Okhotsk atka mackerel,Lorcha de Okhotsk,Terpuga arabesque de Okhotsk
ATL,Acheilognathus limbatus,Oily bitterling,,
ATM,Atelomycterus macleayi,Australian marbled catshark,Pejegato jaspeado,Chien marbré
ATN,Acheilognathus melanogaster,,,
ATO,Catostomus commersoni,White sucker,,
ATP,Atherina presbyter,Sand smelt,,
ATQ,Atherina breviceps,Cape silverside,,
ATR,Acheilognathus rhombeus,,,
ATS,Catostomus latipinnis,Flannelmouth sucker,,
ATT,Acheilognathus tabira,,,
ATU,Catostomus macrocheilus,Largescale sucker,,
ATV,Arctogadus borisovi,East Siberian cod,,
ATW,Atopocottus tribranchius,,,
ATX,Actiniaria,Sea anemones,Anémonas de mar,Actinies
ATY,Atelomycterus marmoratus,Coral catshark,Pintarroja coralera,Chien corail
ATZ,Allodontichthys tamazulae,Tuxpan splitfin,,
AUA,Arius leptaspis,Salmon catfish,,
AUB,Auchenoglanis biscutatus,,,
AUC,Arius caelatus,Engraved catfish,,
AUD,Arius dussumieri,Blacktip sea catfish,,
AUE,Aspiolucius esocinus,Pike asp,,
AUF,Arius felis,Hardhead sea catfish,,
AUG,Arius gigas,Giant sea catfish,Bagre gigante,Mâchoiron géant
AUH,Aulopyge huegelii,Dalmatian barbelgudgeon,,
AUI,Arius arius,Threadfin sea catfish,,
AUJ,Arius jella,Blackfin sea catfish,,
AUK,Aulohalaelurus kanakorum,Kanakorum catshark,,
AUL,Aulohalaelurus labiosus,Australian Blackspot catshark,Pejegato estrellado,Chien à taches noires
AUM,Aphyocharacidium melandetum,,,
AUN,Arius nasutus,Giant seacatfish,,
AUO,Auchenoglanis occidentalis,Bubu,,
AUP,Austropotamobius pallipes,White-clawed crayfish,Cangrejo a pinzas blancas,Écrevisse à pattes blanches
AUQ,Arius manillensis,,,
AUR,Arius latiscutatus,Rough-head sea catfish,,
AUS,Austroglanis sclateri,,,
AUT,Arius bilineatus,Bronze catfish,,
AUU,Abudefduf luridus,Canary damsel,,
AUV,Arius venosus,Veined catfish,,
AUW,Arius sona,Sona sea catfish,,
AUX,Arius thalassinus,Giant catfish,Bagre titán,Mâchoiron titan
AUY,Arius platystomus,Flatmouth sea catfish,,
AUZ,Agmus scabriceps,Bark catfish,,
AVA,Cetengraulis edentulus,Atlantic anchoveta,Anchoveta rabo amarillo,Anchois queue jaune
AVB,Archosargus rhomboidalis,Western Atlantic seabream,Sargo amarillo,Rondeau brème
AVC,Astropecten irregularis,,,
AVD,Aristeus virilis,Stout red shrimp,Gambon colorado,Gambon gaillard
AVE,Adventor elongatus,,,
AVF,Afromastacembelus flavidus,,,
AVG,Anseropoda placenta,,,
AVH,Aluterus heudelotii,Dotterel filefish,Lija jaspeada,
AVI,Acesta maui,Giant file shell,,
AVJ,Arachnopusia inchoata,,,
AVK,Austrodecus simulans,,,
AVL,Algansea lacustris,Pátzcuaro chub,Acúmara,
AVM,Ammodytes americanus,American sand lance,,Lançon d'Amérique
AVN,Aptocyclus ventricosus,Smooth lumpsucker,,
AVO,Anoplagonus inermis,Smooth alligatorfish,,
AVP,Andriashevia aptera,,,
AVQ,Acanthurus sohal,Sohal surgeonfish,,
AVR,Aprion virescens,Green jobfish,Pargo verde,Vivaneau job
AVS,Alepocephalus australis,Small scaled brown slickhead,,
AVT,Anotopterus vorax,Southern ocean daggertooth,,
AVU,Agonopsis vulsa,Northern spearnose poacher,,
AVV,Astrotoma agassizii,,,
AVX,Atherina spp,Sand smelts nei,Pejerreyes mediterráneos nep,
AVY,Aprion spp,,,
AVZ,Asteronyx loveni,,,
AWA,Awaous aeneofuscus,,,
AWB,Gymnothorax bacalladoi,Canary moray,Murión,Murène canarienne
AWC,Astrothorax waitei,Waite’s snake-star,,
AWD,Andrias davidianus,Chinese giant salamander,,
AWE,Atractoscion aequidens,Geelbek croaker,Corvinata prieta,Téraglin
AWF,Acestrorhynchus microlepis,Pike characin,,
AWG,Gymnothorax afer,Dark moray,Morena oscura,Murène obscure
AWH,Acanthoplesiops hiatti,,,
AWI,Aluterus schoepfii,Orange filefish,Lija naranja,Bourse orange
AWK,Serrivomer spp,Sawtooth eels nei,,
AWM,Enchelycore anatina,Fangtooth moray,Morena isleña,Murène des îles
AWN,Artedidraco loennbergi,,,
AWO,Artedidraco orianae,,,
AWP,Aspistor parkeri,Gillbacker sea catfish,Bagre amarillo,Mâchoiron jaune
AWR,Amphiarius rugispinis,Softhead sea catfish,Bagre tumbeló,Mâchoiron petite-gueule
AWS,Artedidraco shackletoni,,,
AWT,Chalcalburnus tarichi,Tarek,,
AWX,Arius spp,,,
AWY,Arius phrygiatus,Kukwari sea catfish,Bagre mucuro,Mâchoiron kukwari
AWZ,Anodus elongatus,,,
AXA,Axoclinus carminalis,Carmine triplefin,,
AXB,Cancelloxus burrelli,Slender platanna-klipfish,,
AXC,Xenodermichthys copei,Bluntsnout smooth-head,,
AXD,Aplocheilus panchax,Blue panchax,,
AXE,Ammocryptocharax elegans,,,
AXF,Astyanax fasciatus,Banded astyanax,Colirroja,
AXG,Carcinoplax longimanus,Long-armed crab,,
AXH,Adioryx hastatus,Red squirrelfish,,
AXI,Axelrodia riesei,,,
AXJ,Ascidia challengeri,,,
AXK,Austropallene brachyura,,,
AXL,Acanthosphex leurynnis,,,
AXM,Asymbolus spp,,,
AXN,Paralabrax nebulifer,Barred sand bass,,
AXO,Axiopsis baronai,Baron mud lobster,Langosta peluda del baron,Langouste poilue du baron
AXP,Arius proops,Crucifix sea catfish,Bagre piedrero,Mâchoiron crucifix
AXQ,Acanthurus spp,,,
AXR,Aristeus spp,Aristeus shrimps nei,Camarones Aristeus nep,Crevettes Aristeus nca
AXS,Asterropteryx ensiferus,Miller's damsel,,
AXT,Stylasteridae,Hydrocorals,Corales de encaje,Hydrocoralliaires
AXU,Aplidiopsis discoveryi,,,
AXY,Aphyocharax erythrurus,Flametail tetra,,
AXZ,Gymnothorax spp,,,
AYA,Euastacus armatus,Australian crayfish,Cangrejo de río de Australia,Écrevisse d'Australie
AYB,Asterophysus batrachus,,,
AYC,Chologaster cornuta,Swampfish,,
AYD,Bathyprion danae,Fangtooth smooth-head,,
AYE,Apterygocampus epinnulatus,,,
AYF,Aphareus furca,Small toothed jobfish,Pargo boquidulce,Vivaneau tidents
AYG,Anyperodon leucogrammicus,Slender grouper,Mero elegante,Mérou élégant
AYH,Aphyocypris chinensis,Chinese bleak,,
AYI,Daysciaena albida,Bengal corvina,,
AYJ,Amblypomacentrus breviceps,Black-banded demoiselle,,
AYK,Trachemys scripta,Common slider,,
AYL,Auchenipterichthys longimanus,,,
AYM,Bathytroctes microlepis,Smallscale smooth-head,,
AYN,Bathylaco nielseni,,,
AYP,Ammocrypta clara,Western sand darter,,
AYQ,Ameghinomya antiqua,King's littleneck,,
AYR,Acyrtus artius,Papillate clingfish,,
AYS,"Astacidae, Cambaridae",Euro-American crayfishes nei,Cangrejos de río nep,Écrevisses euro-américain. nca
AYT,Allomycterus pilatus,Deep-water burrfish,,
AYU,Ammocrypta pellucida,Eastern sand darter,,
AYV,Aphyonus brevidorsalis,,,
AYW,Malaclemys terrapin,Diamondback terrapins,,
AYX,Acanthicus hystrix,,,
AYY,Acyrtops beryllinus,Emerald clingfish,,
AYZ,Austrolycus depressiceps,,,
AZA,Anduzedoras arleoi,,,
AZC,Acanthogorgia armata,,,
AZD,Antarcturus oryx,,,
AZE,Azurina eupalama,Galapagos damsel,,
AZG,Argobuccinum argus,,Caracol palo palo,
AZH,Anaecypris hispanica,,Jarabugo,
AZJ,Arcturides cornutus,,,
AZL,Acodontaster elongatus,,,
AZN,Anthoathecatae,"Hydroids, hydromedusae",,
AZO,Aciculites pulchra,Maroon pimpled ear sponge,,
AZP,Azygopus pinnifasciatus,Banded-fin flounder,,
AZQ,Callyspongia ramosa,Airy finger sponge,,
AZR,Acestrorhynchidae,,,
AZS,Aspistor quadriscutis,Bressou sea catfish,Bagre bresú,Mâchoiron bressou
AZT,Artedidraco mirus,,,
AZX,Aphareus spp,,,
BAA,Bathylagus antarcticus,,,
BAB,Sphyraena genie,Blackfin barracuda,,
BAC,Sphyraena jello,Pickhandle barracuda,Picuda serpentina,Bécune jello
BAD,Austrobatrachus dussumieri,Flat toadfish,,
BAE,Balaenopteridae,Balaenoptid whales nei,Rorcuales nep,
BAF,Ablennes hians,Flat needlefish,Agujón sable,Orphie plate
BAG,Sphyraena afra,Guinean barracuda,Espetón de Guinea,Bécune guinéenne
BAH,Paralichthys olivaceus,Bastard halibut,Falso halibut del Japón,Cardeau hirame
BAI,Batoidimorpha(Hypotremata),Batoid fishes nei,Peces batoideos nep,Batoïdes nca
BAJ,Lateolabrax japonicus,Japanese seabass,Serránido japonés,Bar du Japon
BAK,Barbuligobius boehlkei,,,
BAL,Hemiramphus brasiliensis,Ballyhoo halfbeak,Agujeta brasileña,Demi-bec brésilien
BAM,Bathyraja maccaini,McCain's skate,Raya de McCain,Raie de McCain
BAN,Sphyraena putnamae,,,
BAO,Platax teira,Longfin batfish,,
BAP,Paralabrax humeralis,Peruvian rock seabass,Cabrilla loca,Serran cabrilla
BAQ,Sphyraena flavicauda,Yellowtail barracuda,,
BAR,Sphyraena spp,Barracudas nei,Picudas nep,Bécunes nca
BAS,Serranus spp,Combers nei,Serranos nep,Serrans nca
BAT,Platax spp,Batfishes,Dalapuganos,Poules d'eau
BAU,Sarda australis,Australian bonito,Bonito austral,Bonite bagnard
BAV,Bractechlamys vexillum,Distant scallop,,Pétoncle étendard
BAW,Berardius arnuxii,Arnoux's beaked whale,Ballenato de Arnoux,Béradien d'Arnoux
BAX,Paralichthys spp,Bastard halibuts nei,Falsos halibuts nep,Cardeaux nca
BAY,Amphichthys cryptocentrus,Bocon toadfish,Sapo bocón,Crapaud goulu
BAZ,Sphyraenidae,"Barracudas, etc. nei","Barracudas, picudas, nep","Bécunes, barracudas, nca"
BBA,Barbonymus altus,Red tailed tinfoil,,
BBB,Barbus bynni,,,
BBC,Barboides gracilis,,,
BBD,Batrachomoeus occidentalis,Western frogfish,,
BBE,Bathylagus euryops,Goiter blacksmelt,,
BBF,Barbourisia rufa,Velvet whalefish,,
BBG,Bathylagus gracilis,,,
BBH,Alosa aestivalis,Blueback shad,Sábalo del Canadá,Alose d'été du Canada
BBI,Barbus altidorsalis,,,
BBJ,Barbus capensis,Clanwilliam yellowfish,,
BBK,Barbus callensis,Algerian barb,,
BBL,Batrachoides liberiensis,Hairy toadfish,,
BBM,Scomberomorus semifasciatus,Broad-barred king mackerel,Carite tigre,Thazard tigré
BBN,Barbus aeneus,Smallmouth yellowfish,,
BBO,Bathylagus ochotensis,Eared blacksmelt,,
BBP,Bathylagus pacificus,Slender blacksmelt,,
BBQ,Barbus canis,,,
BBR,Barbodes balleroides,,,
BBS,Scorpaena porcus,Black scorpionfish,Rascacio,Rascasse brune
BBT,Barbodes platysoma,,,
BBU,Barbus altianalis,Ripon barbel,,
BBV,Barbopsis devecchii,Somalian blind barb,,
BBW,Mesoplodon densirostris,Blainville's beaked whale,Zifio de Blainville,Baleine à bec de Blainville
BBX,Bifax lacinia,Two-faced toadfish,,
BBY,Batrichthys albofasciatus,White-ribbed toadfish,,
BBZ,Barbus cyclolepis,,,
BCA,Chandramara chandramara,,,
BCB,Odontesthes bonariensis,Argentinian silverside,Pejerrey de Argentina,Athérine d'Argentine
BCC,Bryconaethiops boulengeri,,,
BCE,Brycinus leuciscus,,,
BCF,Bothrocarina microcephala,,,
BCG,Chrysichthys grandis,Kukumai,,
BCH,Chatrabus damaranus,Pony toadfish,,
BCI,Chrysichthys cranchii,Kokuni,,
BCJ,Chrysichthys ornatus,Ornate bagrid,,
BCK,Baileychromis centropomoides,,,
BCL,Saxidomus giganteus,Butter clam,Almeja amarilla,Coque jaune
BCM,Brycon moorei,Dorada,,
BCN,Chrysichthys longipinnis,Aluminum catfish,,
BCO,Brycinus longipinnis,Longfin tetra,,
BCP,Buccinum humphreysianum,Humphrey's buccinum,Caracolillo de Humphrey,Buccin d'Humphrey
BCQ,Bactronophorus thoracites,Edible shipworm,,Taret comestible
BCR,Chrysichthys brachynema,Kibonde,,
BCS,Chrysichthys mabusi,,,
BCT,Chrysichthys maurus,,,
BCU,Brycinus luteus,,,
BCV,Bathymicrops brevianalis,,,
BCW,Ziphius cavirostris,Cuvier's beaked whale,Zifio de Cuvier,Ziphius
BCX,Clypeaster rotundus,Circular sea bisquit,Galleta de mar redonda,Galette de mer circulaire
BCY,Chrysichthys auratus,,,
BCZ,Bostrichthys zonatus,Barred gudgeon,,
BDA,Brachydanio acuticephala,,,
BDB,Badis badis,Badis,,
BDC,Bidenichthys capensis,Freetail brotula,,
BDD,Daector dowi,Dow's toadfish,,
BDE,Bodianus eclancheri,Harlequin wrasse,,
BDF,Benthodesmus macrophthalmus,Bigeye frostfish,Cintilla ojigrande,Poisson-sabre gros yeux
BDG,Boridia grossidens,Borriqueta porgy,,
BDH,Bathydraco macrolepis,,,
BDI,Bodianus diplotaenia,Mexican hogfish,,
BDJ,Bathydraco marri,Deep-water dragon,,
BDK,Balistoides conspicillum,Clown triggerfish,,
BDL,Benthodesmus elongatus,Elongate frostfish,Cintilla elongada,Poisson-sabre long
BDM,Pogonias cromis,Black drum,Corvinón negro,Grand tambour
BDN,Bathydraco antarcticus,,,
BDO,Blennodon dorsale,Giant triplefin,,
BDP,Brosmodorsalis persicinus,Pink brotula,,
BDQ,Bodianus axillaris,Axilspot hogfish,,Labre à tache pectorale
BDR,Bodianus rufus,Spanish hogfish,,
BDS,Betta splendens,Siamese fighting fish,,
BDT,Bodianus perditio,Golden-spot hogfish,,Labre de la perdition
BDU,Bathypterois dubius,Spiderfish,,
BDV,Bohadschia vitiensis,Brown sandfish,,Holothurie brune
BDW,Mesoplodon bowdoini,Andrews' beaked whale,Zifio de Andrews,Baleine à bec de Bowdoin
BDX,Bohadschia similis,Brownspotted sandfish,,
BDY,Bodianus spp,,,
BDZ,Balistoides viridescens,Titan triggerfish,,Baliste olivâtre
BEA,Bathyraja eatonii,Eaton's skate,Raya de Eaton,Raie d'Eaton
BEB,Bagre bagre,Coco sea catfish,,
BEC,Bagre pinnimaculatus,Red sea catfish,,
BED,Bertella idiomorpha,,,
BEE,Benthalbella elongata,,,
BEF,Belonepterygion fasciolatum,,,
BEG,Pterygotrigla polyommata,Latchet(=Sharpbeak gurnard),Cabete picudo,Grondin pointu
BEH,Benthodesmus spp,Frostfishes,,
BEI,Bagre panamensis,Chilhuil sea catfish,,
BEJ,Boulengerochromis microlepis,Giant cichlid,,
BEK,Blennioclinus brachycephalus,Lace klipfish,,
BEL,Delphinapterus leucas,White whale,Beluga,Bélouga
BEM,Bagre marinus,Gafftopsail sea catfish,,
BEN,Belonidae,"Needlefishes, etc. nei","Agujones, maraos nep","Aiguilles, orphies nca"
BEO,Blepsias bilobus,Crested sculpin,,
BEP,Sarda chiliensis,Eastern Pacific bonito,Bonito del Pacífico oriental,Bonite du Pacifique oriental
BEQ,Barnea candida,White piddock,Barnea blanca,Pholade blanche
BER,Brachypterois serrulata,,,
BES,Belone spp,,,
BET,Thunnus obesus,Bigeye tuna,Patudo,Thon obèse(=Patudo)
BEU,Belonophago hutsebouti,,,
BEV,Bathypectinura heros,Deepsea brittle star,,
BEW,Berardius bairdii,Baird's beaked whale,Zifio de Baird,Baleine à bec de Baird
BEX,Buccinum spp,,,
BEY,Bellapiscis lesleyae,Mottled twister,,
BEZ,Bero zanclus,,,
BFA,Brachynectes fasciatus,Southern barred triplefin,,
BFB,Benthophiloides brauneri,,,
BFC,Brephostoma carpenteri,,,
BFD,Bathydraco scotiae,,,
BFE,Brachyistius frenatus,Kelp perch,,
BFF,Brachidontes purpuratus,,,
BFG,Blennophis anguillaris,Snaky klipfish,,
BFH,Brachidontes rodriguezii,,,
BFI,Boleophthalmus birdsongi,,,
BFJ,Brachyrhaphis cascajalensis,,,
BFM,Bathycallionymus formosanus,,,
BFN,Barbulifer antennatus,Barbulifer,,
BFR,Benthophilus baeri,,,
BFS,Barbonymus schwanenfeldii,Tinfoil barb,,
BFT,Thunnus thynnus,Atlantic bluefin tuna,Atún rojo del Atlántico,Thon rouge de l'Atlantique
BFU,Paragorgia arborea,Bubble gum coral,,
BFV,Paragorgia johnsoni,,,
BFW,Balaenoptera bonaerensis,Antarctic minke whale,Rorcual antártico,Petit rorqual antarctique
BFX,Bathysphyraenops simplex,,,
BFY,Bacillariophyceae,,,
BGA,Aorichthys aor,,,
BGB,Belonoglanis brieni,,,
BGC,Gephyroglanis congicus,,,
BGD,Gnathobagrus depressus,,,
BGE,Bagrus meridionalis,,,
BGF,Brachyglanis frenata,,,
BGG,Bagarius bagarius,Goonch,,
BGH,Bagrichthys hypselopterus,Blacklancer catfish,,
BGI,Bothragonus swanii,Rockhead,,
BGJ,Bagrus bajad,Bayad,,
BGK,Bagrus docmak,Semutundu,,
BGL,Bagroides melapterus,,,
BGM,Bagrichthys macropterus,False black lancer,,
BGN,Bathygadus melanobranchus,Vaillant's grenadier,,
BGO,Bathygadus macrops,Bullseye grenadier,,
BGP,Bergiaria platana,,,
BGQ,Bentheogennema borealis,Northern blunt-tail shrimp,,
BGR,Pomadasys incisus,Bastard grunt,Ronco mestizo,Grondeur métis
BGS,Bathyagonus alascanus,Gray starsnout,,
BGU,Bathygobius fuscus,Dusky frillgoby,,
BGV,Albula glossodonta,Roundjaw bonefish,Macabí boca redonda,Banane lèvre ronde
BGW,Mesoplodon europaeus,Gervais' beaked whale,Zifio de Gervais,Baleine à bec de Gervais
BGX,Pomadasys spp,,,
BGY,Bedotia geayi,,,
BGZ,Pomadasys rogerii,Pigsnout grunt,Ronco trompudo,Grondeur nez de cochon
BHA,Hemiramphus balao,Balao halfbeak,Agujeta balaju,Demi-bec balaou
BHB,Hemibagrus baramensis,,,
BHC,Bahaba chaptis,Chaptis bahaba,,
BHD,Halobatrachus didactylus,Lusitanian toadfish,Sapo lusitánico,Crapaud-lusitanien
BHE,Rheoglanis dendrophorus,,,
BHF,Bathysaurus ferox,Deep-sea lizardfish,,
BHG,Benthosema glaciale,Glacier lantern fish,Linterna oscura,Lanterne glaciaire
BHH,Brachionichthys hirsutus,,,
BHI,Brachyhypopomus beebei,,,
BHJ,Bahaba taipingensis,Chinese bahaba,,
BHK,Brochis britskii,,,
BHL,Basilichthys australis,,,
BHM,Halophryne diemensis,Banded frogfish,,
BHN,Batrachocephalus mino,Beardless sea catfish,,
BHO,Horabagrus brachysoma,,,
BHP,Basilichthys microlepidotus,,,
BHQ,Benthosema pterotum,Skinnycheek lanternfish,,
BHS,Bhavania australis,,,
BHT,Bhanotia fasciolata,,,
BHU,Platanista minor,Indus River dolphin,Platanista del Indus,Plataniste de l'Indus
BHV,Benthopecten pikei,Five-spined star,,
BHW,Mesoplodon hectori,Hector's beaked whale,Zifio de Hector,Baleine à bec d'Hector
BHX,Bathybates ferox,,,
BHY,Bathyraja spp,Bathyraja rays nei,Rayas Bathyraja nep,Raies Bathyraja nca
BHZ,Brisingidae,Armless stars,,
BIA,Cobitis aurata,Golden spined loach,,
BIB,Trisopterus luscus,Pouting(=Bib),Faneca,Tacaud commun
BIC,Hypophthalmichthys nobilis,Bighead carp,Carpa cabezona,Carpe à grosse tête
BID,Balistapus undulatus,Orange-lined triggerfish,,
BIE,Biotoecus opercularis,,,
BIF,Buenia affinis,De Buen's goby,,
BIG,Priacanthus spp,Bigeyes nei,Catalufas nep,Beauclaires nca
BIH,Bairdiella ronchus,Ground croaker,,
BII,Bythites islandicus,,,
BIJ,Barbatia lurida,Lurid ark,Arca lurida,Arche luride
BIK,Macrobrachium occidentale,Western river prawn,Cauque occidental,Bouquet occidental
BIL,Istiophoridae,"Marlins,sailfishes,etc. nei","Agujas,marlines,peces vela nep","Makaires,marlins,voiliers nca"
BIM,Cobitis maroccana,,,
BIN,Bilabria ornata,,,
BIO,Cobitis granoei,,,
BIP,Sarda orientalis,Striped bonito,Bonito mono,Bonite oriental
BIQ,Benthesicymus tanneri,Tanner's deep-water shrimp,Camarón profundo de Tanner,Crevette profonde de Tanner
BIR,Priacanthus macracanthus,Red bigeye,Catalufa del Pacífico,Beauclaire du Pacifique
BIS,Selar crumenophthalmus,Bigeye scad,Chicharro ojón,Sélar coulisou
BIT,Cobitis taenia,,,
BIU,Bihunichthys monopteroides,,,
BIV,Smilium zancleanum,Acorn barnacle,,
BIW,Cobitis biwae,,,
BIX,Balistes spp,,,
BIY,Balistes polylepis,Finescale triggerfish,,
BJA,Chaetobranchopsis australis,,,
BJB,Banjos banjos,,,
BJC,Bujurquina cordemadi,,,
BJD,Macrobrachium raridens,Volta river prawn,Camarón del Volta,Bouquet volta
BJE,Macrobrachium rude,Hairy river prawn,Camarón de cerda,Bouquet velu
BJF,Abraliopsis pfefferi,Pfeffer's enope squid,Enoploluria de Pfeffer,Encornet de Pfeffer
BJG,Macrobrachium sintangense,Sunda river prawn,Camarón krakatoa,Bouquet krakatoa
BJH,Macrobrachium vollenhovenii,African river prawn,Camarón africano,Bouquet africain
BJI,Lipotes vexillifer,Baiji,Platanista del Yangtze,Dauphin fluviatil de Chine
BJJ,Macrobrachium trompii,Forest river prawn,Camarón guardabosque,Bouquet forestier
BJK,Brachaluteres jacksonianus,Pigmy leatherjacket,,
BJL,Macrobrachium tenellum,Longarm river prawn,Camarón brazolargo,Bouquet brasolarge
BJM,Macrobrachium scabriculum,Goda river prawn,Camarón goda,Bouquet goda
BJN,Brachyamblyopus anotus,,,
BJO,Bathygobius soporator,Frillfin goby,,
BJP,Macrobrachium pilimanus,Muff prawn,Camarón manguito,Bouquet manchon
BJQ,Macrobrachium surinamicum,Suriname river prawn,Camarón del Suriname,Bouquet du Surinam
BJR,Bathyraja trachura,Roughtail skate,,
BJS,Bathyraja spinosissima,Spiny skate,,
BJT,Bathyraja trachouros,,,
BJU,Labrichthys unilineatus,Tubelip wrasse,,
BJV,Bathyraja violacea,Okhotsk skate,,
BJW,Mesoplodon stejnegeri,Stejneger's beaked whale,Zifio de Stejneger,Baleine à bec de Stejneger
BJX,Barbatia spp,,,
BJY,Macrobrachium villosimanus,Dimua river prawn,Camarón dimúa,Bouquet dimua
BJZ,Bathyraja tzinovskii,,,
BKA,Macrobrachium jaroense,Jaro river prawn,Camarón jaro,Bouquet jaro
BKB,Macrobrachium macrobrachion,Brackish river prawn,Camarón salobreño,Bouquet saumâtre
BKC,Mylopharyngodon piceus,Black carp,Carpa negra,Carpe noire
BKD,Macrobrachium mammilodactylus,Knobtooth prawn,Camarón granuloso,Bouquet meule
BKE,Macrobrachium lepidactyloides,Malayam scale prawn,Camarón escamoso malayo,Bouquet malais
BKF,Macrobrachium olfersii,Buchura river prawn,Camarón buchura,Bouquet buchura
BKG,Bleekeria gilli,Gill's sand lance,,
BKH,Macrobrachium ohione,Ohio river prawn,Camarón de Ohio,Bouquet ohio
BKI,Macrobrachium intermedium,Striped river prawn,Camarón rayado,Bouquet rayé
BKJ,Euthynnus lineatus,Black skipjack,Barrilete negro,Thonine noire
BKK,Macrobrachium jelskii,Agar river prawn,Camarón agareño,Bouquet agar
BKL,Macrobrachium lamarrei,Kuncho river prawn,Camarón kuncho,Bouquet kuncho
BKM,Bullockia maldonadoi,,,
BKN,Macrobrachium lanceifrons,Philippine river prawn,Camarón filipino,Bouquet philippin
BKO,Macrobrachium hancocki,Hancock's river prawn,Cauque del Hancock,Bouquet de Hancock
BKP,Bostockia porosa,Nightfish,,
BKQ,Macrobrachium patsa,Patsa river prawn,Camarón patsa,Bouquet patsa
BKR,Macrobrachium lar,Monkey river prawn,Camarón mono,Bouquet singe
BKS,Macrobrachium latimanus,Mountain river prawn,Camarón montés,Bouquet montagne
BKT,Macrobrachium latidactylus,Scissor river prawn,Camarón tijera,Bouquet ciseaux
BKU,Chascanopsetta crumenalis,,,
BKV,Macrobrachium javanicum,Java river prawn,Camarón javanés,Bouquet javanais
BKW,Brachionus plicatilis,,,
BKX,Brachionus rotundiformis,,,
BKY,Macrobrachium lepidactylus,Madagascar scale prawn,Camarón escamoso malgache,Bouquet malgache
BKZ,Brachionus calyciflorus,,,
BLA,Barilius barna,,,
BLB,Stromateus fiatola,Blue butterfish,Palometa fiatola,Fiatole
BLC,Anadara granosa,Blood cockle,Arca del Pacífico occidental,Arche granuleuse
BLD,Barilius bendelisis,,,
BLE,Blenniidae,Combtooth blennies,Babosas,Blennies(=Baveuses)
BLF,Thunnus atlanticus,Blackfin tuna,Atún aleta negra,Thon à nageoires noires
BLG,Bathyclupea argentea,,,
BLH,Leuroglossus schmidti,Northern smoothtounge,,
BLI,Molva dypterygia,Blue ling,Maruca azul,Lingue bleue
BLJ,Abralia veranyi,Verany's enope squid,Enoploluria de Verany,Encornet de Verany
BLK,Abralia andamanika,,,
BLL,Scophthalmus rhombus,Brill,Rémol,Barbue
BLM,Makaira indica,Black marlin,Aguja negra,Makaire noir
BLN,Bulbonaricus brauni,Pugheaded pipefish,,
BLO,Barilius bola,Trout barb,,
BLP,Eleginops maclovinus,Patagonian blennie,Róbalo patagónico,Guite de Patagonie
BLQ,Bollmannia boqueronensis,White-eye goby,,
BLR,Carcharhinus melanopterus,Blacktip reef shark,Tiburón de puntas negras,Requin pointes noires
BLS,Anadara spp,Anadara clams nei,Arcas Anadara nep,Arches Anadara nca
BLT,Auxis rochei,Bullet tuna,Melva(=Melvera),Bonitou
BLU,Pomatomus saltatrix,Bluefish,Anjova,Tassergal
BLV,Balistes vetula,Queen triggerfish,,
BLW,Balaenoptera musculus,Blue whale,Ballena azul,Rorqual bleu
BLX,Ballia callitricha,Ballia,Balia,Ballia
BLY,Bellator brachychir,Shortfin searobin,,
BMA,Bregmaceros atlanticus,Antenna codlet,,
BMB,Bryconamericus beta,,,
BMC,Mystus cavasius,Gangetic mystus,,
BMD,Hemibagrus wyckii,,,
BME,Bathypterois mediterraneus,Mediterranean spiderfish,,
BMF,Bathymaster caeruleofasciatus,Alaskan ronquil,,
BMG,Mystus gulio,Long whiskers catfish,,
BMH,Amarginops hildae,Hilda's grunter,,
BMI,Benthochromis tricoti,,,
BMJ,Bembras japonicus,,,
BMK,Bolbometopon muricatum,Green humphead parrotfish,Loro cototo verde,Perroquet bossu vert
BML,Monolene antillarum,Slim flounder,,
BMM,Mystus micracanthus,Twospot catfish,,
BMN,Buccochromis atritaeniatus,,,
BMO,Latridopsis ciliaris,Blue moki,,
BMP,Biotodoma cupido,Greenstreaked eartheater,,
BMQ,Bembrops anatirostris,Duckbill flathead,,
BMR,Bembradium roseum,,,
BMS,Blennodesmus scapularis,,,
BMT,Mystus tengara,,,
BMU,Bathyraja murrayi,Murray's skate,Raya de Murray,Raie de Murray
BMV,Mystus vittatus,Striped dwarf catfish,,
BMW,Chromobotia macracanthus,Clown loach,,
BMX,Bathyanthias mexicanus,Yellowtail bass,,
BMY,Balaena mysticetus,Bowhead whale,Ballena de cabeza arqueada,Baleine du Groenland
BMZ,Mystus nigriceps,,,
BNA,Bryconops affinis,Orangefin tetra,,
BNB,Balantiocheilos melanopterus,Tricolor sharkminnow,,
BNC,Brycon cephalus,,Sábalo cola roja,
BND,Brycon devillei,,,
BNE,Bangana behri,,,
BNF,Pterothrissus belloci,Longfin bonefish,Macabí badejo,Banane gisu
BNG,Beguina semiorbiculata,Halfround cardita,,Cardite hemicirculaire
BNI,Branchioica bertonii,,,
BNJ,Belobranchus belobranchus,Throat-spine gudgeon,,
BNK,Albunea lucasia,Spiny mole crab,Muy-muy espinoso,Mui-mui à épines
BNL,Brycon falcatus,,,
BNM,Brycon melanopterus,,,
BNN,Brycon nattereri,,,
BNO,Brycon orbignyanus,,,
BNP,Brycon pesu,Mourning tetra,,
BNQ,Bathynectes piperitus,Peppermint swimcrab,Juibe menta,Étrille menthe poivrée
BNR,Brycon reinhardti,,,
BNS,Benthosema suborbitale,Smallfin lanternfish,,
BNT,Benthalbella spp,Pearleyes nei,,
BNU,Brycon lundii,,,
BNV,Brycon guatemalensis,Machaca,Machaca,
BNW,Indopacetus pacificus,Longman's beaked whale,Zifio de Longman,Baleine à bec de Longman
BNX,Bolinichthys distofax,,,
BNY,Brycon erythropterum,,,
BNZ,Benthalbella macropinna,,,
BOA,Ethmalosa fimbriata,Bonga shad,Sábalo africano,Ethmalose d'Afrique
BOB,Xiphopenaeus kroyeri,Atlantic seabob,Camarón siete barbas,Crevette seabob atlantique
BOC,Capros aper,Boarfish,Ochavo,Sanglier
BOD,Botia dario,Bengal loach,,
BOE,Allocyttus niger,Black oreo,,
BOF,Albula vulpes,Bonefish,Macabí,Banane de mer
BOG,Boops boops,Bogue,Boga,Bogue
BOH,Botia hymenophysa,Tiger loach,,
BOI,Boraras brigittae,,,
BOJ,Boopsoidea inornata,Fransmadam,,
BOK,Boehlkea fredcochui,Cochu's blue tetra,,
BOL,Bothrocara alalongum,,,
BOM,Boesemania microlepis,Boeseman croaker,,
BON,Sarda sarda,Atlantic bonito,Bonito del Atlántico,Bonite à dos rayé
BOO,Brycon atrocaudatus,,,
BOP,Orcynopsis unicolor,Plain bonito,Tasarte,Palomette
BOQ,Bolinus cornutus,Horned murex,Cañailla cornuda,Rocher cornu
BOR,Caproidae,Boarfishes nei,Ochavos nep,Sangliers nca
BOS,"Xiphopenaeus,Trachypenaeus spp",Pacific seabobs,Camaroncillos,Crevettes seabob du Pacifique
BOT,Inia geoffrensis,Boto,Bufeo,Inia
BOU,Opsanus beta,Gulf toadfish,,
BOV,Boulengerella cuvieri,,,
BOW,Hyperoodon ampullatus,Northern bottlenose whale,Ballena nariz de botella norte,Hyperoodon boréal
BOX,Aphanopus spp,,,
BOY,Bolinus brandaris,Purple dye murex,Cañailla,Murex-droite épine
BPA,Brachypetersius altus,,,
BPB,Pterycombus brama,Atlantic fanfish,,
BPC,Bunocephalus coracoideus,Guitarrita,,
BPD,Platyglanis depierrei,,,
BPE,Perulibatrachus elminensis,Guinean toadfish,,
BPF,Brachyplatystoma filamentosum,Kumakuma,,
BPG,Bathypterois longipes,Abyssal spiderfish,,
BPH,Belonoperca chabanaudi,Arrowhead soapfish,,
BPI,Spicara maena,Blotched picarel,Chucla,Mendole
BPJ,Brachyplatystoma juruense,Zebra catfish,,
BPK,Parabothus coarctatus,,,
BPL,Ursus maritimus,Polar bear,Oso polar,Ours blanc
BPM,Bunocephalus amaurus,Camouflaged catfish,,
BPN,Bunocephalus knerii,Ecuador banjo catfish,,
BPO,Bonapartia pedaliota,,,
BPP,Porichthys porosissimus,,,
BPQ,Brama japonica,Pacific pomfret,,Castagnole du Pacifique
BPR,Bagropsis reinhardti,,,
BPS,Grammonus diagrammus,Purple brotula,,
BPT,Brachyplatystoma vaillanti,Laulao catfish,Valentón,Bagre vaillant
BPU,Pseudobagrus aurantiacus,,,
BPV,Brachyplatystoma flavicans,Gilded catfish,,
BPW,Mesoplodon peruvianus,Pigmy beaked whale,Ballena picuda,Baleine à bec pygmée
BPX,Lambis spp,,,
BPY,Pterycombus petersii,Prickly fanfish,,
BPZ,Branta bernicla,Brent goose,Barnacla carinegra,Bernache cravant
BQA,Lambis lambis,Common spider conch,,Ptérocère commun
BQB,Barbatia barbata,Hairy ark,Arca barbada,Arche barbue
BQC,Barbicambarus cornutus,Bottlebrush crayfish,,
BQD,Barnea dilatata,Dilate piddock,,Pholade dilatée
BQE,Terebra areolata,Fly spotted auger,,Térèbre mouchetée
BQF,Barbatia foliata,Decussate ark,,Arche croisée
BQG,Breitensteinia insignis,,,
BQH,Lambis chiragra,Chiragra spider conch,,Ptérocère rugueux
BQI,Lambis millepeda,Milleped spider conch,,Ptérocère millepattes
BQJ,Lambis scorpius,Scorpio spider conch,,Ptérocère scorpion
BQK,Terebra maculata,Marlinspike,,Térèbre épissoire
BQL,Birgus latro,Coconut crab,,
BQM,Barnea manilensis,Manila piddock,,Pholade de Manille
BQN,Lambis truncata,Giant spider conch,,Ptérocère géant
BQO,Buccinulum corneum,Striated buccinum,Caracolillo mediterráneo,Buccin veine
BQP,Brachioteuthis picta,Ornate arm squid,Braquiluria moteada,Encornet bras courts orné
BQQ,Terebra subulata,Subulate auger,,Térèbre subulée
BQR,Brachioteuthis riisei,Common arm squid,Braquiluria común,Encornet bras courts commun
BQS,Barnea subtruncata,Pacific mud piddock,Ala de ángel fanguero,Aile d'ange des vases
BQT,Barnea truncata,Truncate barnea,Barnea troncada,Pholade tronquée
BQU,Barbatia fusca,Almond ark,,Arche bicolore
BQV,Branta canadensis,Canada goose,Barnacla canadiense,Bernache du Canada
BQW,Lambis crocata,Orange spider conch,,Ptérocère orange
BQX,Stromateus spp,Butterfishes nei,Pámpanos Stromateus nep,Stromatés nca
BQY,Bathydraconidae,Dragonfishes nei,Dragones nep,Dragons nca
BQZ,Branta leucopsis,Barnacle goose,Barnacla cariblanca,Bernache nonnette
BRA,Brama spp,,,
BRB,Spondyliosoma cantharus,Black seabream,Chopa,Dorade grise
BRC,Brachioteuthis spp,Arm squids nei,Braquilurias nep,Encornets bras courts nca
BRD,Brotula barbata,Bearded brotula,Brótula de barbas,Brotule barbée
BRF,Helicolenus dactylopterus,Blackbelly rosefish,Gallineta,Sébaste chèvre
BRG,Conodon nobilis,Barred grunt,Ronco canario,Cagna rayée
BRH,Barilius shacra,,,
BRI,Gonostomatidae,Bristlemouths,Moritos,Brossés
BRJ,Barilius tileo,,,
BRK,Riekertia ellisi,Broadbodied toadfish,,
BRL,Barilius barila,,,
BRM,Borostomias mononema,,,
BRN,Barbichthys nitidus,,,
BRO,Carcharhinus brachyurus,Copper shark,Tiburón cobrizo,Requin cuivre
BRP,Phocoena spinipinnis,Burmeister's porpoise,Marsopa espinosa,Marsouin de Burmeister
BRR,Barilius bakeri,,,
BRS,Scomberomorus brasiliensis,Serra Spanish mackerel,Serra,Thazard serra
BRT,Borostomias antarcticus,Snaggletooth,,
BRU,Brama australis,Southern rays bream,Reineta,
BRV,Barilius vagra,,,
BRW,Balaenoptera edeni,Bryde's whale,Rorcual tropical,Rorqual de Bryde
BRX,Berycidae,"Alfonsinos, etc. nei","Alfonsinos, etc. nep","Béryx, etc. nca"
BRY,Brotulina erythrea,,,
BRZ,Bramidae,"Pomfrets, ocean breams nei",Japutas nep,Castagnoles nca
BSA,Morone spp,Atlantic seabasses,,
BSB,Centropristis striata,Black seabass,Serrano estriado,Fanfre noir
BSC,Pagrus caeruleostictus,Bluespotted seabream,Hurta(=Zapata),Pagre à points bleus
BSD,Spaniblennius riodourensis,,,
BSE,Dicentrarchus spp,Seabasses nei,Lubinas nep,Bars nca
BSF,Aphanopus carbo,Black scabbardfish,Sable negro,Sabre noir
BSG,Bathysauropsis gigas,,,
BSH,Prionace glauca,Blue shark,Tiburón azul,Peau bleue
BSI,Barbus perince,,,
BSJ,Barbus plebejus,,,
BSK,Cetorhinus maximus,Basking shark,Peregrino,Pèlerin
BSL,Luciobarbus sclateri,Andalusian barbel,Barbo andaluz,
BSM,Barbus mattozi,Papermouth,,
BSN,Barbus unitaeniatus,Slender barb,,
BSO,Barbus tropidolepis,,,
BSP,Seriolella spp,Warehou nei,Cojinobas nep,Sériolelles nca
BSQ,Palibythus magnificus,Musical furry lobster,,
BSR,Sardinella brasiliensis,Brazilian sardinella,Sardinela del Brasil,Sardinelle de Brésil
BSS,Dicentrarchus labrax,European seabass,Lubina,Bar européen
BST,Barbus trimaculatus,Threespot barb,,
BSU,Sanopus astrifer,,,
BSV,Psettina brevirictis,,,
BSW,Tasmacetus shepherdi,Sherpherd's beaked whale,Ballena picuda de Shepherd,Tasmacète
BSX,Serranidae,"Groupers, seabasses nei","Meros, chernas, nep",Serranidés nca
BSY,Parambassis altipinnis,High-finned glass perchlet,,
BSZ,Acanthistius brasilianus,Argentine seabass,Mero sureño,Serran argentin
BTA,Balitora annamitica,,,
BTB,Barbatula barbatula,Stone loach,,
BTC,Thalassothia cirrhosa,,,
BTD,Barbucca diabolica,,,
BTE,Bathyaethiops breuseghemi,,,
BTF,Halieutaea maorias,Batfish,,
BTG,Peprilus spp,"Gulf butterfishes, etc. nei","Pámpanos del Golfo, etc. nep","Stromatés du Golfe, etc. nca"
BTH,Alopias superciliosus,Bigeye thresher,Zorro ojón,Renard à gros yeux
BTJ,Batrachocottus baicalensis,Bighead sculpin,,
BTK,Bothus mancus,,,
BTL,Barathronus maculatus,,,
BTM,Thalassophryne maculosa,Cano toadfish,,
BTN,Bathophilus nigerrimus,,,
BTO,Acanthocobitis botia,Mottled loach,,
BTP,Bellottia apoda,,,
BTQ,Benthoctopus januari,January octopus,Pulpo filamentoso,Poulpe filamenteux
BTR,Bathybagrus tetranema,,,
BTS,Tylosurus crocodilus,Hound needlefish,Marao lisero,Aiguille crocodile
BTT,Batasio batasio,,,
BTU,Bathophilus digitatus,,,
BTV,Bathophilus vaillanti,,,
BTW,Mesoplodon mirus,True's beaked whale,Zifio de True,Baleine à bec de True
BTX,Bathychaunax coloratus,,,
BTY,Bathylagus spp,Blacksmelts,,
BTZ,Bathylutichthys taranetzi,,,
BUA,Chloroscombrus chrysurus,Atlantic bumper,Casabe,Sapater
BUB,Ictiobus cyprinellus,Bigmouth buffalo,,Poisson-taureau
BUC,Harpadon nehereus,Bombay-duck,Bumalo,Scopelidé
BUD,Barbus meridionalis,Mediterranean barbel,,
BUE,Barbus eurystomus,,,
BUF,Ictiobus spp,Buffalofishes nei,,Poissons-taureaux nca
BUG,Luciobarbus graellsii,,,
BUH,Barbus haasi,,,
BUI,Barbus macrotaenia,Broadband barb,,
BUJ,Barbus johnstonii,,,
BUK,Gasterochisma melampus,Butterfly kingfish,Atún chauchera,Thon papillon
BUL,Barbus lineomaculatus,Line-spotted barb,,
BUM,Makaira nigricans,Blue marlin,Aguja azul,Makaire bleu
BUN,Barbus longiceps,,,
BUO,Barbus holotaenia,Spotscale barb,,
BUP,Psenopsis anomala,Pacific rudderfish,Pámpano del Pacífico,Stromaté du Japon
BUQ,Barbus marequensis,Largescale yellowfish,,
BUR,Pomadasys jubelini,Sompat grunt,Ronco sompat,Grondeur sompat
BUS,Chaetodontidae,Butterflyfishes,Pescados mariposa,Papillons
BUT,Peprilus triacanthus,Atlantic butterfish,Palometa pintada,Stromaté fossette
BUU,Barbus paludinosus,Straightfin barb,,
BUV,Benthoctopus tegginmathae,,,
BUW,Mesoplodon carlhubbsi,Hubbs' beaked whale,Zifio de Hubbs,Baleine à bec de Hubbs
BUX,Stromateidae,"Butterfishes, pomfrets nei","Pámpanos, palometónes nep","Stromatés, ailerons nca"
BUY,Barbus neumayeri,,,
BUZ,Chloroscombrus spp,Bumpers nei,Casabes nep,Sapaters nca
BVA,Breviraja atripinna,,,
BVB,Bivibranchia bimaculata,,,
BVC,Breviraja caerulea,Blue ray,,
BVD,Brycon dentex,,Dama,
BVE,Bovichtus elongatus,,,
BVG,Cottoperca gobio,Channel bull blenny,Torito de los canales,Toreau de Patagonie
BVH,Brachiopoda,"Brachiopods, lamp shells",,
BVK,Pogonophryne barsukovi,,,
BVL,Batissa violacea,Violet batissa,,Cyrène violette
BVN,Ariopsis bonillai,New Granada sea catfish,Bagre cazón,Mâchoiron requin
BVO,Breviraja colesi,,,
BVP,Balistes punctatus,Bluespotted triggerfish,Pejepuerco moteado,Baliste à taches bleues
BVS,Breviraja spinosa,,,
BVU,Breviraja cubensis,,,
BVV,Sphyraena viridensis,Yellowmouth barracuda,Espetón boca amarilla,Bécune bouche jaune
BVX,Bolocera spp,,,
BVY,Bathylagidae,Deep-sea smelts nei,,
BVZ,Gavia adamsii,White-billed diver,Colimbo de Adams,Plongeon à bec blanc
BWA,Hyperoglyphe antarctica,Bluenose warehou,Rufo antártico,Rouffe antarctique
BWB,Stromateus stellatus,Starry butterfish,Palometa cagavino,Stromaté étoilé
BWC,Gavia arctica,Black-throated diver,Colimbo artico,Plongeon arctique
BWD,Lagenorhynchus albirostris,White-beaked dolphin,Delfín de hocico blanco,Dauphin à bec blanc
BWE,Gavia immer,Great northern diver,Colimbo grande,Plongeon imbrin
BWF,Gavia stellata,Red-throated diver,Colimbo chico,Plongeon catmarin
BWH,Priacanthus hamrur,Moontail bullseye,Catalufa espejuelo,Beauclaire miroir
BWI,Bigener brownii,Spiny-tailed leatherjacket,,
BWJ,Bathybiaster loripes,,,
BWM,Bothus maculiferus,Mottled flounder,,
BWV,Paragorgiidae,,,
BWW,Mesoplodon bidens,Sowerby's beaked whale,Zifio de Sowerby,Baleine à bec de Sowerby
BWX,Botia spp,,,
BWY,Bathylasmatidae,,,
BWZ,Biwia zezera,,,
BXA,Brisaster antarcticus,,,
BXB,Belonesox belizanus,Top minnow,,
BXC,Abatus cordatus,,,
BXD,Beryx decadactylus,Alfonsino,Alfonsino palometón,Béryx commun
BXF,Ostraciidae,Boxfishes nei,Toritos nep,Coffres nca
BXH,Brycon spp,,,
BXK,Beliops xanthokrossos,,,
BXM,Mystus spp,,,
BXX,Anthomastus spp,,,
BXY,Bryx analicarens,Pink pipefish,,
BYA,Bathyraja aleutica,Aleutian skate,,
BYB,Bidyanus bidyanus,Silver perch,,
BYC,Bathyraja caeluronigricans,,,
BYD,Bathyraja diplotaenia,,,
BYE,Bathyraja meridionalis,Dark-belly skate,,
BYF,Bathyraja parmifera,Alaska skate,,
BYG,Bathyraja griseocauda,,,
BYH,Bathyraja hesperafricana,,,
BYI,Bathyraja interrupta,Sandpaper skate,,
BYJ,Bathyraja rosispinis,Flathead skate,,
BYK,Bathyraja simoterus,,,
BYL,Bathyraja lindbergi,Commander skate,,
BYM,Bathyraja matsubarai,,,
BYN,Bathyraja minispinosa,,,
BYO,Bathyraja notoroensis,,,
BYP,Bathyraja pallida,Pale ray,,
BYQ,Bathyraja richardsoni,Richardson's ray,,
BYR,Bathyraja irrasa,Kerguelen sandpaper skate,Raya rugosa,Raie rugueuse
BYS,Beryx splendens,Splendid alfonsino,Alfonsino besugo,Béryx long
BYT,Bathyraja isotrachys,,,
BYU,Bathyraja shuntovi,Longnose deep-sea skate,,
BYV,Bathyraja andriashevi,,,
BYW,Mesoplodon grayi,Gray's beaked whale,Zifio de Gray,Baleine à bec de Gray
BYX,Bathyraja smirnovi,,,
BYY,Bathyraja abyssicola,Deep-sea skate,,
BYZ,Bathyraja smithii,,,
BZB,Bathyraja brachyurops,Broadnose skate,Raya de los canales,
BZD,Bodianus speciosus,Blackbar hogfish,Vieja lomonegro,Porceau dos noir
BZJ,Bryozoichthys marjorius,Pearly prickleback,,
BZM,Bathyraja macloviana,Patagonian skate,Raya espinosa,
BZN,Bryozoa,Bryozoans,,
BZS,Bathyraja scaphiops,Cuphead skate,,
BZW,Coluzea mariae,,,
BZX,Sarda spp,Bonitos nei,Bonitos nep,Bonites nca
CAA,Anarhichas lupus,Atlantic wolffish,Perro del Norte,Loup atlantique
CAB,Anarhichas denticulatus,Northern wolffish,Lobo,Loup gélatineux
CAC,Chaca chaca,Squarehead catfish,,
CAD,Cancridae,"Jonah crabs, rock crabs nei",Jaibas de roca nep,Tourteaux nca
CAE,Plotosus spp,Eeltail catfishes,Patunas,Balibots
CAF,Ictalurus spp,Catfishes nei,Bagres nep,Barbottes nca
CAG,Kryptopterus spp,Glass catfishes,,
CAH,Callorhinchidae,"Elephantfishes, etc. nei","Pejegallos, etc. nep","Mascas, etc. nca"
CAI,Caiman crocodilus,Spectacled caiman,Caimán de anteojos,Caïman à lunettes
CAJ,Caulophryne jordani,,,
CAK,Chaca bankanensis,Angler catfish,,
CAL,Callinectes spp,Callinectes swimcrabs nei,Jaibas Callinectes nep,Crabes Callinectes nca
CAM,Catharacta maccormicki,South polar skua,Págalo polar,Labbe de MacCormick
CAN,Bagrus spp,Naked catfishes,,
CAO,Arius maculatus,Spotted catfish,Bagre moteado,Mâchoiron tacheté
CAP,Mallotus villosus,Capelin,Capelán,Capelan
CAQ,Catharacta lonnbergi,Brown skua,,
CAR,Chondrichthyes,Cartilaginous fishes nei,Peces cartilaginosos nep,Poissons cartilagineux nca
CAS,Anarhichas minor,Spotted wolffish,Perro pintado,Loup tacheté
CAT,Anarhichas spp,Wolffishes(=Catfishes) nei,Perritos del Norte nep,Loups nca
CAU,Caulerpa spp,Caulerpa seaweeds,Algas caulerpa,Algues caulerpes
CAV,Caecomastacembelus aviceps,,,
CAW,Calloplesiops altivelis,Comet,,
CAX,Ariidae,Sea catfishes nei,Bagres marinos nep,Mâchoirons nca
CAY,Careproctus bathycoetus,,,
CAZ,Clinocottus acuticeps,Sharpnose sculpin,,
CBA,Rachycentron canadum,Cobia,Cobia,Mafou
CBB,Coleotropis blackburni,Beach silverside,,
CBC,Cepola macrophthalma,Red bandfish,Cepola,Cépole commune
CBD,Calamus bajonado,Jolthead porgy,,
CBE,Blachea xenobranchialis,,,
CBF,Cymbacephalus beauforti,Crocodile fish,,
CBG,Cubiceps gracilis,Driftfish,,
CBH,Bassanago hirsutus,,,
CBI,Clibanarius panamensis,Mangrove hermit crab,Ermitaño diablico,Bernard-l'Ermite diable
CBJ,Choeroichthys brachysoma,Short-bodied pipefish,,
CBK,Chirocentrodon bleekerianus,Dogtooth herring,Arenquillo dentón,Poisson-papier dentu
CBM,Sciaena umbra,Brown meagre,Corvallo,Corb commun
CBN,Centrobranchus andreae,,,
CBO,Ceratias holboelli,Kroyer's deep-sea angler fish,,
CBP,Channallabes apus,Eel catfish,,
CBQ,Chromogobius quadrivittatus,Chestnut goby,,
CBR,Serranus cabrilla,Comber,Cabrilla,Serran-chèvre
CBS,Bathymyrus smithi,Maputo conger,,
CBT,Clarias batrachus,Philippine catfish,,
CBU,Ctenobrycon spilurus,Silver tetra,,
CBV,Bathyuroconger vicinus,,,
CBW,Bathycongrus wallacei,Longnose conger,,
CBY,Cynolebias bellottii,Argentine pearlfish,,
CBZ,Crossorhombus azureus,Blue flounder,,
CCA,Carcharhinus altimus,Bignose shark,Tiburón baboso,Requin babosse
CCB,Carcharhinus brevipinna,Spinner shark,Tiburón aleta negra,Requin tisserand
CCC,Carcharhinus cautus,Nervous shark,Tiburón nervioso,Requin nerveux
CCD,Carcharhinus dussumieri,Whitecheek shark,Tiburón cariblanco,Requin à joues blanches
CCE,Carcharhinus leucas,Bull shark,Tiburón sarda,Requin bouledogue
CCF,Carcharhinus amboinensis,Pigeye shark,Tiburón baleta,Requin balestrine
CCG,Carcharhinus galapagensis,Galapagos shark,Tiburón de Galápagos,Requin des Galapagos
CCI,Carcharhinus sealei,Blackspot shark,Tiburón alinegro,Requin à tache noir
CCJ,Carcharhinus leiodon,,,
CCK,Carcharhinus hemiodon,Pondicherry shark,Tiburón de Pondicherry,Requin baliai
CCL,Carcharhinus limbatus,Blacktip shark,Tiburón macuira,Requin bordé
CCM,Carcharhinus macloti,Hardnose shark,Tiburón trompudo,Requin à nez rude
CCN,Carcharhinus acronotus,Blacknose shark,Tiburón amarillo,Requin nez noir
CCO,Carcharhinus isodon,Finetooth shark,Tiburón dentiliso,Requin à petits dents
CCP,Carcharhinus plumbeus,Sandbar shark,Tiburón trozo,Requin gris
CCQ,Carcharhinus sorrah,Spot-tail shark,Tiburón rabo manchado,Requin à queue tachetée
CCR,Carcharhinus porosus,Smalltail shark,Tiburón poroso,Requin tiqueue
CCS,Carcharhinus signatus,Night shark,Tiburón de noche,Requin de nuit
CCT,Carcharias taurus,Sand tiger shark,Toro bacota,Requin taureau
CCU,Carcharhinus tilstoni,Australian blacktip shark,,
CCV,Carcharhinus perezi,Caribbean reef shark,Tiburón coralino,Requin de récif
CCW,Carcharhinus wheeleri,Blacktail reef shark,Tiburón coralero rabinegro,Requin à queue noire
CCX,Carcharhinus borneensis,Borneo shark,Tiburón de Borneo,Requin tigre houareau
CCY,Carcharhinus amblyrhynchoides,Graceful shark,Tiburón grácil,Requin gracile
CCZ,Carcharhinus fitzroyensis,Creek whaler,Tiburón ballenero,Requin baleinier
CDA,Dorosoma petenense,Threadfin shad,,
CDB,Chlidichthys bibulus,Nosey dottyback,,
CDC,Denticeps clupeoides,,,
CDD,Nemadactylus douglasii,Porae,,
CDE,Corallium sp. nov.,Midway deep-sea coral,Coral de profundidad de Midway,Corail de profondeur de Midway
CDF,Characidium fasciatum,Darter characin,,
CDG,Citharidium ansorgii,,,
CDH,Cochliodon hondae,,,
CDI,Calonectris diomedea,Cory's shearwater,Pardela cenicienta,Puffin cendré
CDJ,Clidoderma asperrimum,,,
CDK,Laeviscutella dekimpei,Roundbelly pellonuline,,
CDL,Epigonus spp,Cardinal fishes nei,Peces cardenal nep,Poissons-cardinaux nca
CDM,Dayella malabarica,Day's round herring,,
CDN,Chauliodus sloani,Sloane's viperfish,,
CDO,Carpiodes carpio,River carpsucker,,
CDP,Crocodylus porosus,Estuarine crocodile,Cocodrilo estuarino,Crocodile d'estuaires
CDQ,Calocarides quinqueseriatus,Keeled mud lobster,Langosta de lodo carinada,Langouste de vase carénée
CDR,Coryphaenoides delsolari,Trident grenadier,,
CDS,Crocodylus siamensis,Siamese crocodile,Cocodrilo del Siam,Crocodile siamois
CDT,Cherax destructor,Yabby crayfish,,
CDU,Cheirodon pisciculus,,,
CDV,Coradion altivelis,Highfin coralfish,,
CDW,Chaudhuria caudata,Burmese spineless eel,,
CDX,Sciaenidae,"Croakers, drums nei",Esciénidos nep,Sciaenidés nca
CDY,Diploconger polystigmatus,,,
CDZ,Gadus spp,Northern cods nei,Bacalaos del Norte nep,Morues du Nord nca
CEA,Centrophorus acus,Needle dogfish,Quelvacho agujon,Squale-chagrin aiguille
CEB,Cottinella boulengeri,Short-headed sculpin,,
CEC,Elops lacerta,West African ladyfish,Malacho de Africa occidental,Guinée d'Afrique occidentale
CED,Chendol keelini,,,
CEE,Centrophorus tessellatus,Mosaic gulper shark,Quelvacho mosaico,Squale-chagrin mosaïque
CEF,Ehirava fluviatilis,Malabar sprat,Sardina de Malabar,Sprat de Malabar
CEG,Elops senegalensis,Senegalese ladyfish,Malacho senegalés,Guinée du Sénégal
CEH,Caelorinchus marinii,Marini's grenadier,,
CEI,Elops affinis,Pacific ladyfish,,
CEJ,Cociella crocodila,Crocodile flathead,,
CEK,Centrophorus niaukang,Taiwan gulper shark,Quelvacho chino,Squale-chagrin quelvacho
CEL,Corallium elatius,"Momo, boke magai, misu coral",Coral momo,Corail momo
CEM,Centrophorus moluccensis,Smallfin gulper shark,Quelvacho de aleta corta,Squale-chagrin cagaou
CEN,Centrolophidae,"Ruffs, barrelfishes nei","Rufos, romerillos nep",Centrolophes nca
CEO,Centrolophus niger,Rudderfish,Romerillo,Centrolophe noir
CEP,Cephalopoda,Cephalopods nei,Cefalópodos nep,Céphalopodes nca
CEQ,Ceratias tentaculatus,,,
CER,Scomberomorus regalis,Cero,Carite chinigua,Thazard franc
CES,Champsocephalus esox,Pike icefish,,
CET,Dicologlossa cuneata,Wedge sole,Acedía,Céteau
CEU,Centrophorus harrissoni,Dumb gulper shark,Quelvacho galludo,Squale-chagrin bilimélé
CEV,Elops machnata,Tenpounder,,
CEW,Elops hawaiensis,Hawaiian ladyfish,,
CEX,Genypterus spp,Cusk-eels nei,Congribadejos nep,Abadèches nca
CEY,Chalceus erythrurus,,,
CEZ,Centracanthidae,"Picarels, etc. nei","Picareles, etc. nep","Picarels, etc. nca"
CFA,Crossostomus fasciatus,,,
CFB,Centroscyllium fabricii,Black dogfish,Tollo negro merga,Aiguillat noir
CFC,Craterocephalus capreoli,Rendahl's hardyhead,,
CFD,Cochlefelis danielsi,Daniel's catfish,,
CFE,Calamus penna,Sheepshead porgy,,
CFF,Cephalopholis argus,Peacock hind,Cherna pavo real,Vieille la prude
CFG,Caristius groenlandicus,,,
CFH,Cephalopholis hemistiktos,Yellowfin hind,Cherna arábiga,Vieille d'Arabie
CFI,Cephalopholis miniata,Coral hind,Cherna estrellada,Vieille de corail
CFJ,Cephalopholis fulva,Coney,Cherna cabrilla,Coné ouatalibi
CFK,Comephorus baikalensis,Big Baikal oilfish,,
CFL,Cephalopholis cruentata,Graysby,Cherna enjambre,Coné essaim
CFM,Cephalopholis microprion,Freckled hind,Cherna pecosa,Vieille tache de rousseur
CFN,Calamus arctifrons,Grass porgy,,
CFO,Calamus proridens,Littlehead porgy,,
CFP,Centrophryne spinulosa,Horned lantern fish,,
CFQ,Cephalopholis nigri,Niger hind,Cherna del Niger,Mérou du Niger
CFR,Cypho purpurascens,Oblique-lined dottyback,,
CFS,Clarias fuscus,Hong Kong catfish,,
CFT,Calamus taurinus,Galapagos porgy,,
CFU,Careproctus furcellus,,,
CFV,Corythoichthys flavofasciatus,Network pipefish,,
CFW,Coryphaena equiselis,Pompano dolphinfish,,
CFX,Cephalopholis sexmaculata,Sixblotch hind,Cherna de seis manchas,Vieille six taches
CFY,Cephalopholis cyanostigma,Bluespotted hind,Cherna de pintas azules,Vieille étoiles bleues
CFZ,Cephalopholis aurantia,Golden hind,Cherna dorada,Vieille dorée
CGA,Glyphis gangeticus,Ganges shark,Tiburón del Ganges,Requin du Ganges
CGB,Creagrutus beni,Goldstripe characin,,
CGC,Congrogadus amplimaculatus,,,
CGD,Gonialosa modesta,Burmese river gizzard shad,,
CGE,Chaceon maritae,West African geryon,Gerión de Guinea,Géryon ouest-africain
CGF,Crangon affinis,Japanese sand shrimp,Quisquilla japonesa,Crevette japonaise
CGG,Glyphis glyphis,Speartooth shark,Tiburón lanza,Requin lancette
CGH,Gudusia chapra,Indian river shad,,
CGI,Gonialosa manmina,Ganges river gizzard shad,,
CGJ,Crocodilichthys gracilis,Lizard triplefin,,
CGK,Coraglanis kishinouyei,,,
CGL,Campichthys galei,Gale's pipefish,,
CGM,C.gariepinus x C.macrocephalus,"Catfish, hybrid","Pez-gato, híbrido","Poisson-chat, hybride"
CGN,Gnathophis nystromi,,,
CGO,Carassius auratus,Goldfish,Pez rojo,Poisson rouge(=Cyprin doré)
CGP,Congiopodus peruvianus,,,
CGQ,Cottiusculus gonez,,,
CGR,Gilchristella aestuarius,Gilchrist's round herring,,
CGS,Congothrissa gossei,Smoothbelly pellonuline,,
CGT,Copeina guttata,Redspotted tetra,,
CGU,Gorgasia maculata,Whitespotted garden eel,,
CGV,Congrosoma evermanni,Evermann's conger,,
CGW,Coreobagrus ichikawai,,,
CGX,Carangidae,Carangids nei,Carángidos nep,Carangidés nca
CGY,Chelidonichthys gabonensis,Gabon gurnard,,
CGZ,Conger spp,Conger eels nei,Congrios nep,Congres nca
CHA,Characidae,Characins nei,Carácidos nep,Characinidés nca
CHB,Callorhinchus milii,Ghost shark,,Masca laboureur
CHC,Choromytilus chorus,Choro mussel,Choro,Moule choro
CHD,Cephalorhynchus eutropia,Black dolphin,Delfín chileno,Dauphin noir du Chili
CHE,Oncorhynchus masou,Masu(=Cherry) salmon,Salmón japonés,Saumon du Japon
CHF,Cirrhigaleus barbifer,Mandarin dogfish,Tollo mandarín,Squale moustache
CHG,Anodontostoma chacunda,Chacunda gizzard shad,Sábalo chacunda,Alose chaconde
CHH,Cichlasoma urophthalmus,Mexican mojarra,Mojarra del México,
CHI,Oncorhynchus tshawytscha,Chinook(=Spring=King)salmon,Salmón real,Saumon royal
CHJ,Callorhinchus callorynchus,Plownose chimaera,Pejegallo,Masca
CHK,Cichlasoma maculicauda,Blackbelt cichlid,,
CHL,Cichlasoma managuense,Jaguar guapote,Guapote tigre,
CHM,Callorhinchus capensis,Cape elephantfish,Pejegallo del Cabo,Masca du Cap
CHO,Loligo reynaudi,Cape Hope squid,Calamar del Cabo,Calmar du Cap
CHP,Sardinops sagax,South American pilchard,Sardina sudamericana,Pilchard sudaméricain
CHQ,Thais chocolata,Chocolate rockshell,Caracol,Pourpre chocolat
CHR,Salvelinus spp,Chars nei,Salvelinos nep,Ombles nca
CHS,Heterocarpus reedi,Chilean nylon shrimp,Camarón nailon,Crevette nylon chilienne
CHU,Oncorhynchus keta,Chum(=Keta=Dog)salmon,Keta,Saumon chien
CHV,Hydrolagus purpurescens,Purple chimaera,,
CHW,Chionobathyscus dewitti,,,
CHX,Cichlasoma spp,Cichlasoma nei,Cichlasoma nep,Cichlasoma nca
CHY,Scomberomorus sinensis,Chinese seerfish,Carite indochino,Thazard nébuleux
CHZ,Cirrhigaleus asper,Roughskin spurdog,,
CIA,Coregonus autumnalis,Arctic cisco,,
CIB,Coregonus widegreni,Valaam whitefish,,
CIC,Coregonus chadary,Khadary-whitefish,,
CID,Caridina denticulata,Sawtooth caridina,Caridina sierra,Saltarelle scie
CIE,Coregonus fera,,,
CIF,Pseudorhombus cinnamoneus,Cinnamon flounder,Falso halibut canela,Cardeau cannelle
CIG,Coregonus wartmanni,,,
CIH,Coregonus hiemalis,,,
CII,Coregonus nilssoni,,,
CIJ,Coregonus peled,Peled,,
CIK,Coregonus kiyi,Kiyi,,
CIL,Citharus linguatula,Spotted flounder,Solleta,Feuille
CIM,Haplochromis spp,Mouthbrooding cichlids,,
CIN,Coregonus muksun,Muksun,,
CIO,Isogomphodon oxyrhynchus,Daggernose shark,Cazón picudo sudamericano,Requin bécune
CIP,Coregonus pollan,Irish pollan,,
CIQ,Coregonus nasus,Broad whitefish,,
CIR,Coregonus macrophthalmus,,,
CIS,Coregonus artedi,Lake cisco,Coregono de artedi,Cisco de lac
CIT,Citharidae,Citharids nei,Solletas nep,Feuilles nca
CIU,Coregonus tugun,Tugun,,
CIV,Citharinus spp,Citharinus nei,,
CIW,Coregonus sardinella,Sardine cisco,,
CIX,Cichlidae,Cichlids nei,Cíclidos nep,Cichlidés nca
CIY,Coregonus hoyi,Bloater,,
CIZ,Coregonus reighardi,Shortnose cisco,,
CJA,Cruriraja atlantis,Cuban legskate,,
CJB,Cyclopteropsis lindbergi,,,
CJC,Caesio caerulaurea,Blue and gold fusilier,Fusilero azur,Caesio azuror
CJD,Cruriraja durbanensis,Smoothnose legskate,,
CJE,Cirrhilabrus balteatus,Girdled wrasse,,
CJF,Parastacidae,Oceanian crayfishes nei,Cangrejos río de Oceanía nep,Écrevisses océaniennes nca
CJG,Citharinus gibbosus,,,
CJH,Chrionema chlorotaenia,,,
CJI,Cetichthys indagator,,,
CJJ,Cleisthenes pinetorum,Sôhachi,,
CJK,Cetomimus picklei,,,
CJL,Jenkinsia lamprotaenia,Dwarf round herring,Sardineta canalerita,Shadine pisquette
CJM,Trachurus murphyi,Chilean jack mackerel,Jurel chileno,Chinchard du Chili
CJN,Cookeolus japonicus,Longfinned bullseye,,
CJO,Careproctus jordani,,,
CJP,Cruriraja parcomaculata,Roughnose legskate,,
CJQ,Scirpus acutus,Tule bulrush,,
CJR,Cetostoma regani,Pink flabby whalefish,,
CJS,Jenkinsia stolifera,Florida round herring,,
CJT,Cruriraja triangularis,Triangular legskate,,
CJU,Caesio cuning,Redbelly yellowtail fusilier,Fusilero vientre colorado,Caesio à ventre rouge
CJV,Caesio varilineata,Variable-lined fusilier,Fusilero listado,Fusilier à bandes variées
CJW,Scirpus spp,Tule nei,Tule nep,Tule nca
CJX,Caesionidae,Fusiliers nei,Fusileros nep,Fusiliers nca
CJY,Cruriraja poeyi,,,
CJZ,Caesio lunaris,Lunar fusilier,Fusilero luna,Caesio à croissant
CKA,Micropogonias undulatus,Atlantic croaker,Corvinón brasileño,Tambour brésilien
CKC,Cetonurus crassiceps,Globosehead rattail,,
CKD,Caelorinchus productus,Unicorn grenadier,,
CKE,Coryphaenoides acrolepis,Pacific grenadier,,
CKF,Coryphaenoides carminifer,Carmine grenadier,,
CKG,Coryphaenoides marginatus,Amami grenadier,,
CKH,Coryphaenoides armatus,Abyssal grenadier,,
CKI,Strangomera bentincki,Araucanian herring,Sardina araucana,Hareng araucian
CKJ,Coryphaenoides cinereus,Popeye grenadier,,
CKK,Coryphaenoides ariommus,Humboldt grenadier,,
CKL,Pseudotolithus brachygnathus,Law croaker,Corvina reina,Otolithe gabo
CKM,Micropogonias furnieri,Whitemouth croaker,Corvinón rayado,Tambour rayé
CKN,Coryphaenoides anguliceps,Loosescale grenadier,,
CKO,Caelorinchus occa,Swordsnout grenadier,,
CKP,Cetonurus globiceps,,,
CKQ,Calamus brachysomus,Pacific porgy,,
CKR,Caelorinchus parallelus,Spiny grenadier,,
CKS,Caelorinchus scaphopsis,Shoulderspot grenadier,,
CKT,Caspialosa curensis,Kura shad,,
CKU,Caelorinchus multispinulosus,Spearnose grenadier,,
CKV,Caelorinchus oliverianus,Hawknose grenadier,,
CKW,Pseudotolithus spp,West African croakers nei,Corvinas africanas nep,Otolithes nca
CKX,Caelorinchus ventrilux,Firebelly grenadier,,
CKY,Umbrina canosai,Argentine croaker,Verrugato pargo,Ombrine d'Argentine
CKZ,Caulolatilus chrysops,Atlantic goldeneye tilefish,Blanquillo ojo amarillo,Tile oeil doré
CLA,Clupeonella cultriventris,Black and Caspian Sea sprat,Espadín del Mar Negro y Caspio,Clupeonelle
CLB,Spisula solidissima,Atlantic surf clam,Almeja blanca,Mactre solide
CLC,Latimeria chalumnae,Coelacanth,,
CLD,Loxodon macrorhinus,Sliteye shark,Tiburón ojuelo,Requin sagrin
CLE,Clupeonella engrauliformis,Anchovy sprat,,
CLF,Corbicula spp,Freshwater clams nei,Almejas de agua dulce nep,Clams d'eau douce nca
CLG,Clupeonella grimmi,Southern Caspian sprat,,
CLH,Mercenaria mercenaria,Northern quahog(=Hard clam),Chirla mercenaria,Praire
CLI,Ophiodon elongatus,Lingcod,Bacalao largo(=Lorcha),Morue-lingue
CLJ,Ruditapes philippinarum,Japanese carpet shell,Almeja japonesa,Palourde japonaise
CLK,Corica soborna,Ganges river sprat,,
CLL,Leptocharias smithii,Barbeled houndshark,Tiburón barbudo,Émissole barbue
CLM,Mesodesma donacium,Macha clam,Macha,Mesodème chilienne
CLN,Clarias anguillaris,Mudfish,,
CLO,Cichla ocellaris,Peacock cichlid,Sargento,
CLP,Clupeidae,"Herrings, sardines nei","Arenques, sardinas nep","Harengs, sardines nca"
CLQ,Arctica islandica,Ocean quahog,Almeja de Islandia,Cyprine d'Islande
CLR,Ensis directus,Atl.jackknife(=Atl.razor clam),Navaja del Atlántico,Couteau de l'Atlantique
CLS,Mya arenaria,Sand gaper,Almeja de can,Mye des sables
CLT,Spisula polynyma,Stimpson's surf clam,Coquina antártica,Douceron de Stimpson
CLU,Clupeoidei,Clupeoids nei,Clupeoideos nep,Clupéoidés nca
CLV,Veneridae,Venus clams nei,Almejas(=Veneridos) nep,Petites praires nca
CLW,Clarotes bidorsalis,,,
CLX,Bivalvia,"Clams, etc. nei","Almejas, etc. nep","Clams, etc. nca"
CLY,Coryphaenoides longifilis,Longfin grenadier,,
CLZ,Clarias gariepinus,North African catfish,Pez-gato,Poisson-chat nord-africain
CMA,Corbicula fluminea,Asian clam,Almeja de Asia,Clam d'Asie
CMB,Crocodylus rhombifer,Cuban crocodile,Cocodrilo de Cuba,Crocodile cubain
CMC,Clarias macrocephalus,Bighead catfish,,
CMD,Cephalorhynchus commersonii,Commerson's dolphin,Tonina overa,Dauphin de Commerson
CME,Crocodylus moreletii,Morelet's crocodile,,Crocodile de Morelet
CMF,Chlamys farreri,Farrer's scallop,,
CMG,Cirrhinus mrigala,Mrigal carp,,
CMH,Chimaera phantasma,Silver chimaera,,
CMI,Corynopoma riisei,Swordtail characin,,
CMJ,Corbicula japonica,Japanese corbicula,Corbicula japonesa,Cyrène japonaise
CMK,Chromis chromis,Damselfish,,
CML,Crossostoma lacustre,,,
CMM,Corbicula manilensis,Manila clam,Almeja de Manila,Clam de Manila
CMN,Chlamys nobilis,Noble scallop,Peine noble,Peigne sénateur
CMO,Chimaera monstrosa,Rabbit fish,Quimera,Chimère commune
CMQ,Caracanthus maculatus,Spotted coral croucher,,
CMR,Carcinus aestuarii,Mediterranean shore crab,Cangrejo verde mediterráneo,Crabe vert de la Méditerranée
CMS,Chimaera jordani,,,
CMT,Cynopotamus argenteus,,,
CMU,Chimaera cubana,,,
CMV,Calamus calamus,Saucereye porgy,,
CMW,Chimaera owstoni,,,
CMX,Centromochlus existimatus,,,
CMY,Cyema atrum,Bobtail eel,,
CMZ,Caristius macropus,Manefish,,
CNA,Channa argus,Snakehead,Cabeza de serpiente,Poisson tête de serpent
CNB,Ctenolucius beani,,,
CNC,Citharinus citharus,,,
CND,Citharinops distichodoides,,,
CNE,Nematalosa erebi,Australian river gizzard shad,,
CNF,Neoceratodus forsteri,Australian lungfish,,
CNG,Crocodylus novaeguineae,New Guinea crocodile,Cocodrilo de Nueva Guinea,Crocodile de Nouvelle-Guinée
CNH,Caenotropus labyrinthicus,,,
CNI,Cnidaria,Cnidarians nei,Cnidarios nep,Cnidaires nca
CNJ,Nematalosa japonica,Japanese gizzard shad,,
CNK,Coryphaenoides guentheri,Günther's grenadier,,
CNL,Crenuchus spilurus,Sailfin tetra,,
CNM,Cnidoglanis macrocephalus,Cobbler,,
CNN,Neoharriotta pinnata,Sicklefin chimaera,,
CNO,Cranoglanis bouderius,,,
CNP,Channa punctata,Spotted snakehead,Cabeza de serpiente moteada,Tête de serpent tachetée
CNQ,Cnesterodon carnegiei,,,
CNR,Nannothrissa parva,Lake Tumba dwarf sprat,,
CNS,Nematalosa nasus,Bloch's gizzard shad,Machuelo narigón,Chardin gros nez
CNT,Canthidermis maculata,Rough triggerfish,Calafate áspero,Baliste rude
CNU,Chirocentrus nudus,Whitefin wolf-herring,Arencón de aleta blanca,Chirocentre sabre
CNW,Cynodon gibbus,,,
CNX,Nasolamia velox,Whitenose shark,Cazón trompa blanca,Requin nez blanc
CNY,Neocyema erythrosoma,,,
CNZ,Crangon spp,Crangon shrimps nei,Camarones Crangón nep,Crevettes Crangon nca
COA,Conger oceanicus,American conger,Congrio americano,Congre d'Amérique
COB,Umbrina cirrosa,Shi drum,Verrugato fusco,Ombrine côtière
COC,Cerastoderma edule,Common edible cockle,Berberecho común,Coque commune
COD,Gadus morhua,Atlantic cod,Bacalao del Atlántico,Morue de l'Atlantique
COE,Conger conger,European conger,Congrio común,Congre d'Europe
COF,Chilodus fritillus,,,
COG,Corallium regale,Garnet coral,Coral granate,Corail grenat
COH,Oncorhynchus kisutch,Coho(=Silver)salmon,Salmón plateado,Saumon argenté
COI,Conger cinereus,Longfin African conger,,
COJ,Corallium japonicum,Aka coral,Coral aka,Corail aka
COK,Corallium konojoi,"Shiro, white coral",Coral blanco,Corail blanc
COL,Corallium rubrum,Sardinia coral,Coral Cerdeña,Corail Sardaigne
COM,Scomberomorus commerson,Narrow-barred Spanish mackerel,Carite estriado Indo-Pacífico,Thazard rayé indo-pacifique
CON,Strombus spp,Stromboid conchs nei,Cobos nep,Strombes nca
COO,Strombus gigas,Pink conch,Cobo rosado,Strombe rosé
COQ,Conger triporiceps,Manytooth conger,,
COR,Corallium spp,Precious corals nei,Corales preciosus nep,Coraux précieux nca
COS,Conger orbignyanus,Argentine conger,Congrio argentino,Congre argentin
COT,Coracinidae,Galjoens nei,Dambas nep,Galjoins nca
COU,Coris julis,Mediterranean rainbow wrasse,,
COV,Conger japonicus,,,
COW,Eleginus navaga,Navaga(=Wachna cod),Bacalao navaga,Morue arctique
COX,Congridae,"Conger eels, etc. nei","Congrios, etc. nep","Congres, etc. nca"
COY,Congriscus megastomus,,,
COZ,Cardiidae,Cockles nei,Berberechos(=Cárdidos) nep,Coques nca
CPA,Cephaloscyllium silasi,Indian swellshark,Pejegato de Silas,Holbiche indienne
CPB,Cephaloscyllium umbratile,Blotchy swell shark,,
CPC,Cephalurus cephalus,Lollipop catshark,Pejegato renacuajo,Holbiche têtard
CPD,Cetopsogiton occidentalis,,,
CPE,Ctenacis fehlmanni,Harlequin catshark,Tollo coludo arlequín,Requin chat arlequin
CPF,Cephaloscyllium fasciatum,Reticulated swellshark,Pejegato mallero,Holbiche bouffie
CPG,Gollum attenuatus,Slender smooth-hound,Tollo coludo elegante,Requin chat golloum
CPH,Cephaloscyllium sufflans,Balloon shark,Pejegato balón,Holbiche soufflue
CPI,Sardinops caeruleus,California pilchard,Sardina monterrey,Pilchard de Californie
CPJ,Coryphaenoides macrolophus,,,
CPK,Colpichthys hubbsi,Delta silverside,,
CPL,Centrophorus lusitanicus,Lowfin gulper shark,Quelvacho lusitánico,Squale-chagrin longue dorsale
CPM,Caperea marginata,Pygmy right whale,Ballena franca pigmea,Baleine pygmée
CPN,Cephaloscyllium nascione,Whitefinned swellshark,Pejegato bordeado,Holbiche isabelle
CPO,Pampus chinensis,Chinese silver pomfret,Palometón chino,Aileron chinois
CPP,Pachymetopon spp,Copper breams(=Hottentots) nei,Hotentotes nep,Hotentots nca
CPQ,Cetopsorhamdia boquillae,,,
CPR,Palaemon serratus,Common prawn,Camarón común,Bouquet commun
CPS,Cephaloscyllium isabellum,Draughtsboard shark,Pejegato ajedrezado,Holbiche damier
CPT,Cephaloscyllium laticeps,Australian swellshark,Pejegato australiano,Holbiche gressouillette
CPU,Centrophorus uyato,Little gulper shark,Galludito,Petit squale-chagrin
CPV,Cephaloscyllium ventriosum,Swellshark,Pejegato hinchado,Holbiche ventrue
CPW,Carapus acus,,,
CPX,Coryphaenoides mexicanus,Mexican grenadier,,
CPY,Proscyllium habereri,Graceful catshark,Tollo coludo grácil,Requin chat gracile
CPZ,Cosmocampus arctus,Snubnose pipefish,,
CQA,Caelorinchus acanthiger,Surgeon grenadier,,
CQB,Caelorinchus biclinozonalis,Two-barred whiptail,,
CQC,Caelorinchus aconcagua,Aconcagua grenadier,,
CQD,Caelorinchus denticulatus,Filesnout grenadier,,
CQE,Caelorinchus braueri,Shovelnose grenadier,,
CQF,Caelorinchus fasciatus,Banded whiptail,,
CQG,Caelorinchus argus,Eyespot grenadier,,
CQH,Caelorinchus canus,Clearsnout grenadier,,
CQI,Caelorinchus caribbaeus,Blackfin grenadier,,
CQJ,Caelorinchus japonicus,Japanese grenadier,,
CQK,Caelorinchus kamoharai,Kamohara grenadier,,
CQL,Caelorinchus caelorhincus,Hollowsnout grenadier,,
CQM,Caelorinchus formosanus,Formosa grenadier,,
CQN,Caelorinchus anatirostris,Duckbill grenadier,,
CQO,Caelorinchus chilensis,Chilean grenadier,Pejerrata,
CQP,Caelorinchus longicephalus,Longhead grenadier,,
CQQ,Caelorinchus karrerae,Karrer's whiptail,,
CQR,Caelorinchus argentatus,Silver whiptail,,
CQS,Caelorinchus aspercephalus,Rough-head whiptail,,
CQT,Caelorinchus innotabilis,Notable whiptail,,
CQU,Caelorinchus australis,Javelin,,
CQV,Caelorinchus labiatus,Spearsnouted grenadier,,
CQW,Caelorinchus macrochir,Longarm grenadier,,
CQX,Caelorinchus hexafasciatus,Six-band grenadier,,
CQY,Caelorinchus kishinouyei,Mugura grenadier,,
CQZ,Chitonotus pugetensis,Roughback sculpin,,
CRA,Brachyura,Marine crabs nei,Cangrejos de mar nep,Crabes de mer nca
CRB,Callinectes sapidus,Blue crab,Cangrejo azul,Crabe bleu
CRC,Callinectes toxotes,Giant swimcrab,Jaiba gigante,Crabe géant
CRD,Astacus leptodactylus,Danube crayfish,Cangrejo de patas punteadas,Écrevisse à pattes grêles
CRE,Cancer pagurus,Edible crab,Buey de mar,Tourteau
CRF,Carangoides ferdau,Blue trevally,,
CRG,Carcinus maenas,Green crab,Cangrejo verde,Crabe vert
CRH,Crocodylus johnstoni,Australian crocodile,Cocodrilo de Australia,Crocodile australien
CRI,Crocodylus niloticus,Nile crocodile,Cocodrilo del Nilo,Crocodile du Nil
CRJ,Cancer borealis,Jonah crab,Jaiba de roca jonás,Tourteau jona
CRK,Cancer irroratus,Atlantic rock crab,Jaiba de roca amarilla,Tourteau poïnclos
CRL,Atrobucca nibe,Blackmouth croaker,Corvina negra,Maigre noire
CRN,Crangonidae,Crangonid shrimps nei,Camarones crangónidos nep,Crevettes crangonidés nca
CRO,Crocodylidae,Crocodiles and alligators nei,Cocodrilos y aligatores nep,Crocodiles et alligators nca
CRP,Cherax quadricarinatus,Red claw crayfish,,
CRQ,Chionoecetes opilio,Queen crab,Cangrejo de las nieves,Crabe des neiges
CRR,Chaceon quinquedens,Red crab,Geriocangrejo rojo,Gériocrabe rouge
CRS,Portunus spp,Portunus swimcrabs nei,Jaibas Portunus nep,Étrilles Portunus nca
CRT,Cherax tenuimanus,Marron crayfish,,
CRU,Crustacea,Marine crustaceans nei,Crustáceos marinos nep,Crustacés marins nca
CRV,Pennahia argentata,Silver croaker,Corvina plateada,Maigre argenté
CRW,Palinurus spp,Palinurid spiny lobsters nei,Langostas Palinurus nep,Langoustes Palinurus nca
CRX,Micropogonias spp,Croakers nei,Corvinones nep,Tambours nca
CRY,Larimichthys polyactis,Yellow croaker,Verrugato de Manchuria,
CRZ,Callinectes danae,Dana swimcrab,Cangrejo sirí,Crabe lénée
CSA,Apristurus acanutus,,,
CSC,Saccostrea cuccullata,Hooded oyster,Ostión capuchón,Huître-capuchon
CSD,Piaractus brachypomus,Pirapatinga,Cachama blanca,
CSE,Corallium secundum,Angel skin coral,,Corail peau d'ange
CSF,Apristurus longicephalus,Longhead catshark,Pejegato cabezón,Holbiche à grande tête
CSG,Apristurus gibbosus,,,
CSH,Crangon crangon,Common shrimp,Quisquilla,Crevette grise
CSI,Crassostrea iredalei,Slipper cupped oyster,,Huître creuse chausson
CSJ,Apristurus japonicus,Japanese catshark,Pejegato japonés,Holbiche japonaise
CSK,Catharacta skua,Great skua,,
CSL,Zalophus californianus,California sea lion,Lobo marino de California,Lion de mer de Californie
CSM,Colossoma macropomum,Cachama,Cachama,
CSN,Apristurus brunneus,Brown catshark,Pejegato marrón,Holbiche brune
CSO,Piaractus mesopotamicus,Pacu,Paco,
CSP,Penaeus brevirostris,Crystal shrimp,Camarón cristal,Crevette cristal
CSQ,Apristurus canutus,Hoary catshark,Pejegato cano,Holbiche grise
CSR,Chrysichthys nigrodigitatus,Bagrid catfish,,
CSS,Scleractinia,"Hard corals, madrepores nei",Madréporas nep,Madrépores nca
CST,Chrysichthys spp,Black catfishes nei,,
CSU,Apristurus atlanticus,Atlantic ghost catshark,Pejegato atlántico,Holbiche atlantique
CSV,Apristurus riveri,Broadgill catshark,Pajegato agallón,Holbiche grandes oreilles
CSW,Apristurus herklotsi,Longfin catshark,Pejegato aletón,Holbiche à longues nageoires
CSX,Apristurus macrorhynchus,Flathead catshark,Pejegato chato,Holbiche torazame
CSY,Synodontis spp,Upsidedown catfishes,,
CSZ,Apristurus kampae,Longnose catshark,Pejegato trompudo,Holbiche tapir
CTA,Cheilodactylus bergi,Castaneta,Castañeta,Castanette pontude
CTB,Diplodus vulgaris,Common two-banded seabream,Sargo mojarra,Sar à tête noire
CTC,Sepia officinalis,Common cuttlefish,Sepia común,Seiche commune
CTD,Mustelus dorsalis,Sharptooth smooth-hound,Musola blanca,Émissole blanche
CTE,Mustelus griseus,Spotless smooth-hound,Musola gris,Émissole côtière
CTF,Mustelus fasciatus,Striped smooth-hound,Mustola listada,Émissole rayée
CTG,Ruditapes decussatus,Grooved carpet shell,Almeja fina,Palourde croisée d'Europe
CTH,Catharacta chilensis,Chilean skua,Págalo chileno,Labbe du Chili
CTI,Mustelus canis,Dusky smooth-hound,Boca dulce,Émissole douce
CTJ,Mustelus higmani,Smalleye smooth-hound,Musola amarilla,Émissole ti-yeux
CTK,Mustelus henlei,Brown smooth-hound,Musola parda,Émissole brune
CTL,"Sepiidae, Sepiolidae","Cuttlefish, bobtail squids nei","Sepias,choquitos,globitos nep","Seiches, sépioles nca"
CTM,Catostomidae,Suckers nei,Chupadores nep,Cyprins sucets nca
CTN,Mustelus californicus,Grey smooth-hound,Musola gris de California,Émissole grise
CTO,Clarias spp,Torpedo-shaped catfishes nei,,
CTP,Cetopsis chalmersi,,,
CTQ,Cryptopsaras couesii,Triplewart seadevil,,
CTR,Sepiola rondeleti,Dwarf bobtail squid,Sepiola enana,Sépiole naine
CTS,Venerupis pullastra,Pullet carpet shell,Almeja babosa,Palourde bleue
CTT,Catla catla,Catla,,
CTU,Mustelus antarcticus,Gummy shark,Musola austral,Émissole gommée
CTV,Chaetostoma sovichthys,,,
CTW,Cheroscorpaena tridactyla,,,
CTX,Chilatherina axelrodi,Axelrod's rainbowfish,,
CTY,Curimatopsis crypticus,,,
CTZ,Chelidonichthys lastoviza,Streaked gurnard,,
CUA,Alosa alabamae,Alabama shad,Sábalo de Alabama,Alose de l'Alabama
CUB,Genypterus maculatus,Black cusk-eel,Congribadejo negro,Abadèche noir
CUC,Genypterus chilensis,Red cusk-eel,Congribadejo colorado,Abadèche rouge
CUD,Chauliodus danae,Dana viperfish,,
CUE,Alosa kessleri,Caspian anadromous shad,,
CUF,Chlorophthalmus acutifrons,,,
CUG,Caecobarbus geertsii,Congo blind barb,,
CUH,Alosa sphaerocephala,Agrakhan shad,,
CUI,Alosa caspia,Caspian shad,Sábalo del Mar Caspio,Alose de la mer Caspienne
CUJ,Stichopus japonicus,Japanese sea cucumber,Cohombro de mar japonés,Bèche-de-mer japonaise
CUK,Alosa brashnikovi,Caspian marine shad,,
CUL,Uroconger lepturus,Slender conger,,
CUM,Cynothrissa mento,Nigerian fangtooth pellonuline,,
CUN,Tautogolabrus adspersus,Cunner,,Tanche-tautogue
CUO,Clupeoides borneensis,Borneo river sprat,,
CUP,Cubiceps spp,,,
CUQ,Centriscops humerosus,Banded yellowfish,,
CUR,Clupeichthys aesarnensis,Thai river sprat,,
CUS,Genypterus blacodes,Pink cusk-eel,Congribadejo rosado,Abadèche rosé
CUT,Trichiuridae,"Hairtails, scabbardfishes nei","Peces sable, cintos nep","Poissons-sabres, sabres nca"
CUU,Curimata cyprinoides,,,
CUV,Alosa saposhnikovi,Saposhnikovi shad,,
CUW,Centriscus cristatus,Smooth razorfish,,
CUX,Holothuroidea,Sea cucumbers nei,Cohombros de mar nep,Bèches-de-mer nca
CUY,Cynothrissa ansorgii,Ansorge fangtooth pellonuline,,
CUZ,Culaea inconstans,Brook stickleback,,
CVA,Cottus amblystomopsis,Sakhalin sculpin,,
CVB,Chionoecetes bairdi,Tanner crab,,
CVC,Caudiverbera caudiverbera,Chilean frog,,
CVD,Cidaridae,Pencil urchins,,
CVE,Sciades couma,Couma sea catfish,Bagre Cuma,Mâchoiron couma
CVF,Tautogolabrus brandaonis,,,
CVG,Careproctus georgianus,,,
CVH,Careproctus catherinae,,,
CVI,Cebidichthys violaceus,Monkeyface prickleback,,
CVJ,Caranx hippos,Crevalle jack,Jurel común,Carangue crevalle
CVK,Cephalopholis boenak,Chocolate hind,Cherna chocolate,Vielle chocolat
CVL,Sclerocrangon spp,Sculptured shrimps nei,Camarones esculpidos nep,Crevettes sculptées nca
CVM,Cocotropus masudai,,,
CVN,Chiasmodon niger,Black swallower,,
CVO,Clevelandia ios,Arrow goby,,
CVP,Cottunculus microps,Polar sculpin,,
CVQ,Sciades passany,Passany sea catfish,Bagre chato,Mâchoiron passany
CVR,Careproctus polarsterni,,,
CVS,Chauliodus schmidti,,,
CVT,Sepia hierredda,Giant African cuttlefish,Sepia gigante africana,Seiche géante africaine
CVU,Clupeichthys goniognathus,Sumatran river sprat,,
CVV,Larus ridibundus,Common black-headed gull,Gaviota reidora,Mouette rieuse
CVX,Carcharhiniformes,Ground sharks,,
CVY,Coryphaenoides spp,"Grenadiers, whiptails nei",,
CVZ,Cyprinodon alvarezi,Potosi pupfish,,
CWA,Clupeonella spp,Black-Caspian Sea sprats nei,Espadínos Mar Negro-Caspio nep,Clupeonelle nca
CWB,Centroberyx lineatus,Swallow-tail,,
CWC,Crenidens crenidens,Karanteen seabream,Salema del Mar Rojo,Saupe de mer Rouge
CWD,Crinoidea,Feather stars and sea lilies,Crinoideos,Crinoïdes
CWE,Cancer edwardsi,Mola rock crab,Jaiba marmola,Tourteau mola
CWH,Cantherhines sandwichiensis,Sandwich isle file,,
CWI,Cephalopholis igarashiensis,Garish hind,Cherna chillona,Vieille voyant
CWJ,Chionoecetes japonicus,Red snow crab,,
CWK,Cottocomephorus grewingkii,Baikal yellowfin,,
CWL,Careproctus pseudoprofundicola,,,
CWM,Chimaera spp,,,
CWN,Caristius spp,Manefishes nei,,
CWO,Centrophorus spp,Gulper sharks nei,Quelvachos nep,Squales-chagrins nca
CWQ,Careproctus ampliceps,,,
CWR,Cephalopholis spiloparaea,Strawberry hind,Cherna frutillera,Vieille fraise
CWS,Careproctus spp,,,
CWT,Cetomimidae,,,
CWU,Cephalopholis urodeta,Darkfin hind,Cherna alinegra,Vieille aile noire
CWV,Careproctus vladibeckeri,,,
CWX,Caelorinchus spp,,,
CWY,Chrysaora hysoscella,,,
CWZ,Carcharhinus spp,Carcharhinus sharks nei,Cazones Carcharhinus nep,Requins Carcharhinus nca
CXA,Carlastyanax aurocaudatus,,,
CXB,Xenomystax bidentatus,,,
CXC,Charax condei,,,
CXD,Cyphocharax abramoides,,,
CXE,Chaunax abei,,,
CXF,Centroberyx affinis,Redfish,,Béryx australien
CXG,Congocharax gossei,,,
CXH,Congopanchax brichardi,,,
CXI,Calamopteryx goslinei,Longarm brotula,,
CXJ,Cherax albidus,,,
CXK,Cynopanchax bukobanus,,,
CXL,Cataetyx alleni,,,
CXM,Careproctus melanurus,Blacktail snailfish,,
CXN,Chalixodytes chameleontoculis,Sand dart,,
CXO,Clupeocharax schoutedeni,,,
CXP,Cynoponticus coniceps,Red pike conger,Morenocio bío-bío,Morénesoce bio-bio
CXQ,Cirrhilabrus exquisitus,Exquisite wrasse,,
CXR,Caranx ruber,Bar jack,Cojinúa carbonera,Carangue comade
CXS,Caranx sexfasciatus,Bigeye trevally,Jurel voráz,Carangue vorace
CXT,Caranx bucculentus,Bluespotted trevally,,
CXU,Chirophryne xenolophus,,,
CXW,Careproctus inflexidens,,,
CXY,Cymbium spp,Volutes nei,Volutas nep,Volutes nca
CXZ,Centroberyx gerrardi,Bight redfish,,
CYA,Hydrolagus affinis,Smalleyed rabbitfish,,
CYB,Hydrolagus barbouri,,,
CYC,Cycloteuthidae,Disc-fin squids nei,Discolurias nep,Discoloutènes nca
CYD,Hydrolagus deani,Philippine chimaera,,
CYE,Cyclichthys spilostylus,Spotbase burrfish,,
CYF,Hydrolagus africanus,African chimaera,,
CYG,Centroscyllium granulatum,Granular dogfish,Tollo negro raspa,Aiguillat râpe
CYH,Hydrolagus mirabilis,Large-eyed rabbitfish,,
CYI,Hydrolagus eidolon,,,
CYJ,Hydrolagus ogilbyi,,,
CYK,Centroscyllium kamoharai,Bareskin dogfish,Tollo negro liso,Aiguillat lisse
CYL,Hydrolagus alberti,,,
CYM,Cymatoceps nasutus,Black musselcracker,Sargo narigón,Spare nasique
CYN,Centroscyllium nigrum,Combtooth dogfish,Tollo negro peine,Aiguillat peigne
CYO,Centroscymnus coelolepis,Portuguese dogfish,Pailona,Pailona commun
CYP,Centroscymnus crepidater,Longnose velvet dogfish,Sapata negra,Pailona à long nez
CYR,Centroscyllium ritteri,Whitefin dogfish,Tollo negro aliblanco,Aiguillat à nageoires blanches
CYS,Hydrolagus lemures,Blackfin ghostshark,,
CYT,Centroscyllium ornatum,Ornate dogfish,Tollo negro elegante,Aiguillat élégant
CYU,Centroscymnus plunketi,Plunket shark,Pailona austral,Pailona austral
CYV,Hydrolagus novaezealandiae,Dark ghost shark,,
CYW,Centroscymnus owstoni,Roughskin dogfish,Sapata lija,Pailona rapeux
CYX,Hydrolagus mitsukurii,,,
CYY,Centroscymnus cryptacanthus,Shortnose velvet dogfish,Pailona ñata,Pailona sans épine
CYZ,Hydrolagus pallidus,,,
CZA,Coralliozetus angelica,Angel blenny,,
CZC,Careproctus continentalis,,,
CZD,Cymbula nigra,,,
CZE,Calonectris edwardsii,Cape Verde shearwater,Pardela cenicienta de Edwards,Puffin du Cap-Vert
CZF,Coryphaenoides ferrieri,,,
CZG,Clarias nieuhofii,,,
CZH,Chorus giganteus,,,
CZI,Centroscymnus spp,,,
CZJ,Cervimunida johni,Blue squat lobster,Langostino amarillo,Galathée bleue
CZK,Cottus czerskii,Cherskii's sculpin,,
CZL,Coryphaenoides lecointei,,,
CZM,Paguridae,Right-handed hermit crabs nei,,
CZN,Radicipes gracilis,,,
CZP,Callianassa spp,Ghost shrimps nei,Topos de mar nep,Machottes nca
CZQ,Ceratozona squalida,Eastern surf chiton,,
CZS,Chelidonichthys spinosus,Spiny red gurnard,,
CZT,Canthidermis sufflamen,Ocean triggerfish,Sobaco lija,
CZW,Carcinus spp,Carcinus crabs nei,Cangrejos verdes nep,Crabes verts nca
CZX,Caridina spp,Caridina shrimps nei,Caridinas nep,Saltarelles nca
CZY,Crystallichthys cyclospilus,Blotched snailfish,,
DAA,Dascyllus albisella,Hawaiian dascyllus,,
DAB,Limanda limanda,Common dab,Lenguadina,Limande
DAC,Daption capense,Cape petrel,Petrel darnero,Damier du Cap
DAD,Danio dangila,,,
DAE,Danio aequipinnatus,Giant danio,,
DAF,Danio frankei,Leopard danio,,
DAG,"Stolothrissa, Limnothrissa spp",Dagaas,Dagaas,Dagaas
DAH,Dacodraco hunteri,,,
DAI,Danio rerio,Zebra danio,,
DAJ,Dadyanos insignis,,,
DAK,Dagetichthys lakdoensis,,,
DAL,Calliostoma turnerarum,,,
DAM,Diomedea amsterdamensis,Amsterdam Island albatross,Albatros de la isla Amsterdam,Albatros de l'île d'Amsterdam
DAO,Dactyloscopus crossotus,Bigeye stargazer,,
DAP,Dallia pectoralis,Alaska blackfish,,
DAQ,Phoebastria albatrus,Short-tailed albatross,Albatros rabón,Albatros à queue courte
DAR,Chrysoblephus cristiceps,Daggerhead seabream,Sargo puñal,Spare poignard
DAS,Clupanodon thrissa,Chinese gizzard shad,Alosa chata,Alose à museau court
DAT,Danionella translucida,,,
DAU,Dascyllus aruanus,Whitetail dascyllus,,
DAV,Danio devario,Sind danio,,
DAW,Crepipatella orbiculata,Round slippersnail,,
DAX,Crepipatella spp,,,
DAY,Dactylopus dactylopus,Fingered dragonet,,
DAZ,Hydrobates pelagicus,European storm-petrel,Paíño europeo,Océanite tempête
DBA,Dibranchus atlanticus,,,
DBB,Pseudolabrus biserialis,,,
DBC,Caenopedina novaezealandiae,Banded-spine urchin,,
DBD,Cuenotaster involutus,,,
DBG,Drombus globiceps,,,
DBJ,Doryichthys boaja,,,
DBK,Oceanodroma leucorhoa,Leach's storm-petrel,Paíño boreal,Océanite culblanc
DBM,Grammatorcynus bilineatus,Double-lined mackerel,Carite-cazón pintado,Thazard-kusara
DBN,Diomedea dabbenena,Tristan albatross,Albatros de Tristán,Albatros de Tristan
DBO,Tursiops truncatus,Bottlenose dolphin,Tursion,Grand dauphin
DBQ,Ceramaster patagonicus,Pentagon star,,
DBT,Cosmasterias dyscrita,Cat's-foot star,,
DBU,Dolabella auricularia,Shoulderblade sea cat,,Dolabelle commune
DBW,Doryrhamphus baldwini,,,
DBZ,Tursiops aduncus,Indo-Pacif. bottlenose dolphin,Delfín mular del Indo-Pacífico,Grand dauphin indo-pacifique
DCA,Deania calcea,Birdbeak dogfish,Tollo pajarito,Squale savate
DCC,Decapterus macrosoma,Shortfin scad,Macarela alicorta,Comète fine
DCD,Decapterus muroadsi,Amberstripe scad,,
DCE,Dictyosoma burgeri,,,
DCF,Pseudocoris aurantiofasciatus,Rust-banded wrasse,,
DCG,Diancistrus longifilis,,,
DCI,Pseudocheilinops ataenia,Pelvic-spot wrasse,,
DCK,Decapterus kurroides,Redtail scad,Macarela maouana,Comète maouane
DCL,Stenella clymene,Clymene dolphin,Delfín clymene,Dauphin de Clyméné
DCM,Dolichallabes microphthalmus,,,
DCN,Decodon grandisquamis,Largescale wrasse,,
DCO,Delphinus delphis,Common dolphin,Delfín común,Dauphin commun
DCP,Natantia,Natantian decapods nei,Decápodos natantia nep,Décapodes natantia nca
DCR,Thalassarche chlororhynchos,Atlant. yellow-nosed albatross,Albatros pico amarillo y negro,Albatros à nez jaune
DCS,Distocambarus carlsoni,Mimic crayfish,,
DCT,Decapterus tabl,Roughear scad,Macarela rabo colorado,Comète queue rouge
DCU,Thalassarche cauta,Shy albatross,Albatros frentiblanco,Albatros timide
DCV,Pseudocheilinus evanidus,Striated wrasse,,
DCX,Clupeoidei,Diadromous clupeoids nei,Clupeoideos diádromos nep,Clupéoidés diadromes nca
DCY,Diapteron cyanostictum,Gabon jewelfish,,
DCZ,Delphinus capensis,Long-beaked common dolphin,Delfín común a pico largo,Dauphin commun a bec large
DDB,Dendrochirus barberi,Hawaiian lionfish,,
DDC,Dondersia californica,Leaf-spiculed solenogaster,,
DDF,Dendostrea folium,Leaf oyster,,Huître feuille
DDG,Deltadoras guayoensis,,,
DDI,Dendrochirus biocellatus,Twospot turkeyfish,,
DDK,Didogobius kochi,,,
DDL,Diodora listeri,Lister's keyhole limpet,Lapa de Lister,Fissurelle de Lister
DDM,Crossaster multispinus,Sun-star,,
DDO,Dendostrea frons,Frons oyster,,
DDS,Diadema setosum,Porcupine sea urchin,,
DDU,Lagenorhynchus obscurus,Dusky dolphin,Delfín obscuro,Dauphin sombre
DDX,Dendropoma maximum,Great worm shell,,Grand vermet
DDY,Dendrochirus brachypterus,Shortfin turkeyfish,,
DDZ,Dendrochirus zebra,Zebra turkeyfish,,
DEA,Dentex angolensis,Angolan dentex,Dentón angoleño,Denté angolais
DEB,Denariusa bandata,Pennyfish,,
DEC,Dentex dentex,Common dentex,Dentón,Denté commun
DED,Dermatolepis dermatolepis,Leather bass,Mero coriaceo,Mérou cuir
DEE,Derepodichthys alepidotus,Cuskpout,,
DEG,Dentalium agassizi,Stained tuskshell,,
DEI,Decatopecten amiculum,Cloak scallop,,Pétoncle mantelet
DEJ,Desmophyllum dianthus,,,
DEL,Dentex macrophthalmus,Large-eye dentex,Cachucho,Denté à gros yeux
DEM,Dentex maroccanus,Morocco dentex,Sama marroquí,Denté du Maroc
DEN,Dentex canariensis,Canary dentex,Chacarona de Canarias,Denté à tache rouge
DEP,Dentex gibbosus,Pink dentex,Sama de pluma,Gros denté rose
DEQ,Deltentosteus quadrimaculatus,Four-spotted goby,,
DER,Thalassarche eremita,Chatham Islands albatross,Albatros de Chatham,Albatros des Chatham
DES,Glossanodon semifasciatus,Deep-sea smelt,Argentina del Pacífico,Argentina du Pacifique
DET,Andersonia leptura,,,
DEU,Deltistes luxatus,Lost River sucker,,
DEX,Dentex spp,Dentex nei,"Dentones, samas, etc. nep",Dentés nca
DFA,Daphnia carinata,,,
DFB,Daphnia brooksi,,,
DFC,Daphnia cephalata,,,
DFD,Cerdale floridana,Pugjaw wormfish,,
DFE,Daphnia ephemeralis,,,
DFF,Duva florida,,,
DFG,Daphnia quadrangulus,,,
DFH,Daphnia chilensis,,,
DFI,Daphnia similoides,,,
DFJ,Daphnia jollyi,,,
DFK,Daphnia hispanica,,,
DFL,Daphnia lumholtzi,,,
DFM,Daphnia mediterranea,,,
DFN,Daphnia nivalis,,,
DFO,Daphnia occidentalis,,,
DFP,Daphnia pusilla,,,
DFQ,Daphnia queenslandensis,,,
DFR,Daphnia gessneri,,,
DFS,Daphnia similis,,,
DFT,Daphnia cristata,,,
DFU,Daphnia australis,,,
DFV,Daphnia curvirostris,,,
DFX,Diodora spp,,,
DFY,Dinophyceae,,,
DGA,Diogenichthys atlanticus,,,
DGB,Paradiplogrammus bairdi,Lancer dragonet,,
DGG,Diplogrammus goramensis,,,
DGH,"Squalidae, Scyliorhinidae",Dogfishes and hounds nei,"Galludos, tollos y musolas nep",Squales et émissoles nca
DGM,Digenea simplex,Red seabroom,Hisopo de mar,Plumet de Nerée
DGP,Diagramma pictum,Painted sweetlips,Burro velero,Diagramme voilier
DGQ,Lepophidium negropinna,Specklefin cusk-eel,Congriperla pintada,Congriperle tacheté
DGS,Squalus acanthias,Picked dogfish,Mielga,Aiguillat commun
DGX,Squalidae,Dogfish sharks nei,"Galludos, tollos, nep",Squales nca
DGZ,Squalus spp,Dogfishes nei,Mielgas nep,Aiguillats nca
DHA,Sousa teuszii,Atlantic hump-backed dolphin,Delfín jorobado del Atlántico,Dauphin à bosse de l'Atlantiq.
DHB,Himantura bleekeri,Bleeker's whipray,,
DHC,Himantura chaophraya,Freshwater whipray,,
DHD,Himantura draco,Dragon stingray,,
DHE,Himantura krempfi,,,
DHF,Himantura fai,Pink whipray,,
DHG,Himantura gerrardi,Sharpnose stingray,,
DHH,Himantura schmardae,Chupare stingray,,
DHI,Sousa chinensis,Indo-Pac. hump-backed dolphin,Delfín jorobado del Pacífico,Dauphin à bosse indo-pacifique
DHJ,Himantura jenkinsii,Jenkins whipray,,
DHK,Himantura alcockii,,,
DHL,Himantura undulata,Leopard whipray,,
DHM,Himantura imbricata,Scaly whipray,,
DHN,Himantura marginata,Blackedge whipray,,
DHO,Diodon holocanthus,Longspined porcupinefish,Pejerizo balón,Porc-épic ballon
DHP,Himantura pacifica,Pacific chupare,,
DHQ,Diplodus bellottii,Senegal seabream,Raspallón senegalés,Sparaillon africain
DHR,Himantura granulata,Mangrove whipray,,
DHS,Himantura signifer,White-rimmed stingray,,
DHT,Himantura toshi,Black-spotted whipray,,
DHU,Himantura fluviatilis,,,
DHV,Himantura uarnak,Honeycomb stingray,,
DHW,Himantura walga,Dwarf whipray,,
DHX,Himantura oxyrhynchus,Marbled whipray,,
DHY,Diplodus prayensis,Two-banded seabream,,Sar à tête noire du Cap Vert
DHZ,Dicologlossa hexophthalma,Ocellated wedge sole,Acedía ocelada,Céteau ocellé
DIA,Osteichthyes,Diadromous fishes nei,Peces diádromos nep,Poissons diadromes nca
DIB,Thalassarche bulleri,Buller's albatross,Albatros de Buller,Albatros de Buller
DIC,Thalassarche chrysostoma,Grey-headed albatross,Albatros de cabeza gris,Albatros à tête grise
DID,Dionda diaboli,Devils River minnow,,
DIE,Dionda episcopa,Roundnose minnow,,
DIF,Diapoma speculiferum,,,
DIG,Diplodus argenteus,South American silver porgy,Sargo de América del Sur,
DIH,Diplodus holbrooki,Spottail seabream,Sargo cotonero,Sar cotonnier
DII,Discherodontus ashmeadi,,,
DIJ,Diplodus fasciatus,Banded seabream,,
DIK,Dischistodus chrysopoecilus,White-spot damsel,,
DIL,Diptychus maculatus,Scaly osman,,
DIM,Thalassarche melanophrys,Black-browed albatross,Albatros ceja negra,Albatros à sourcils noirs
DIN,Diopatra neapolitana,,Tubo,
DIO,Diodontidae,"Globefish, porcupine fish","Pejerizos, puercoespines",Porcs-épics
DIP,Diomedea epomophora,Southern royal albatross,Albatros real,Albatros royal
DIQ,Diomedea sanfordi,Northern royal albatross,Albatros real del norte,Albatros royal du Nord
DIR,Cardisoma hirtipes,Blue land crab,,
DIT,Distoechodon tumirostris,,,
DIU,Distichodus affinis,Silver distichodus,,
DIV,Disparichthys fluviatilis,,,
DIW,Diomedea gibsoni,Gibson's albatross,Albatros de Gibson,Albatros de Gibson
DIX,Diomedea exulans,Wandering albatross,Albatros errante,Albatros hurleur
DIY,Diodon hystrix,Spot-fin porcupinefish,Pejerizo común,Porc-épic boubou
DIZ,Phoebastria immutabilis,Laysan albatross,Albatros de Laysan,Albatros de Laysan
DJA,Davidijordania abei,,,
DJB,Modiolus barbatus,Bearded horse mussel,Barbudo,Modiole barbue
DJC,Donacilla cornea,Corneous wedge clam,Donacilla cornea,Donacille cornée
DJD,Modiolus adriaticus,Adriatic horse mussel,Mocejoa,Modiole adriatique
DJE,Modiolus eiseni,Offshore horse mussel,Mejillón de profundidad,Modiole du large
DJF,Modiolus philippinarum,Philippine horse mussel,,Modiole de Philippines
DJG,Diacanthurus rubricatus,,,
DJH,Modiolus rhomboideus,Rhomboid mussel,Mejillón romboidal,Modiole losangique
DJI,Modiolus americanus,Tulip mussel,Mejillón tulipan,Modiole tulipe
DJK,Modiolus kurilensis,Kurilean horse mussel,,
DJL,Cardisoma longipes,Longlegged land crab,,
DJM,Modiolus metcalfei,Yellowbanded horse mussel,,Modiole à bande jaune
DJN,Modiolus nitens,Shiny mussel,Mejillón liso,Modiole lisse
DJO,Modiolus modiolus,Northern horse mussel,,
DJQ,Modiolus squamosus,False tulip mussel,Mejillón escamoso,Modiole écailleuse
DJR,Cardisoma rotundum,Rugose land crab,,
DJU,Modiolus rectus,Straight horse mussel,Mejillón gigante,Modiole droite
DJV,Pseudojuloides atavai,Polynesian wrasse,,
DJX,Modiolus capax,Capax horse mussel,Mejillón huaquilla,Modiole huaquille
DKB,Dichelopandalus bonnieri,Whip shrimp,Camarón latiguillo,Crevette fouet
DKC,Tridacna crocea,Crocus giant clam,,Bénitier crocus
DKD,Decatopecten radula,Flatribbed scallop,,Pétoncle râpé
DKF,Danakilia franchettii,,,
DKI,Aythya fuligula,Tufted duck,Porrón moñudo,Fuligule morillon
DKJ,Aythya marila,Greater scaup,Porrón bastardo,Fuligule milouinan
DKK,Dermochelys coriacea,Leatherback turtle,Tortuga laud,Tortue luth
DKN,Phoebastria nigripes,Black-footed albatross,Albatros de patas negras,Albatros à pieds noirs
DKR,Dinocardium robustum,Giant atlantic cockle,,
DKS,Thalassarche salvini,Salvin's albatross,Albatros de Salvin,Albatros de Salvin
DKX,Tridacna maxima,Elongate giant clam,,Bénitier allongé
DKZ,Dermechinus horridus,Deepsea urchin,,
DLA,Diplectrum pacificum,Inshore sand perch,,
DLB,Diploprion bifasciatum,Barred soapfish,,
DLC,Modiolus auriculatus,Eared horse mussel,,Modiole auriculée
DLD,Diplectrum radiale,Pond perch,,
DLF,Dolichosudis fuliginosa,,,
DLG,Pogonophryne dolichobranchiata,,,
DLL,Dolloidraco longedorsalis,,,
DLM,Diplectrum macropoma,Mexican sand perch,,
DLN,Pandalus nipponensis,Botan shrimp,Camarón botán,Crevette botan
DLP,Delphinidae,Dolphins nei,Delfínidos nep,Dauphins nca
DLQ,Modiolus aratus,Furrowed horse mussel,,Modiole sillonnée
DLS,Pandalus amplus,Deep-water bigeye shrimp,Camarón ojigrande,Crevette oeillade
DLT,Diplospinus multistriatus,Striped escolar,Escolar rayado,Escolier rayé
DLU,Dialommus fuscus,Galápagos four-eyed blenny,,
DLW,Dinolestes lewini,,,
DLX,Diplectrum maximum,Torpedo sand perch,,
DMC,Dimidiochromis compressiceps,Malawi eyebiter,,
DMD,Dinematichthys dasyrhynchus,,,
DME,Dromia personata,Sleepy crab,Cangrejo dormilon,Crabe dormeur
DMG,Dipsacaster magnificus,Magnificent sea-star,,
DMH,Alsidium helminthochorton,Corsican moss,Musgo de Corcega,Mousse de Corse
DMJ,Docimodus johnstoni,,,
DMK,Adamussium colbecki,Antarctic scallop,Vieira antártica,Pecten antactique
DMM,Dormitator maculatus,Fat sleeper,Naca,
DMO,Demospongiae,Siliceous sponges,,
DMV,Ditrema viridis,,,
DMW,Austrofusus chathamensis,,,
DMX,Austrofusus spp,,,
DNA,Deania spp,Deania dogfishes nei,Tollos Deania nep,Squales-savates nca
DNC,Dentex congoensis,Congo dentex,Dentón congolés,Denté congolais
DND,Daphnia deserti,,,
DNE,Donax deltoides,Goolwa donax,,Flion deltoïde
DNF,Daphniidae,Water fleas,Pulgas de agua,Cladocères
DNG,Daphnia galeata,,,
DNI,Donax vittatus,Banded donax,,
DNJ,Dosinia japonica,Japanese dosinia,,
DNK,Dosinia dunkeri,Dunker's dosinia,Dosinia piojosa,Montre de Dunker
DNL,Dianema longibarbis,Porthole catfish,,
DNM,Daphnia magna,,,
DNO,Daphnia longispina,,,
DNP,Dinoperca petersi,Lampfish,,
DNR,Daphnia retrocurva,,,
DNS,Donax rugosus,Rugose donax,Coquina rugosa,Flion rugueux
DNT,Donax striatus,Striate donax,Coquina rayada,Flion ridé
DNU,Daphnia dubia,,,
DNV,Daphnia parvula,,,
DNW,Daphnia catawba,,,
DNX,Daphnia pulex,,,
DNY,Donax venustus,Lovely donax,Coquina deliciosa,Flion gracieux
DOA,Pseudocepola taeniosoma,,,
DOB,Chirocentrus dorab,Dorab wolf-herring,Arencón dorab,Chirocentre dorab
DOC,Polititapes durus,,,
DOD,Konosirus punctatus,Dotted gizzard shad,Alosa manchada,Alose tachetée
DOE,Trisidos semitorta,Half-propellor ark,,Arche semitorte
DOF,Semimytilus algosus,,,
DOG,Donax gouldii,Bean donax,Coquina radiada,Flion fève
DOI,Dosinia lupinus,Smooth dosinia,Reloj brillante,Montre brillante
DOL,Coryphaena hippurus,Common dolphinfish,Lampuga,Coryphène commune
DOM,Dormitator latifrons,Pacific fat sleeper,Camote del Pacífico,
DON,Donax spp,Donax clams,Coquinas,Olives de mer
DOO,Trisidos tortuosa,Propellor ark,,Arche hélice
DOP,Squalus megalops,Shortnose spurdog,Galludo ñato,Aiguillat nez court
DOR,Dosinia orbignyi,Dosinia clam,Almeja reloj,Clam montre
DOS,Chirocentrus spp,Wolf-herrings nei,Arencones nep,Chirocentres nca
DOT,Gymnosarda unicolor,Dogtooth tuna,Casarte ojón,Bonite à gros yeux
DOU,Dicotylichthys punctulatus,Three-barred porcupinefish,,
DOV,Donax variegatus,Smooth donax,Coquina lisa,Flion aplati
DOX,Coryphaenidae,Dolphinfishes nei,Dorados nep,Coryphènes nca
DPA,Dinotopterus atribranchus,,,
DPB,Diaphus bertelseni,,,
DPC,Muraenesox cinereus,Daggertooth pike conger,Morenocio dentón,Murénésoce-dague
DPD,Dolopichthys danae,,,
DPE,Diaphus effulgens,,,
DPF,Diaphus rafinesquii,,,
DPG,Pterodoras granulosus,Granulated catfish,,
DPH,Pseudodoras holdeni,,,
DPI,Diaphus mollis,,,
DPJ,Diaphus termophilus,Taaning's lantern fish,,
DPK,Phoebastria irrorata,Waved albatross,Albatros de las Galápagos,Albatros des Galapagos
DPL,Diaphus lucidus,,,
DPM,Diplophos maderensis,,,
DPN,Stenella attenuata,Pantropical spotted dolphin,Estenela moteada,Dauphin tacheté pantropical
DPO,Diaphus holti,Small lantern fish,Rafino corto,Lanterne courte
DPP,Diaphus metopoclampus,Spothead lantern fish,,
DPQ,Dipturus innominatus,New Zealand smooth skate,,
DPR,Discordipinna griessingeri,Spikefin goby,,
DPS,Parapenaeus longirostris,Deep-water rose shrimp,Gamba de altura,Crevette rose du large
DPT,Diplophos taenia,,,
DPU,Diaphus dumerilii,,,
DPV,Dipturus chilensis,Yellownose skate,Raya hocicuda,
DPX,Perciformes,Demersal percomorphs nei,Percomorfos demersales nep,Percomorphes démersaux nca
DPY,Diaphus brachycephalus,Short-headed lantern fish,,
DPZ,Doraops zuloagai,,,
DQS,Diomedea antipodensis,Antipodean albatross,Albatros de las antípodas,Albatros des antipodes
DQX,Dorosoma spp,,Topotes nep,
DRC,Draculo celetus,Dainty dragonet,,
DRD,Rhinodoras dorbignyi,,,
DRE,Doratonotus megalepis,Dwarf wrasse,,
DRG,Anadara senegalensis,Senegal ark,Arca de Senegal,Arche du Sénégal
DRH,Dromia erythropus,Redeye sponge crab,Cangrejo esponjoso,Crabe spongieux
DRI,Ariomma indica,Indian driftfish,Arioma índica,Ariomme indienne
DRK,Ariomma spp,Driftfishes nei,Ariomas nep,Ariommes nca
DRL,Drepane longimana,Concertina fish,,
DRM,Dicrossus maculatus,,,
DRN,Draconetta xenica,,,
DRO,Dromia dormia,Common sponge crab,,
DRP,Dreissena polymorpha,Zebra mussel,,
DRR,Grampus griseus,Risso's dolphin,Delfín de Risso,Grampus
DRS,Pteroscion peli,Boe drum,Bombache boe,Courbine pélin
DRT,Hadriania craticuloides,Crested murex,Busano esculpido,Murex côtelée
DRU,Sciaena spp,Sciaenas nei,Sciaenas nep,Sciaenas nca
DRV,Doras brevis,,,
DRW,Rhynchodoras woodsi,,,
DRX,Diproctacanthus xanthurus,Yellowtail tubelip,,
DRY,Ostrea lutaria,New Zealand dredge oyster,Ostra de Nueva Zelandia,Huître plate néo-zélandaise
DRZ,Drepane spp,Sicklefishes nei,Catemos nep,Forgerons nca
DSA,Stenella frontalis,Atlantic spotted dolphin,Delfín pintado,Dauphin tacheté de l'Atlantiq.
DSD,Distorsio decussata,Decussate distorsio,Distorsio decusado,Distortie croisée
DSE,Distichodus spp,Grass-eaters nei,,
DSF,Pomacentridae,Damselfishes,Petacas y jaquetas nep,Chauffets et sergeants nca
DSH,Scorpiodoras heckelii,,,
DSI,Stenella longirostris,Spinner dolphin,Estenela giradora,Dauphin longirostre
DSJ,Spondylus imperialis,Imperial thorny oyster,,Spondyle imperial
DSM,Desmodema polystictum,Polka-dot ribbonfish,,
DSN,Distorsio anus,Common distorsio,,Distortie commune
DSO,Dosinia ponderosa,Ponderous dosinia,Dosinia redonda,Montre ronde
DSP,Stenella spp,Spotted dolphins nei,Estenelas nep,Dauphins tachetés nca
DSQ,Sula dactylatra,Masked booby,Bobo enmascarado,
DSR,Distorsio reticularis,Reticulate distorsio,,Distortie reticularis
DSS,Diaseris distorta,Distorted mushroom coral,Coral callampa retorcido,Corail champignon distordu
DST,Stenella coeruleoalba,Striped dolphin,Estenela listada,Dauphin bleu et blanc
DSU,Sachsdoras apurensis,,,
DSV,Spondylus versicolor,Golden thorny oyster,,Spondyle doré
DSX,Dosinia exoleta,Mature dosinia,Reloj,Montre radiée
DSZ,Dosinia spp,Dosinias nei,Dosinias nep,Montres nca
DTA,Trachydoras atripes,,,
DTB,Dipterygonotus balteatus,Mottled fusilier,Fusilero jaspeado,Fusilier marbré
DTC,Dermatopsis macrodon,Fleshfish,,
DTE,Dentatherina merceri,Mercer's tusked silverside,,
DTJ,Diplacanthopoma japonicum,,,
DTK,Dermatopsoides kasougae,Orange brotula,,
DTL,Dotalabrus alleni,,,
DTM,Distichodus maculatus,Spotted citharinid,,
DTN,Distichodus niloticus,,,
DTP,Diopatra cuprea,,,
DTS,Danoctopus schmidti,Dana octopus,Pulpito monedero,Poulpe dana
DTT,Dentex tumifrons,Yellowback seabream,,
DTU,Delturus angulicauda,,,
DTV,Diretmoides veriginae,,,
DTX,Distichodus sexfasciatus,Sixbar distichodus,,
DUA,Doumea alula,,,
DUB,Duboisialestes bifasciatus,,,
DUC,Dipulus caecus,,,
DUD,Pandalus danae,Dock shrimp,Camarón de muelle,Crevette des quais
DUE,Duopalatinus emarginatus,,,
DUF,Cinetodus froggatti,Smallmouthed salmon catfish,,
DUG,Dugong dugon,Dugong,Dugon,Dugong
DUI,Dules auriga,,,
DUJ,Pandalus goniurus,Humpy shrimp,Camarón jiboso,Crevette gibbeuse
DUK,Pandalus kessleri,Hokkai shrimp,Camarón de Hokkai,Crevette hokkai
DUL,Spondylus butleri,Butler's thorny oyster,,Spondyle de Butler
DUM,Daruma sagamia,,,
DUN,Cancer magister,Dungeness crab,Buey del Pacífico,Dormeur du Pacifique
DUO,Psammodiscus ocellatus,,,
DUP,Dupouyichthys sapito,,,
DUR,Piedrabuenia ringueleti,,,
DUS,Carcharhinus obscurus,Dusky shark,Tiburón arenero,Requin de sable
DUT,Diapterus auratus,Irish mojarra,Mojarra cagüicha,Blanche cabuche
DUU,Diretmus argenteus,Silver spinyfin,,
DUX,Diapterus spp,,,
DVA,Durvillaea antartica,Bull kelp,Cochayuyo,Durvillée antarctique
DVW,Adelomelon ancilla,,,
DVX,Adelomelon spp,,,
DWA,Acanthodraco dewitti,,,
DWH,Lagenorhynchus acutus,Atlantic white-sided dolphin,Delfín de flancos blancos,Dauphin à flancs blancs Atlan.
DWM,Wertheimeria maculata,,,
DWO,Graneledone spp,,,
DWP,Lagenorhynchus obliquidens,Pacific white-sided dolphin,Delfín costados blancos Pacíf.,Dauphin à flancs blancs Pacif.
DWS,Elasmobranchii,Deep-water sharks nei,Tiburones de profundidad nep,Requins de profondeur nca
DWW,Kogia sima,Dwarf sperm whale,Cachalote enano,Cachalot nain
DWX,Errina spp,Red hydrocorals nei,,
DXA,Donax asper,Rough butterfly donax,Coquina mariposa,Flion papillon
DXB,Dundocharax bidentatus,,,
DXC,Donax californicus,Californian donax,Coquina amarilla,Flion californien
DXD,Donax denticulatus,Common Caribbean donax,Coquina del Caribe,Flion des Caraïbes
DXE,Donax dentifer,Toothed donax,Coquina alineja,Flion denté
DXF,Donax faba,Pacific bean donax,,Flion radieux
DXG,Diplotaxodon greenwoodi,,,
DXH,Donax hanleyanus,La Plata donax,,
DXI,Donax gracilis,Gracile donax,Coquina menuda,Flion gracile
DXJ,Donax incarnatus,Fleshy donax,,Flion incarnat
DXK,Donax carinatus,Sculptured donax,Coquina esculpida,Flion carène
DXL,Donax trunculus,Truncate donax,Coquina truncada,Flion tronqué
DXM,Pseudodax moluccanus,Chiseltooth wrasse,,
DXN,Donax cuneatus,Cuneate donax,,Flion bicolore
DXO,Donax scortum,Leather donax,,Flion tanné
DXP,Paradoxodacna piratica,,,
DXQ,Donax semistriatus,Half-striated donax,Tellerina,Flion semistrié
DXR,Dexistes rikuzenius,Rikuzen flounder,,
DXS,Cardiopharynx schoutedeni,,,
DXT,Donax punctatostriatus,Punctate donax,Coquina punteada,Flion ponctué
DXU,Dexillus muelleri,Tufted sole,,
DXV,Donax peruvianus,Common peruvian donax,,
DXX,Donax pulchellus,Beautiful donax,Coquina bonita,Flion mignonnet
DYA,Dysichthys aleuropsis,,,
DYB,Spondylus barbatus,Bearded thorny oyster,,Spondyle barbu
DYC,Diplomystes chilensis,Tollo,,
DYD,Spondylus gaederopus,European thorny oyster,Ostra roja,Spondyle pied-d'âne
DYE,Dieidolycus leptodermatus,,,
DYF,Danaphryne nigrifilis,,,
DYG,Danacetichthys galathenus,,,
DYI,Dactyloptena gilberti,,,
DYJ,Spondylus ictericus,Digitate thorny oyster,,
DYK,Dysalotus alcocki,,,
DYL,Dactylopterus volitans,Flying gurnard,Alón volador,Grondin volant
DYM,Spondylus americanus,Atlantic thorny oyster,,
DYN,Diplomystes nahuelbutaensis,,,
DYO,Distocyclus conirostris,,,
DYP,Pastinachus sephen,Cowtail stingray,,
DYS,Ditropichthys storeri,,,
DYT,Dasycottus setiger,Spinyhead sculpin,,
DYV,Doiichthys novaeguineae,Spoon-snouted catfish,,
DYX,Dactylopteridae,Flying gurnards nei,Dactilópteros nep,Grondins volants nca
DYZ,Synodus synodus,Redbarred lizardfish,Lagarto capitán,Anoli commun
DZE,Decolopoda australis,,,
DZG,Zathorax gonzalezi,,,
DZX,Spondylus spp,Thorny oysters nei,Ostras espinosas nep,Spondyles nca
EAA,Anchoa argentivittata,Regan's anchovy,Anchoa plata,Anchois argenté
EAB,Enneapterygius abeli,Yellow triplefin,,
EAC,Anchoa choerostoma,Bermuda anchovy,,
EAD,Stolephorus andhraensis,Andhra anchovy,,
EAE,Anchoa eigenmannia,Eigenmann's anchovy,Anchoa perla,Anchois perlé
EAF,Anchoa filifera,Longfinger anchovy,Anchoa de hebra,Ancios fil
EAG,Myliobatidae,Eagle rays nei,Aguilas de mar nep,Aigles de mer nca
EAH,Anchoa spinifer,Spicule anchovy,Anchoa de fondo,Anchois de fond
EAI,Anchoa ischana,Slender anchovy,Anchoa chicotera,Anchois ouïeux
EAJ,Anchoa januaria,Rio anchovy,,
EAK,Anchoa trinitatis,Trinidad anchovy,Anchoa machete,Anchois machète
EAL,Anchoa lamprotaenia,Big-eye anchovy,Anchoa ojona,Anchois caraïbe
EAM,Anchoa marinii,Marini's anchovy,Aliche,
EAN,Anchoa nasus,Longnose anchovy,Anchoa samasa,Anchois samase
EAO,Anchoa compressa,Deep body anchovy,Anchoa chata,Anchois plat
EAP,Anchoa panamensis,Panama anchovy,Anchoa chiminia,Anchois du Panama
EAQ,Anchoa tricolor,Piquitinga anchovy,,
EAR,Anchoa curta,Short anchovy,Anchoa pelada,Anchois court
EAS,Amazonsprattus scintilla,Rio Negro pygmy anchovy,,
EAT,Anchoa pectoralis,Bigfin anchovy,,
EAU,Anchoa cubana,Cuban anchovy,Anchoa cubana,Anchois cubain
EAV,Enneanectes altivelis,Lofty triplefin,,
EAX,Mercenaria spp,,,
EAY,Anchoa lyolepis,Shortfinger anchovy,Anchoa trompalarga,Anchois longnez
EBA,Ceratobregma acanthops,Spotted spiny-eye triplefin,,
EBB,Emblemariopsis bahamensis,Blackhead blenny,,
EBC,Cambarellus blacki,Cypress crayfish,,
EBD,Ellobium aurisjudae,Judas ear cassidula,,Auricule de Judas
EBF,Stolephorus brachycephalus,Broadhead anchovy,,
EBG,Ebomegobius goodi,,,
EBH,Embassichthys bathybius,Deep-sea sole,,
EBI,Epibulus insidiator,Sling-jaw wrasse,,
EBJ,Embiotoca jacksoni,Black perch,,
EBK,Ebosia bleekeri,,,
EBL,Enteromorpha lingulata,,,
EBM,Ellobium aurismidae,Midas ear cassidula,,Auricule de Midas
EBN,Enteromorpha intestinalis,Hollow green nori,Pelo de piedra verde,Entéromorphe creuse
EBP,Enteromorpha prolifera,Dark green nori,Ova proliferante,Entéromorphe prolifère
EBR,Eumegistus brevorti,,,
EBS,Eumegistus illustris,Brilliant pomfret,,
EBT,Emblemaria atlantica,Banner blenny,,
EBU,Eubalichthys bucephalus,Black reef leatherjacket,,
EBV,Ebinania vermiculata,,,
EBW,Eucyclogobius newberryi,Tidewater goby,,
EBX,Mesodesma spp,,,
EBZ,Enteromorpha linza,Welded green nori,Ova lechuga,Entéromorphe laitue
ECA,Coilia nasus,Japanese grenadier anchovy,,
ECB,Coilia brachygnathus,Yangtse grenadier anchovy,,
ECC,Echinophryne crassispina,Prickly anglerfish,,
ECD,Coilia dussumieri,Goldspotted grenadier anchovy,Anchoa granadera dorada,Alice taches d'or
ECE,Cheilopogon heterurus,,,
ECF,Cheilopogon furcatus,Spotfin flyingfish,,
ECG,Cheilopogon nigricans,Blacksail flyingfish,,
ECH,Echinodermata,Echinoderms,"Erizos, cohombros de mar","Oursins, bèches-de-mer"
ECI,Echiodon cryomargarites,Messmate,,
ECJ,Cheilopogon suttoni,Sutton's flyingfish,,
ECK,Echinorhinus cookei,Prickly shark,Tiburón negro espinoso,Squale bouclé du Pacifique
ECL,Cypselurus oligolepis,,,
ECM,Coilia macrognathos,Longjaw grenadier anchovy,,
ECN,Echeneidae,"Suckerfishes, remoras nei","Remoras, pegas nep",Rémoras nca
ECO,Sectator ocyurus,Bluestriped chub,,
ECP,Cypselurus poecilopterus,Yellowing flyingfish,,
ECQ,Ecsenius aequalis,Fourline blenny,,
ECR,Echiostoma barbatum,,,
ECS,Cheilopogon spilopterus,Manyspotted flyingfish,,
ECT,Encrasicholina heteroloba,Shorthead anchovy,Boquerón aduanero,Anchois douanier
ECU,Encheloclarias baculum,,,
ECV,Ecsenius lividanalis,,,
ECW,Eucinostomus dowii,Dow's mojarra,,
ECY,Petrochromis polyodon,,,
ECZ,Encope grandis,Giant keyhole sand dollar,Locha de playa gigante,Galette perforée géante
EDA,Pseudogobius avicennia,,,
EDB,Pseudanthias bimaculatus,Two-spot basslet,,
EDC,Pseudogobiopsis campbellianus,,,
EDD,Ectodus descampsii,,,
EDE,Pseudaphya ferreri,,,
EDF,Pseudanthias fasciata,,,
EDG,Pseudogramma gregoryi,Reef bass,,
EDH,Centrodraco acanthopoma,,,
EDI,Pseudalutarius nasicornis,Rhinoceros leatherjacket,,
EDJ,Pseudopentaceros wheeleri,Slender armorhead,,
EDK,Sepiadarium kochii,Koch’s bottletail squid,Sepiolilla de Koch,Sépiolette de Koch
EDL,Pseudomonacanthus elongatus,Fourband leatherjacket,,
EDM,Pseudotrypauchen multiradiatus,,,
EDN,Enedrias nebulosus,Tidepool gunnel,,
EDO,Pseudapocryptes borneensis,,,
EDP,Pseudanthias parvirostris,,,
EDQ,Pseudopentaceros pectoralis,Longfin armorhead,,
EDR,Pseudopentaceros richardsoni,Pelagic armourhead,,Tête casquée pélagique
EDS,Pseudanthias squamipinnis,Sea goldie,,
EDT,Eledone moschata,Musky octopus,Pulpo almizclado,Élédone musquée
EDU,Etisus dentatus,Spiny spooner,,
EDV,Edelia vittata,Western pygmy perch,,
EDW,Pseudopentaceros spp,Pelagic armourheads nei,,Têtes casquées pélagiques nca
EDX,Eucinostomus spp,,,
EDY,Eledone massyae,Combed octopus,Pulpo desflecado,Élédone peigne
EDZ,Sepiadarium austrinum,Southern bottletail squid,Sepiolilla sureña,Sépiolette du sud
EEA,Epinephelus fasciatus,Blacktip grouper,Mero banderilla,Mérou oriflamme
EEB,Epinephelus labriformis,Starry grouper,Cabrilla piedrera,Mérou étoile
EEC,Epinephelus maculatus,Highfin grouper,Mero aleta alta,Mérou haute voile
EED,Epinephelus drummondhayi,Speckled hind,Mero pintaroja,Mérou grivelé
EEE,Epinephelus heniochus,Bridled grouper,Mero embridado,Mérou bride
EEF,Epinephelus fasciatomaculosus,Rock grouper,Mero de las piedras,Mérou rocaille
EEG,Epinephelus goreensis,Dungat grouper,Mero de Gorea,Mérou de Gorée
EEH,Eeyorius hutchinsi,Tasmanian codling,,
EEI,Epinephelus haifensis,Haifa grouper,Mero de Haifa,Mérou d'Haifa
EEJ,Epinephelus magniscuttis,Speckled grouper,Mero bacalao,Mérou grandes écailles
EEK,Epinephelus polyphekadion,Camouflage grouper,Mero disfrazado,Mérou camouflage
EEL,Epinephelus flavolimbatus,Yellowedge grouper,Mero aleta amarilla,Mérou aile jaune
EEM,Epinephelus macrospilos,Snubnose grouper,Mero alfombrado,Mérou tapis
EEN,Epinephelus lanceolatus,Giant grouper,Mero lanceolado,Mérou lancéolé
EEO,Etelis oculatus,Queen snapper,Pargo cachucho,Vivaneau royal
EEP,Epinephelus morrhua,Comet grouper,Mero cometa,Mérou comète
EEQ,Epinephelus quernus,Hawaiian grouper,Mero hawaiano,Mérou hawaiien
EER,Epinephelus merra,Honeycomb grouper,Mero panal,Mérou gâteau de cire
EES,Epinephelus latifasciatus,Striped grouper,Mero abanderado,Mérou à bandes
EET,Epinephelus itajara,Jewfish,Mero guasa,Mérou géant
EEU,Epinephelus guttatus,Red hind,Mero colorado,Mérou couronné
EEV,Epinephelus flavocaeruleus,Blue-and-yellow grouper,Mero azul y amarillo,Mérou faraud
EEW,Etelis radiosus,Pale snapper,Pargo pálido,Vivaneau pâle
EEX,Epinephelus hexagonatus,Starspotted grouper,Mero mielero,Mérou mélifère
EEY,Epinephelus mystacinus,Misty grouper,Mero listado,Mérou brouillard
EEZ,Eisenia arborea,Arboreal ferret,Listonsillo,Furet arboricole
EFA,Cephalopholis taeniops,Bluespotted seabass,Cherna colorada,Mérou à points bleus
EFB,Epinephelus albomarginatus,White-edged grouper,Mero bordiblanco,Mérou bord blanc
EFC,Epinephelus acanthistius,Rooster hind,Baqueta,Mérou coq
EFD,Epinephelus adscensionis,Rock hind,Mero cabrilla,Mérou oualioua
EFE,Epinephelus bruneus,Longtooth grouper,Mero diente largo,Mérou longues dents
EFF,Stellifer fuerthii,White stardrum,,
EFG,Ephippion guttifer,Prickly puffer,,
EFH,Epinephelus chlorostigma,Brownspotted grouper,Mero pintado,Mérou pintade
EFI,Stellifer minor,Minor stardrum,,
EFJ,Epinephelus caninus,Dogtooth grouper,Mero dentón,Mérou gris
EFK,Epinephelus bleekeri,Duskytail grouper,Mero medioluto,Mérou demi-deuil
EFL,Stellifer lanceolatus,American stardrum,,
EFM,Stellifer microps,Smalleye stardrum,,
EFN,Epinephelus andersoni,Catface grouper,Mero gato,Mérou chat
EFO,Stellifer oscitans,Yawning stardrum,,
EFP,Enteromorpha compressa,Flat green nori,Ova chata,Entéromorphe comprimée
EFQ,Epinephelus quoyanus,Longfin grouper,Mero aleta larga,Mérou longues ailes
EFR,Stellifer rastrifer,Rake stardrum,,
EFS,Stellifer stellifer,,,
EFT,Cephalopholis sonnerati,Tomato hind,Cherna piña,Vieille ananas
EFU,Epinephelides armatus,,,
EFV,Epinephelus niveatus,Snowy grouper,Cherna pintada,Mérou neige
EFW,Epinephelus awoara,Yellow grouper,Mero amarillo,Mérou jaune
EFX,Epinephelus sexfasciatus,Sixbar grouper,Mero de seis bandas,Mérou six raies
EFY,Epinephelus amblycephalus,Banded grouper,Cabrilla venda,Mérou bande
EGA,Megapitaria aurantiaca,Golden callista,Almeja roja,Vernis orange
EGB,Stenogobius beauforti,Beaufort's goby,,
EGC,Epigonus constanciae,,,
EGD,Epigonus denticulatus,Pencil cardinal,,
EGE,Periglypta reticulata,Reticulated venus,,Praire corbeille
EGF,Somateria mollissima,Common eider,Eider común,Eider àduvet
EGG,Engyprosopon grandisquama,Largescale flounder,Lenguado escamoso,Perpeire à grandes écailles
EGH,Ernogrammus hexagrammus,,,
EGI,Periglypta listeri,Princess venus,,
EGJ,Somateria spectabilis,King eider,Eider real,Eider à tête grise
EGK,Periglypta clathrata,Clathrate venus,,Praire grillagee
EGL,Sclerocrangon salebrosa,Bering shrimp,Camarón de Bering,Crevette Béring
EGM,Eupleurogrammus muticus,Smallhead hairtail,Pez sable asbas,Poisson-sabre asbas
EGN,Solen guineensis,Guinea razor shell,Longueiron de Guinea,Couteau de Guinée
EGO,Ego zebra,,,
EGP,Stolephorus carpentariae,Gulf of Carpenteria anchovy,,
EGQ,Megapitaria squalida,Squalid callista,Almeja chocolata,Vernis sombre
EGR,Epigonus robustus,Robust cardinalfish,,
EGS,Engyophrys sanctilaurentii,Speckled-tail flounder,,
EGT,Speleogobius trigloides,Grotto goby,,
EGU,Periglypta puerpera,Youthful venus,,Praire chagrinee
EGV,Epigonus crassicaudus,,,
EGW,Euciroa galatheae,,,
EGX,Eugerres axillaris,Black axillary mojarra,,
EGY,Solea aegyptiaca,Egyptian sole,Suela egipcia,Sole égyptienne
EGZ,Eugyra kerguelenensis,,,
EHA,Etheostoma caeruleum,Rainbow darter,,
EHB,Enophrys bison,Buffalo sculpin,,
EHC,Enneacanthus chaetodon,Blackbanded sunfish,,
EHD,Euphylax dovii,Pelagic swimcrab,Jaiba marciana,Crabe nageur marciane
EHE,Etheostoma blennioides,Greenside darter,,
EHF,Euchiloglanis feae,,,
EHG,Aethaloperca rogaa,Redmouth grouper,Cherna roga,Vieille roga
EHH,Eriphia smithii,Orange-hand stone crab,,
EHI,Centracanthus cirrus,Curled picarel,,
EHJ,Pteria hirundo,European wing oyster,Avicula de Taranto,Avicule de Tarente
EHK,Ethusa ciliatifrons,Giant ciliate Ethusa,Etusa ciliada gigante,Ethuse ciliée géante
EHL,Euristhmus lepturus,Long-tailed catfish,,
EHM,Erethistes maesotensis,,,
EHN,Echeneis naucrates,Live sharksucker,Pegatimón,Rémora commun
EHO,Erethistoides montana,,,
EHP,Etheostoma pottsii,Chihuahua darter,,
EHQ,Enhydrina schistosa,Beaked sea snake,,
EHR,Etheostoma flabellare,Fantail darter,,Dard barré
EHS,Eleutherochir opercularis,,,
EHT,Eleutheronema tridactylum,Threefinger threadfin,Barbudo de tres dedos,Barbure à trois doigts
EHU,Seriphus politus,Queen croaker,,
EHV,Pearsonothuria graeffei,Blackspotted sea cucumber,,
EHW,Euphyllia glabrescens,Brain trumpet coral,,
EHX,Eurhomalea exalbida,Magellan clam,,
EHY,Euneognathia gigas,,,
EHZ,Euthynnus spp,,,
EIA,Emerita analoga,Coldwater mole crab,Muy-muy limanche,Mui-mui limanche
EIB,Ericentrus rubrus,Orange clinid,,
EIC,Eleotrica cableae,Cable's goby,,
EID,Lepidopa deamae,Toad mole crab,Muy-muy sapo,Mui-mui crapaud
EIE,Etisus laevimanus,Smooth spooner,,
EIF,Epinephelus septemfasciatus,Convict grouper,Mero carcelario,Mérou bagnard
EIG,Petrotilapia genalutea,,,
EIH,Eigenmannia humboldtii,,,
EII,Cheilodactylus vittatus,Hawaiian morwong,,
EIJ,Sepia brevimana,Shortclub cuttlefish,Sepia mazicorta,Seiche petites mains
EIK,Eriphia verrucosa,Warty crab,Cangrejo moruno,Crabe verruqueux
EIL,Ilisha elongata,Elongate ilisha,Sardineta grácil,Alose gracile
EIM,Eigenmannina melanopogon,,,
EIN,Cheilodactylus zonatus,Spottedtail morwong,,
EIO,Eirmotus octozona,,,
EIP,Sepia apama,Giant Australian cuttlefish,Sepia gigante australiana,Seiche géante australienne
EIQ,Sepia kobiensis,Kobi cuttlefish,Sepia kobi,Seiche kobi
EIR,Epinephelus trimaculatus,Threespot grouper,Mero de tres manchas,Mérou trois taches
EIS,Cheilodactylus spectabilis,Red moki,,
EIT,Epinephelus stictus,Black-dotted grouper,Mero punteado negro,Mérou points noirs
EIU,Epinephelus undulosus,Wavy-lined grouper,Mero ondulado,Mérou ondulé
EIV,Eigenmannia virescens,Glass knifefish,,
EIW,Sepia subtenuipes,,,
EIX,Tellina albicans,Glossy tellin,Telina brillante,Telline onyx
EIY,Sepia lycidas,Kisslip cuttlefish,Sepia labiada,Seiche baisers
EIZ,Cheilodactylus zebra,Redlip morwong,,
EJA,Sepia aculeata,Needle cuttlefish,Sepia de aguja,Seiche aiguille
EJB,Sepia bertheloti,African cuttlefish,Sepia africana,Seiche africaine
EJC,Episesarma chengtongense,Pinkfingered vinegar crab,,
EJD,Sepia madokai,Madokai's cuttlefish,Sepia madokai,Seiche madokai
EJE,Sepia elegans,Elegant cuttlefish,Sepia elegante,Seiche élégante
EJF,Sepia foliopeza,,,
EJG,Sepia braggi,Slender cuttlefish,Sepia grácil,Seiche gracile
EJH,Sepia prashadi,Hooded cuttlefish,Sepia caperuza,Seiche capuchon
EJI,Episesarma singaporense,Singapore vinegar crab,,
EJJ,Jurengraulis juruensis,Jurua anchovy,,
EJK,Sepia esculenta,Golden cuttlefish,Sepia dorada,Seiche dorée
EJL,Sepia elobyana,Guinean cuttlefish,Sepia guineana,Seiche de Guinée
EJM,Episesarma mederi,Thai vinegar crab,,
EJN,Sepia andreana,Andrea cuttlefish,Sepia andreana,Seiche andreana
EJO,Sepia erostrata,,,
EJP,Episesarma palawanense,Rathbun's vinegar crab,,
EJR,Sepia arabica,Arabian cuttlefish,Sepia arábiga,Seiche d'Arabie
EJS,Elacatinus janssi,Spotback goby,,
EJT,Sepia australis,Southern cuttlefish,Sepia austral,Seiche australe
EJU,Sepia aureomaculata,,,
EJV,Episesarma versicolor,Violet vinegar crab,,
EJW,Sepia tenuipes,,,
EJX,Sepia latimanus,Broadclub cuttlefish,Sepia mazuda,Seiche grandes mains
EJY,Sepia murrayi,Frog cuttlefish,Sepia rana,Seiche grenouille
EJZ,Cheilodactylus nigripes,Magpie perch,,
EKA,Acetes australis,Australian paste shrimp,Camarón de pasta australiano,Chevrette australienne
EKB,Plesionika beebei,Scarlet longbeak shrimp,Camarón picudo escarlata,Crevette long bec écarlate
EKC,Acetes americanus,Aviu shrimp,Camarón aviu,Chevrette aviu
EKD,Pecten diegensis,San Diego scallop,Vieira de San Diego,Coquille St-Jacques de San D.
EKE,Acetes serrulatus,Southern mauxia shrimp,Camaroncillo mauxia sureño,Chevrette mauxia méridionale
EKG,Tectarius grandinatus,Hailstorm prickly-winkle,,Littorine grêlée
EKH,Mesonychoteuthis hamiltoni,Antarctic cranch squid,Cranquiluria antártica,Encornet outre commun
EKI,Acetes intermedius,Taiwan mauxia shrimp,Camaroncillo mauxia de Formosa,Chevrette mauxia de Formose
EKJ,Ellerkeldia jamesoni,,,
EKK,Mercenaria campechiensis,Southern hardshell clam,,
EKL,Epicodakia bella,Divergent lucine,,Lucine divergente
EKM,Ekemblemaria myersi,Reefsand blenny,,
EKN,Acetes indicus,Jawla paste shrimp,Camaroncillo javlá,Chevrette jawla
EKO,Plesionika carinirostris,Giant longbeak shrimp,Camarón picudo gigante,Crevette long bec géante
EKP,Eumarcia paupercula,Koch's venus,,
EKQ,Tectarius coronatus,Coronate prickly-winkle,,Littorine couronnée
EKR,Acetes erythraeus,Tsivakihini paste shrimp,Camaroncillo tsivakihini,Chevrette tsivakihini
EKS,Acetes sibogae,Alamang shrimp,Camaroncillo alamang,Chevrette alamang
EKT,Plesionika trispinus,Colombian longbeak shrimp,Camarón picudo colombiano,Crevette long bec colombienne
EKU,Penaeus canaliculatus,Witch prawn,Camarón brujo,Crevette sorcière
EKV,Pecten vogdesi,Vogde's scallop,Vieira de Vogde,Coquille St-Jacques de Vogde
EKW,Plesionika williamsi,Guinea striped shrimp,Camarón rayado de Guinea,Crevette rayée guinéenne
EKX,Plesionika mexicana,Mexican longbeak shrimp,Camarón picudo mexicano,Crevette long bec mexicaine
EKY,Pecten berryi,Lunar Mexican scallop,Vieira de Berry,Coquille St-Jacques de Berry
EKZ,Pecten ziczac,Zigzag scallop,Vieira zigzag,Peigne zigzag
ELA,Anguilla rostrata,American eel,Anguila americana,Anguille d'Amérique
ELB,Lycengraulis batesii,Bates' sabretooth anchovy,,
ELC,Electrona carlsbergi,Electron subantarctic,,
ELD,Epinephelus diacanthus,Spinycheek grouper,Mero espinudo,Mérou épineux
ELE,Anguilla anguilla,European eel,Anguila europea,Anguille d'Europe
ELG,Epinephelus nigritus,Warsaw grouper,Mero negro,Mérou Varsovie
ELH,Elattarchus archidium,Bluestreak drum,,
ELI,Elates ransonnetii,Dwarf flathead,,
ELJ,Anguilla japonica,Japanese eel,Anguila japonesa,Anguille du Japon
ELK,Pelmatochromis buettikoferi,,,
ELL,Ellopostoma megalomycter,,,
ELM,Elopichthys bambusa,Yellowcheek,,
ELN,Electrona antarctica,,,
ELO,Lycothrissa crocodilus,Sabretoothed thryssa,,
ELP,Zoarces viviparus,Eelpout,Viruela,Loquette d'Europe
ELQ,Chaceon eldorado,El Dorado shrimp,Cangrejo El Dorado,Géryon El Dorado
ELR,Electrona risso,Electric lantern fish,Chispa,Étincelle
ELS,Conger myriaster,Whitespotted conger,Congrio del Pacífico,Congre du Pacifique nord-ouest
ELT,Electrona spp,,,
ELU,Anguilla australis,Short-finned eel,Anguila australiana,Anguille d'Australie
ELV,Laternula truncata,Truncate lantern clam,,Anatine tronquée
ELW,Eulophias owashii,,,
ELX,Anguilla spp,River eels nei,Anguilas nep,Anguilles nca
ELY,Penaeus longistylus,Red-spot king prawn,Camarón real manchado,Crevette royale à taches rouge
ELZ,Lycodes spp,Eelpouts,Viruelas,Loquettes
EMA,Kappaphycus alvarezii,Elkhorn sea moss,,
EMB,Premnas biaculeatus,Spinecheek anemonefish,,
EMC,Eucheuma cottonii,Zanzibar weed,Cotoni,
EMD,Eremophilus candidus,,,
EME,Plectropomus areolatus,Squaretail coralgrouper,Mero troncón,Mérou queue carrée
EMF,Eclectochromis festivus,,,
EMG,Epinnula magistralis,Domine,Dómine,Escolier maître
EMH,Enoplometopus holthuisi,Bullseye reef lobster,,
EMI,Eucheuma denticulatum,Spiny eucheuma,Eucheuma espinosa,Eucheuma épineuse
EMJ,Entomocorus benjamini,,,
EMK,Enoplometopus occidentalis,Red reef lobster,,
EML,Plectropomus laevis,Blacksaddled coralgrouper,Mero ensillado,Mérou sellé
EMM,Emmelichthys nitidus,Cape bonnetmouth,Andorrero del Cabo,Andorrève du Cap
EMN,Plectropomus punctatus,Marbled coralgrouper,Mero pecoso,Mérou pointillé
EMO,Plectropomus leopardus,Leopard coralgrouper,Mero celestial,Saumonée léopard
EMP,Lethrinidae,Emperors(=Scavengers) nei,Emperadores nep,Empereurs nca
EMQ,Semele decisa,Bark semele,Almeja blanca mexicana,Sémèle écorce
EMR,Eumesogrammus praecisus,Fourline snakeblenny,,Quatre-lignes atlantique
EMT,Emmelichthyidae,"Bonnetmouths, rubyfishes nei","Andorreros, peces rubí nep","Andorrèves, poissons rubis nca"
EMU,Plectropomus pessuliferus,Roving coralgrouper,Mero errante,Mérou-loche vagabonde
EMV,Pentaceros decacanthus,Bigspined boarfish,,
EMW,Plectropomus oligacanthus,Highfin coralgrouper,Mero vela,Mérou-loche cacatois
EMX,Eucheuma spp,Eucheuma seaweeds nei,,
EMY,Euprymna berryi,Humming-bird bobtail squid,Globito colibri,Sépiole colibri
EMZ,Eumicrotremus taranetzi,,,
ENA,Rastrineobola argentea,Silver cyprinid,,
ENB,Encheliophis boraborensis,Pinhead pearlfish,,
ENC,Enchelyopus cimbrius,Fourbeard rockling,,Motelle à quatre barbillons
END,Encrasicholina devisi,Devis' anchovy,Boquerón de DeVis,Anchois devis
ENE,Pentaceros capensis,Cape armourhead,,
ENF,Menippe frontalis,Stridulating stone crab,Cangrejo de piedra estridulant,Crabe caillou stridulant
ENG,Chrysoblephus anglicus,Englishman seabream,Sargo del Natal,Spare du Natal
ENH,Centrarchops chapini,Barred seabass,,
ENI,Epinephelus coioides,Orange-spotted grouper,Mero de pintas naranjas,Mérou taches oranges
ENJ,Evynnis japonica,Crimson seabream,Sargo púrpura,Pagre cramoisi
ENK,Enneacampus kaupi,,,
ENL,Engraulicypris sardella,,,
ENM,Enobarbichthys maculatus,,,
ENN,Centropyge acanthops,Orangeback angelfish,,
ENO,Centropyge joculator,Yellowhead angelfish,,
ENP,Anchoa hepsetus,Broad-striped anchovy,Anchoa legítima,Anchois rayé
ENQ,Entelurus aequoreus,Snake pipefish,,
ENR,Engraulis spp,Anchovies nei,Anchoas nep,Anchois nca
ENS,Metapenaeus endeavouri,Endeavour shrimp,Camarón devo,Crevette devo
ENT,Paracentropyge multifasciatus,Barred angelfish,,
ENU,Dendrophysa russelii,Goatee croaker,,
ENV,Pentaceropsis recurvirostris,Longsnout boarfish,,
ENW,Tellina tenuis,Delicate tellin,Telina delicada,Telline delicate
ENX,Centrolabrus exoletus,Rock cook,,
ENY,Ensis goreensis,Goree razor clam,Navaja de Gorea,Couteau de Gorée
ENZ,Centropyge multispinis,Dusky angelfish,,Poisson-ange brun
EOA,Enoplosus armatus,Old wife,,
EOB,Enantiopus albini,,,
EOC,Entomacrodus cadenati,,,
EOD,Enoplometopus daumi,Striped reef lobster,,
EOE,Pleuronichthys coenosus,C-O sole,,
EOF,Eleotris fusca,Dusky sleeper,,
EOG,Pleuronectes glacialis,Arctic flounder,,
EOH,Belontia hasselti,Malay combtail,,
EOI,Eledone cirrosa,Horned octopus,Pulpo blanco,Élédone commune
EOJ,Eopsetta jordani,Petrale sole,Limanda petrale,Charlottin pétrale
EOK,Pleuronectes schrenki,Cresthead flounder,,
EOL,Pelotretis flavilatus,Southern lemon sole,,
EOM,Pleuronectes putnami,,,
EON,Limanda punctatissima,,,
EOO,Pleuronectes orbignyana,,,
EOP,Eleotris picta,Spotted sleeper,,
EOQ,Melo amphora,Diadem volute,,Volute diadème
EOR,Limanda proboscidea,Longhead dab,,
EOS,Erotelis smaragdus,Emerald sleeper,,
EOT,Peltorhamphus latus,Speckled sole,,
EOU,Labeo umbratus,Moggel,,
EOV,Eleotris vittata,,,
EOW,Enteromorpha clathrata,Bright green nori,Pelo de piedra verde claro,Entéromorphe vert claire
EOX,Melo melo,Indian volute,,Volute melon
EOY,Economidichthys pygmaeus,,,
EOZ,Lessonia spp,,Chascón nep,
EPA,Epinephelus akaara,Hong Kong grouper,Mero de pintas rojas,Mérou rouge tacheté
EPB,Epalzeorhynchos bicolor,Redtail sharkminnor,,
EPC,Plagiogeneion macrolepis,,,
EPD,Centropomus medius,Blackfin snook,,
EPE,Electrophorus electricus,Electric eel,,
EPF,Epinephelus cifuentesi,Olive grouper,Gallina,Mérou poule
EPG,Centropomus nigrescens,Black snook,,
EPH,Pterengraulis atherinoides,Wingfin anchovy,,
EPI,Epigonus telescopus,Black cardinal fish,Boca negra(Pez del diablo),Poisson cardinal
EPJ,Centropomus unionensis,Union snook,,
EPK,Epinephelus costae,Goldblotch grouper,Falso abadejo,Mérou badèche
EPL,Centropomus robalito,Yellowfin snook,,
EPM,Papuengraulis micropinna,Littlefin anchovy,,
EPN,Centropomus ensiferus,Swordspine snook,,
EPO,Epapterus blohmi,,,
EPP,Centropomus parallelus,Fat snook,,
EPQ,Ellipsaria lineolata,Dromedary pearlymussel,,
EPR,Epinephelus areolatus,Areolate grouper,Mero areolado,Mérou aréolé
EPS,Centropomus pectinatus,Tarpon snook,,
EPT,Epinephelus tauvina,Greasy grouper,Mero lutria,Mérou loutre
EPU,Centropomus armatus,Armed snook,,
EPV,Epinephelus rivulatus,Halfmoon grouper,Mero medialuna,Mérou demi-lune
EPW,Eopsetta grigorjewi,Shotted halibut,,
EPX,Pelamis platurus,Pelagic sea snake,,
EPY,Epinephelus cyanopodus,Speckled blue grouper,Mero azul,Mérou bleu
EPZ,Epinephelus stoliczkae,Epaulet grouper,Mero hombrero,Mérou épaulette
EQA,Equetus acuminatus,High-hat,,
EQB,Malleus albus,White hammer oyster,,Marteau blanc
EQC,Tellina scobinata,Rasp tellin,,Telline râpe
EQD,Enoplometopus debelius,Violet-spotted reef lobster,,
EQE,Ensis ensis,Pod razor shell,Navaja,Couteau-sabre
EQF,Tectus fenestratus,Fenestrate top,,Troque fenêtre
EQG,Eurete simplicissimum,,,
EQH,Ensis macha,Giant jackknife,,
EQI,Ensis siliqua,Sword razor shell,Muergo,Couteau-silique
EQJ,Tellina remies,Remies tellin,,Telline sillonnée
EQK,Ensis arcuatus,Arched razor shell,,
EQL,Equetus lanceolatus,Jack-knifefish,,
EQM,Malleus malleus,Black hammer oyster,,Marteau noir
EQN,Tellina timorensis,Timor tellin,,Telline de Timor
EQO,Estellacar olivacea,Olive ark,,Arche olive
EQP,Tectarius pagodus,Pagoda prickly-winkle,,Littorine pagode
EQQ,Epalzeorhynchos kalopterus,Flying fox,,
EQR,Eastonia rugosa,Rugose mactra,Pechina rugosa,Eastonie rugueuse
EQS,Eriphia sebana,Smooth redeyed crab,,
EQT,Mesodesma mactroides,Yellow wedge clam,,
EQU,Mesodesma subtriangulatum,Tuatua wedge clam,,
EQV,Mesodesma ventricosum,Toheroa wedge clam,,
EQW,Erugosquilla woodmasoni,Smooth squillid mantis shrimp,,
EQX,Ensis spp,Ensis razor clams nei,Navajas Ensis nep,Couteaux Ensis nca
EQY,Tectus pyramis,Pyramid top,,Troque obelisque
EQZ,Eurythenes gryllus,,,
ERA,Eremichthys acros,Desert dace,,
ERB,Serranus subligarius,Belted sandfish,,
ERC,Etroplus maculatus,Orange chromide,,
ERD,Erimystax dissimilis,Streamline chub,,
ERE,Percichthys melanops,,,
ERF,Eurhomalea rufa,Peruvian yellow clam,,
ERG,Ereunias grallator,,,
ERH,Perinereis mullieri,,,
ERI,Perissodus eccentricus,,,
ERJ,Aspericorvina jubata,Prickly croaker,,
ERK,Petrochirus californiensis,Big-claw purple hermit crab,Ermitaño morado boxeador,Bernard-lErmite pourpre boxeur
ERL,Perccottus glenii,Chinese sleeper,,
ERM,Ectreposebastes imus,,,
ERN,Trematomus bernacchii,Emerald rockcod,Austrobacalao esmeral,Bocasson émeraude
ERO,Erosa erosa,Pitted stonefish,,
ERP,Peprilus paru,American harvestfish,Palometa pámpano,Stromaté lune
ERQ,Sesarma angolense,Angola marsh crab,Abuete de Angola,Anglette angolaise
ERR,Emerita rathbunae,Tropical mole crab,Muy-muy achiquil,Mui-mui achiquil
ERS,Eriocheir sinensis,Chinese mitten crab,Cangrejo chino,Crabe chinois
ERT,Percichthys trucha,Creole perch,,
ERU,Erimyzon sucetta,Lake chubsucker,,
ERV,Euleptorhamphus viridis,Ribbon halfbeak,Agujeta alargada,Demi-bec allongé
ERW,Perinereis cultrifera,,,
ERX,Laternula spp,,,
ERY,Erythrocles schlegelii,Japanese rubyfish,,
ERZ,Erythrocles scintillans,,,
ESA,Stolephorus baganensis,Bagan anchovy,,
ESB,Setipinna breviceps,Shorthead hairfin anchovy,,
ESC,Stolephorus chinensis,China anchovy,,
ESD,Esomus danricus,Flying barb,,
ESE,Epinephelus daemelii,Saddletail grouper,Mero montado,Mérou troussequin
ESF,Lepas anatifera,Goose barnacle,Percebe bravo,Anatife
ESG,Eutaeniichthys gilli,,,
ESH,Acetes chinensis,Northern mauxia shrimp,Camaroncillo mauxia norteño,Chevrette mauxia nordique
ESI,Stolephorus indicus,Indian anchovy,Boquerón indio,Anchois indien
ESJ,Stolephorus tri,Spined anchovy,,
ESK,Elassoma boehlkei,Carolina pygmy sunfish,,
ESL,Praealticus natalis,Natal rockskipper,,
ESM,Setipinna melanochir,Dusky-hairfin anchovy,,
ESN,Stolephorus insularis,Hardenberg's anchovy,,
ESO,Perissias taeniopterus,Striped-fin flounder,,
ESP,Setipinna phasa,Gangetic hairfin anchovy,,
ESQ,Enoplosus spp,Old wife fishes,,
ESR,Stolephorus commersonii,Commerson's anchovy,Boquerón bombra,Anchois bombra
ESS,Penaeus silasi,False white prawn,,
EST,Escualosa thoracata,White sardine,Sardina blanca,Alose blanche
ESU,Setipinna tenuifilis,Common hairfin anchovy,,
ESV,Acetes vulgaris,Jembret shrimp,Camaroncillo jembre,Chevrette jembre
ESW,Stolephorus waitei,Spotty-face anchovy,Boquerón de manchas,Anchois joues tachetées
ESX,Etisus splendidus,Splendid spooner,,
ESY,Setipinna taty,Scaly hairfin anchovy,,
ESZ,Erilepis zonifer,Skilfish,,
ETA,Etelis carbunculus,Deep-water red snapper,Pargo rubí,Vivaneau rubis
ETB,Etmopterus bigelowi,,,
ETC,Etelis coruscans,Deepwater longtail red snapper,Pargo de llama,Vivaneau flamme
ETD,Petenia splendida,,,
ETE,Etmopterus compagnoi,,,
ETF,Etmopterus lucifer,Blackbelly lanternshark,Tollo lucero diablo,Sagre lucifer
ETG,Centrogenys vaigiensis,False scorpionfish,,
ETH,Etmopterus brachyurus,Shorttail lanternshark,Tollo lucero mocho,Sagre porte-feu à queue courte
ETI,Etmopterus gracilispinis,Broadbanded lanternshark,Tollo lucero bandoneado,Sagre rubané
ETJ,Etmopterus unicolor,Brown lanternshark,Tollo lucero marrón,Sagre brun
ETK,Etmopterus splendidus,,,
ETL,Etmopterus molleri,Mollers lantern shark,,
ETM,Etmopterus granulosus,Southern lanternshark(Lucifer),Tollo negro narigón,Sagre long nez
ETN,Etmopterus hillianus,Carribean lanternshark,Tollo lucero antillano,Sagre antillais
ETO,Etmopterus decacuspidatus,Combtoothed lanternshark,Tollo lucero peine,Sagre filtre
ETP,Etmopterus pusillus,Smooth lanternshark,Tollo lucero liso,Sagre nain
ETQ,Etmopterus sentosus,Thorny lanternshark,Tollo lucero espinudo,Sagre épineux
ETR,Etmopterus princeps,Great lanternshark,Tollo lucero raspa,Sagre rude
ETS,Etroplus suratensis,Pearlspot,,
ETT,Etmopterus polli,African lanternshark,Tollo lucero africano,Sagre à menton lisse
ETU,Etmopterus bullisi,Lined lanternshark,Tollo lucero rayado,Sagre chien
ETV,Etmopterus villosus,Hawaiian lanternshark,Tollo lucero de Hawaii,Sagre diablotin
ETW,Etmopterus virens,Green lanternshark,Tollo lucero verde,Sagre vert
ETX,Etmopterus spinax,Velvet belly,Negrito,Sagre commun
ETY,Eretmodus cyanostictus,,,
ETZ,Etmopterus schultzi,Fringfin lanternshark,Tollo lucero franjeado,Sagre à nageoires frangées
EUA,Eubalaena australis,Southern right whale,Ballena franca austral,Baleine australe
EUB,Eusphyra blochii,Winghead shark,,
EUC,Eudyptes chrysolophus,Macaroni penguin,Pingüino macarrones,Gorfou doré
EUD,Eutropiellus debauwi,,,
EUE,Eupallasella perenurus,Lake minnow,,
EUF,Eustomias furcifer,,,
EUG,Eubalaena glacialis,Northern right whale,Ballena franca,Baleine de Biscaye
EUH,Eurycheilus pantherinus,,,
EUI,Eurystole eriarcha,Longfin silverside,,
EUJ,Eumicrotremus derjugini,Leatherfin lumpsucker,,
EUK,Eucryphycus californicus,Persimmon eelpout,,
EUL,Thaleichthys pacificus,Eulachon,,Eulakane
EUM,Centrarchus macropterus,Flier,,
EUN,Eustomias tetranema,,,
EUO,Eustomias longibarba,,,
EUP,Euprotomicrus bispinatus,Pygmy shark,Tollo pigmeo,Squale pygmée
EUQ,Eustomias obscurus,,,
EUR,Eustomias braueri,,,
EUS,Euchilichthys astatodon,,,
EUT,Eugnathichthys eetveldii,,,
EUU,Pareutropius buffei,,,
EUV,Eutropiichthys vacha,,,
EUW,Eurypleuron owasianum,,,
EUX,Etisus utilis,Sawedged spooner,,
EUY,Euclichthys polynemus,Eucla cod,,
EUZ,Euprotomicroides zantedeschia,Taillight shark,Tollo rabo claro,Squale à queue claire
EVA,Anchoviella alleni,Allen's anchovy,,
EVB,Anchoviella brevirostris,Snubnose anchovy,,
EVD,Evynnis cardinalis,Threadfin porgy,,
EVE,Anchoviella elongata,Elongate anchovy,,
EVG,Anchoviella guianensis,Guyana anchovy,,
EVH,Pelvicachromis humilis,,,
EVI,Evistias acutirostris,Striped boarfish,,
EVJ,Anchoviella jamesi,James's anchovy,,
EVK,Anchoviella spp,Anchoviellas nei,Anchoviellas nep,Anchoviellas nca
EVL,Anchoviella lepidentostole,Broadband anchovy,Anchoa ñata,Anchois gras
EVM,Evermannichthys metzelaari,Sponge goby,,
EVN,Anchoviella cayennensis,Cayenne anchovy,,
EVO,Evermannella balbo,Balbo sabretooth,,
EVP,Evoxymetopon poeyi,Poey's scabbardfish,Tajalí de Poey,Poisson-sabre latte
EVQ,Eudyptes chrysocome,Rockhopper penguin,Pingüino saltarrocas,Gorfou sauteur
EVR,Evorthodus lyricus,Lyre goby,,
EVS,Evibacus princeps,Shield fan lobster,Cigarro chato,Cigale écusson
EVT,Anchoviella nattereri,Natterer's anchovy,,
EVU,Evarra bustamantei,,,
EVV,Anchoviella vaillanti,Vaillant's anchovy,,
EVX,Eviota abax,,,
EVY,Evynnis spp,,,
EWA,Astacidae,European crayfishes nei,Cangrejos de río europeos nep,Écrevisses européennes nca
EWC,Epinephelus caeruleopunctatus,Whitespotted grouper,Mero nevero,Mérou taches blanches
EWE,Epinephelus epistictus,Dotted grouper,Mero pálido,Mérou pâle
EWF,Epinephelus fuscoguttatus,Brown-marbled grouper,Mero manchado,Mérou marron
EWG,Epinephelus posteli,Striped-fin grouper,Mero aleta listada,
EWI,Epinephelus irroratus,Marquesan grouper,Mero marquesano,Mérou Marquises
EWK,Eupleurogrammus glossodon,Longtooth hairtail,Pez sable dentón,Poisson-sabre dentu
EWL,Epinephelus tukula,Potato grouper,Mero patata,Mérou patate
EWM,Epinephelus miliaris,Netfin grouper,Mero colmenar,Mérou abeille
EWN,Anguilla nebulosa,Mottled eel,,
EWO,Epinephelus octofasciatus,Eightbar grouper,Mero de ocho bandas,Mérou huit raies
EWP,Epinephelus poecilonotus,Dot-dash grouper,Mero punto y linea,Mérou morse
EWQ,Lucina pensylvanica,Pennsylvania lucine,,
EWR,Epinephelus retouti,Red-tipped grouper,Mero punteado,Mérou à bout rouge
EWS,Epinephelus summana,Summan grouper,Mero sumán,Mérou summan
EWT,Epinephelus tuamotuensis,Reticulate grouper,Mero reticular,Mérou réseau
EWU,Epinephelus multinotatus,White-blotched grouper,Mero de lunares,Mérou plate grise
EWV,Epinephelus faveatus,Barred-chest grouper,Mero bandeado,Mérou écharpe
EWW,Epinephelus longispinis,Longspine grouper,Mero espigón,Mérou longues épines
EWX,Lucina spp,,,
EWY,Epinephelus polylepis,Smallscaled grouper,Mero escamoso,Mérou petites écailles
EXA,Exochochromis anagenys,Threespot torpedo,,
EXB,Exostoma berdmorei,,,
EXC,Exopalaemon carinicauda,Ridgetail prawn,Camarón quilla,Bouquet quille
EXD,Exechodontes daidaleus,,,
EXE,Exyrias belissimus,Mud reef-goby,,
EXG,Elachocharax geryi,,,
EXH,Epixanthus dentatus,Longfingered peeler crab,,
EXI,Esox americanus,Redfin pickerel,,
EXL,Euaxoctopus pillsburyae,Map octopus,Pulpo lampazo,Poulpe lierre
EXM,Exoglossum maxillingua,Cutlips minnow,,
EXN,Exopalaemon mani,Mamtom prawn,Camarón mamtom,Bouquet mamtom
EXO,Exopalaemon modestus,Siberian prawn,Camarón siberiano,Bouquet sibérien
EXP,Erisphex philippinus,,,
EXQ,Euleptorhamphus velox,Flying halfbeak,Agujeta voladora,Demi-bec volant
EXR,Exallias brevis,Leopard blenny,,
EXS,Exerpes asper,Sargassum blenny,,
EXT,Exopalaemon orientalis,Oriental prawn,Camarón oriental,Bouquet oriental
EXU,Exopalaemon vietnamicus,Vietnamese crest prawn,,
EXV,Exocoetus volitans,Tropical two-wing flyingfish,,
EXX,Exodon paradoxus,Bucktooth tetra,,
EXY,Exopalaemon styliferus,Roshna prawn,Camarón rosna,Bouquet rosna
EYA,Epiplatys azureus,,,
EYB,Thryssa baelama,Baelama anchovy,Bocarte belama,Anchois-moustache sardin
EYC,Eurypegasus draconis,Short dragonfish,,
EYD,Thryssa dussumieri,Dussumier's thryssa,Bocarte mandelo,Anchois-moustache mandeli
EYE,Thryssa encrasicholoides,False baelama anchovy,,
EYF,Seleniolycus laevifasciatus,,,
EYG,Thryssa rastrosa,Fly river thryssa,,
EYH,Thryssa hamiltonii,Hamilton's thryssa,Bocarte bolinado,Anchois-moustache mamata
EYI,Ernstichthys anduzei,,,
EYJ,Thryssa brevicauda,Short-tail thryssa,,
EYK,Thryssa kammalensis,Kammal thryssa,,
EYL,Euryglossa orientalis,Oriental sole,,
EYM,Thryssa malabarica,Malabar thryssa,Bocarte malabárico,Anchois-moustache malabar
EYN,Eupetrichthys angustipes,,,
EYO,Erythrocles monodi,Atlantic rubyfish,,
EYP,Thryssa purava,Oblique-jaw thryssa,,
EYQ,Euprymna morsei,Mimika bobtail squid,Globito mimika,Sépiole mimika
EYR,Erythrinus erythrinus,,,
EYS,Thryssa scratchleyi,New Guinea thryssa,,
EYT,Thryssa setirostris,Longjaw thryssa,Bocarte de cuernos,Anchois-moustache cornu
EYU,Eurymen gyrinus,Smoothcheek sculpin,,
EYV,Thryssa vitrirostris,Orangemouth anchovy,Bocarte cristal,Anchois-moustache cristal
EYW,Thryssa whiteheadi,Whitehead's thryssa,,
EYX,Euphylax robustus,Robustus swimcrab,Jaiba robusta,Crabe nageur robuste
EYY,Thryssa mystax,Moustached thryssa,Bocarte dompilón,Anchois-moustache sardelle
EYZ,Euprymna tasmanica,Southern bobtail squid,Globito de Tasmania,Sépiole du Tasmanie
EZE,Enteroctopus zealandicus,Yellow octopus,,
EZJ,Eubalaena japonica,North Pacific right whale,Ballena franca Pacífico norte,Baleine du Pacifique nord
EZL,Sepioloidea lineolata,Striped dumpling squid,,
EZR,Epinephelus radiatus,Oblique-banded grouper,Mero acebrado,Mérou zébré
EZS,Scorpaena elongata,Slender rockfish,Gallineta rosada,Rascasse rose
EZW,Lycengraulis spp,Sabretooth anchovys nei,,
EZX,Eurhomalea spp,,,
FAB,Puntius spp,Asian barbs nei,Barbos de Asia nep,Barbeaux d'Asie nca
FAC,Pasiphaea tarda,Crimson pasiphaeid,,
FAD,Phalium bandatum,Banded bonnet,,Casque rubanne
FAE,Paphia semirugata,Semigrooved venus,,Palourde semirugueuse
FAG,Paphia gallus,Rooster venus,,Palourde coq
FAJ,Pasiphaea japonica,Japanese glass shrimp,Camarón cristal japonés,Sivade japonais
FAL,Carcharhinus falciformis,Silky shark,Tiburón jaquetón,Requin soyeux
FAM,Pasiphaea multidentata,Pink glass shrimp,Camarón cristal rosado,Sivade rose
FAR,Phalium areola,Checkerboard bonnet,,
FAS,Sprattus fuegensis,Falkland sprat,Espadín de las Malvinas,Sprat des îles Falkland
FAT,Paphia textile,Textile venus,,Palourde textile
FAU,Phalium glaucum,Grey bonnet,,Casque gris
FAV,Pasiphaea sivado,White glass shrimp,Camarón cristal blanco,Sivade blanc
FAW,Pseudorca crassidens,False killer whale,Orca falsa,Faux-orque
FAX,Phalium spp,,,
FBH,Phenablennius heyligeri,,,
FBM,Abramis brama,Freshwater bream,Brema común,Brème d'eau douce
FBR,Abramis spp,Freshwater breams nei,Bremas nep,Brèmes d'eau douce nca
FBT,Natator depressus,Flatback turtle,Tortuga plana de Australia,Tortue plate
FBU,Lota lota,Burbot,Lota,Lotte de rivière
FBX,Acanthephyra spp,Subantarctic ruby prawn nei,,
FCA,Atrophacanthus japonicus,,,
FCB,Fallicambarus byersi,Lavender burrowing crayfish,,
FCC,Carassius carassius,Crucian carp,Carpín,Carassin(=Cyprin)
FCD,Scapharca indica,Rudder ark,,Arche gouvernail
FCE,Scapharca chemnitzi,Chemnitz's ark,,
FCG,Ctenopharyngodon idellus,Grass carp(=White amur),Carpa china,Carpe herbivore(=chinoise)
FCH,Leptobarbus hoeveni,Hoven's carp,Barbo de Hoven,Barbus d'Hoven
FCI,Scapharca inaequivalvis,Inequivalve ark,Arca desigual,Arche inéquivalve
FCJ,Phalloptychus januarius,,,
FCK,Sphaerococcus coronopifolius,False gorgon,Tallo chino,Fausse gorgone
FCL,Scapharca globosa,Globose ark,,Arche globuleuse
FCM,Franciscodoras marmoratus,,,
FCN,Osteochilus hasselti,Nilem carp,,
FCO,Parasphaerichthys ocellatus,Eyespot gourami,,
FCP,Cyprinus carpio,Common carp,Carpa,Carpe commune
FCR,Scapharca brasiliana,Incongruous ark,Arca pepitona,Arche incongrue
FCS,Photocorynus spiniceps,,,
FCT,Phenacostethus posthon,,,
FCU,Phalloceros caudimaculatus,Dusky millions fish,,
FCV,Fucus virsoides,Adriatic wrack,Fuco del Adriatico,Fucus d'Adriatique
FCX,Crustacea,Freshwater crustaceans nei,Crustáceos de agua dulce nep,Crustacés d'eau douce nca
FCY,Cyprinidae,Cyprinids nei,Ciprínidos nep,Cyprinidés nca
FDA,Sphoeroides annulatus,Bullseye puffer,,
FDK,Phallostethus dunckeri,,,
FDM,Pherallodichthys meshimaensis,,,
FDT,Sphoeroides testudineus,Checkered puffer,,
FDW,Leukoma asperrima,,,
FDX,Leukoma spp,,,
FEB,Alpheus brevicristatus,Teppo snapping shrimp,Camarón tepo,Cardon teppo
FED,Alpheus digitalis,Forceps snapping shrimp,Camarón tenaza,Cardon tenaille
FEE,Alpheus heterochaelis,Bigclaw snapping shrimp,Camarón tamarú,Cardon grandes pinces
FEG,Alpheus gracilipes,Daisy snapping shrimp,Camarón margarita,Cardon marguerite
FEH,Alpheus hoplocheles,Armed snapping shrimp,Camarón armado,Cardon épineux
FEI,Alpheus bisincisus,Flathead snapping shrimp,Camarón chato,Cardon nez camus
FEJ,Alpheus japonicus,Japanese snapping shrimp,Camarón chasqueador,Cardon japonais
FEL,Alpheus glaber,Red snapping shrimp,Camarón carneo,Cardon rouge
FEP,Alpheus spongiarum,Bristle snapping shrimp,Camarón cepillo,Cardon brosse
FES,Alpheus sublucanus,Coral snapping shrimp,Camarón de coral,Cardon corail
FET,Alpheus stephensoni,Queensland snapping shrimp,Camarón australiano,Cardon australien
FEU,Alpheus euphrosyne,Nymph snapping shrimp,Camarón palomilla,Cardon nymphe
FEW,Fusitriton oregonensis,Oregon triton,,
FEX,Fusitriton spp,,,
FEY,Enallopsammia rostrata,,,
FFV,Hirundichthys affinis,Fourwing flyingfish,Volador golondrina,Exocet hirondelle
FFX,Monacanthidae,"Filefishes, leatherjackets nei","Cachúas, lijas nep",Poissons-bourses nca
FGA,Siphonognathus argyrophanes,,,
FGB,Eleotridae,"Gudgeons, sleepers nei",Durmientes nep,"Gudgeons, dormeurs nca"
FGC,Rana graeca,Greek frog,,
FGD,Fragum unedo,Pacific strawberry cockle,,Bucarde fraise
FGE,Fragum hemicardium,Pacific half cockle,,Bucarde demi-coeur
FGF,Forcipiger flavissimus,Longnose butterfly fish,,
FGG,Osphronemus goramy,Giant gourami,Gurami gigante,Gourami géant
FGH,Caffrogobius agulhensis,Agulhas goby,,
FGI,Rana ridibunda,European green frog,,
FGK,Rana esculenta,European frog,,
FGL,Rana lessonae,,,
FGM,Rana dalmatina,Agile frog,,
FGN,Pholis gunnellus,Rock gunnel,,
FGO,Helostoma temminckii,Kissing gourami,Gurami besador,Gourami embrasseur
FGP,Rana pipiens,Northern leopard frog,,
FGQ,Fregetta tropica,Black-bellied storm petrel,Paíño ventrinegro,Océanite à ventre noir
FGR,Fragum fragum,White strawberry cockle,,Bucarde à collier
FGS,Trichogaster pectoralis,Snakeskin gourami,Gurami piel de serpiente,Gourami peau de serpent
FGT,Rana temporaria,Common frog,,
FGU,Flagellostomias boureei,,,
FGV,Lopholatilus villarii,,,
FGX,Gobiidae,Freshwater gobies nei,Góbidos de agua dulce nep,Gobies d'eau douce nca
FGY,Rana grylio,Pig frog,,
FGZ,Fregetta spp,B/W bellied storm petrels nei,,
FHX,Chrysogorgia spp,,,
FIC,Cryodraco antarcticus,Long-fingered icefish,,
FID,Leuciscus idus,Orfe(=Ide),Cachuelo,Ide mélanote
FIE,Leuciscus leuciscus,Common dace,Leucisco,Vandoise
FIF,Fimbria fimbriata,Common basket lucina,,Grand corbis
FIG,Ficus gracilis,Graceful fig shell,,Pyrule gracile
FIH,Filimanus heptadactyla,Sevenfinger threadfin,Barbudo de siete dedos,Barbure à sept doigts
FIK,Stephanolepis hispidus,Planehead filefish,Lija áspera,
FIL,Stephanolepis cirrhifer,Threadsail filefish,,
FIM,Aphia minuta,Transparent goby,Chanquete,Nonnat
FIN,Osteichthyes,Finfishes nei,Peces de escama nep,Poissons téléostéens nca
FIO,Fistularia commersonii,Bluespotted cornetfish,Corneta pintada,Cornette à taches bleues
FIP,Fistularia petimba,Red cornetfish,Corneta colorada,Cornette rouge
FIS,Channa micropeltes,Indonesian snakehead,Cabeza de serpiente rojo,Tête de serpent d'Indonésie
FIT,Fistularia spp,Flutemouth,,
FIU,Ficus subintermedia,Underlined fig shell,,Pyrule ficoide
FIV,Fimbria soverbii,Elegant basket lucina,,Corbis élégant
FIW,Balaenoptera physalus,Fin whale,Rorcual común,Rorqual commun
FIX,Flabellum spp,Flabellum cup corals nei,,
FJD,Fungia danai,Spiny mushroom coral,,
FJE,Fungia echinata,Rough feather coral,,
FJF,Fungia fungites,Common mushroom coral,,
FJP,Fungia paumotensis,Elongate mushroom coral,,
FJR,Caesio suevica,Suez fusilier,Fusilero de Suez,Fusilier de Suez
FJS,Sardinella fijiense,Fiji sardinella,,
FJX,Pholas spp,,,
FKG,Sphaerechinus granularis,Violet sea urchin,Erizo violaceo,Oursin violet
FKL,Fasciolaria lignaria,Wooden fasciolaria,Huso lenoso,Fasciolaire
FKN,Notopterus spp,Knifefishes,,
FKP,Scapharca pilula,Pill ark,,Arche pilule
FKU,Furcellaria lumbricalis,Red forkweed,Cuerno de ciervo,Furcelle cespiteuse
FKX,Fasciolaria spp,,,
FLA,Percophis brasiliensis,Brazilian flathead,Pez palo,Platête brésilien
FLB,Florenciella lugubris,,,
FLC,Pharella acutidens,Sharp razor clam,,Couteau tranchant
FLD,Scophthalmus aquosus,Windowpane flounder,Rodaballo arenero,Turbot de sable
FLE,Platichthys flesus,European flounder,Platija europea,Flet d'Europe
FLF,Cantherhines(=Navodon) spp,Filefishes nei,Cachúas nep,Bourses nca
FLG,Filicampus tigris,Tiger pipefish,,
FLH,Platycephalidae,Flatheads nei,Platicefálidos nep,Platycéphalidés nca
FLI,Platycephalus indicus,Bartail flathead,Chato índico,Platycéphale indien
FLJ,Pharella javanica,Javanese razor clam,,Couteau javanais
FLK,Pholas chiloensis,Pacific coast angel wing,Ala de ángel comes,Aile d'ange du Pacifique
FLL,Flabelligobius latruncularius,,,
FLM,Phyllonotus margaritensis,Margarita murex,Busano margarita,Murex marguerite
FLN,Pherallodus indicus,,,
FLO,Phyllonotus pomum,Apple murex,Busano manzanero,Rocher pomme
FLP,Penaeus chinensis,Fleshy prawn,Langostino carnoso,Crevette charnue
FLQ,Flabellum alabastrum,,,
FLR,Philypnodon grandiceps,,,
FLS,Paralichthys dentatus,Summer flounder,Falso halibut del Canadá,Cardeau d'été
FLT,Monopterus albus,Asian swamp eel,,
FLU,Protopterus spp,African lungfishes,Protopteros africanos,Protoptères d'Afrique
FLV,Flabellum angulare,,,
FLW,Pseudopleuronectes americanus,Winter flounder,Solla roja,Limande-plie rouge
FLX,Pleuronectiformes,Flatfishes nei,Peces planos nep,Poissons plats nca
FLY,Exocoetidae,Flyingfishes nei,Voladores nep,Exocets nca
FLZ,Flabellum macandrewi,Splitting fan coral,,
FMA,Parosphromenus allani,,,
FMB,Fusitriton magellanicus,,,
FMC,Pseudosphromenus cupanus,Spiketail paradisefish,,
FMG,Phalium granulatum,Grooved helmet,Casco acanalado,Casque cannelé
FMK,Phymatolithon calcareum,Chalk weed,Alga de cal,Maërl commun
FMN,Sphaeramia nematoptera,Pajama cardinalfish,,
FMS,Phalium saburon,Saburon helmet,Casco redondo,Casque saburon
FMV,Siphamia versicolor,Sea urchin cardinalfish,,
FNG,Siphonaria gigas,Giant false limpet,Sifonaria gigante,Siphonaire géante
FNJ,Siphonaria javanica,Javanese false limpet,,Siphonaire de Java
FNL,Siphonaria laciniosa,Fringed false limpet,,Siphonaire laciniée
FNO,Fulmarus glacialis,Northern fulmar,Fulmar norteño,Fulmar boréal
FNS,Siphonaria sirius,Sirius false limpet,,Siphonaire de Sirius
FNT,Phyllonotus trunculus,Banded murex,Busano,Murex tubercule
FNX,Phyllonotus duplex,Duplex murex,Cañailla espinuda,Rocher duplex
FOA,Fodiator acutus,Sharpchin flyingfish,,
FOB,Foa brachygramma,Weed cardinalfish,,
FOC,Foetorepus calauropomus,Common stinkfish,,
FOD,Pholas dactylus,Common piddock,Almeja brava,Pholade commune
FOE,Rana latastei,,,
FOF,Foerschichthys flavipinnis,,,
FOH,Forsterygion bathytaton,Chatham deep-water triplefin,,
FOI,Rana limnocharis,Indian rice frog,,
FOK,Rana catesbeiana,American bull frog,Rana toro americana,Grenouille-taureau americaine
FOL,Trophon albolabratus,Antarctic trophon,Busano antártico,Trophon antarctique
FON,Pholidichthys anguis,,,
FOO,Pholas orientalis,Oriental angel wing,,Aile d'ange orientale
FOP,Rana cyanophlyctis,Indian skipper frog,,
FOR,Phycis phycis,Forkbeard,Brótola de roca,Phycis de roche
FOS,Rana crassa,,,
FOT,Eleutheronema tetradactylum,Fourfinger threadfin,Barbudo de cuatro dedos,Barbure à quatre doigts
FOU,Rana fuscigula,,,
FOV,Rana vertebralis,,,
FOX,Phycis spp,Forkbeards nei,Brótolas nep,Phycis nca
FOY,Rana blythii,,,
FPA,Fratercula arctica,Atlantic puffin,Frailecillo atlántico,Macareux moine
FPC,Anabas testudineus,Climbing perch,Perca trepadora,Anabas
FPE,Perca fluviatilis,European perch,Perca,Perche européenne
FPI,Esox lucius,Northern pike,Lucio,Brochet du Nord
FPJ,Aplodactylus punctatus,,Jerguilla,
FPP,Sander lucioperca,Pike-perch,Lucioperca,Sandre
FPX,Trophon spp,,,
FPY,Perca flavescens,American yellow perch,Perca canadiense,Perchaude
FQC,Telmatobius culeus,,,
FQJ,Funiculina quadrangularis,,,
FRA,Pontoporia blainvillei,Franciscana,Franciscana,Dauphin de la Plata
FRB,Septifer bilocularis,Box mussel,,Septifere commun
FRC,Fraudella carassiops,,,
FRD,Lagenodelphis hosei,Fraser's dolphin,Delfín de Fraser,Dauphin de Fraser
FRE,Frontilabrus caeruleus,,,
FRF,Osteichthyes,Freshwater fishes nei,Peces de agua dulce nep,Poissons d'eau douce nca
FRG,Rana spp,Frogs,Ranas,Grenouilles
FRH,Rana hexadactyla,Indian green frog,,
FRI,Auxis thazard,Frigate tuna,Melva,Auxide
FRJ,Artemia franciscana,,,
FRK,Rana cancrivora,Crab-eating frog,,
FRL,Pharus legumen,Bean solen,Navallon,Cératisole-gousse
FRM,Rana magna,,,
FRN,Phrynorhombus norvegicus,Norwegian topknot,,
FRO,Rutilus rutilus,Roach,Rutilo,Gardon
FRP,Porphyra perforata,Frilled nori,Nori escarolado,Nori froncé
FRQ,Rana heckscheri,River frog,,
FRR,Sphaerichthys acrostoma,,,
FRS,Sardinella fimbriata,Fringescale sardinella,Tunsoy,Tunsoy
FRT,Rana tigrina,Asiatic bull frog,,
FRU,Phanerodon furcatus,White seaperch,,
FRX,Rutilus spp,Roaches nei,Rutilos nep,Gardons nca
FRZ,"Auxis thazard, A. rochei",Frigate and bullet tunas,Melva y melvera,Auxide et bonitou
FSA,Rhombosolea spp,Sand flounders nei,Sollas de arena nep,Rhombosoles nca
FSB,Fissurella barbadensis,Barbados keyhole limpet,Lapa de Barbados,Fissurelle des Barbades
FSC,Pelecus cultratus,Sichel,Peleco,
FSD,Fusinus dupetitthouarsi,Du Petit's spindle,Tulipan blanco,Fasciolaire blanche
FSE,Fissurella virescens,Green Panama keyhole limpet,Fisurela verde,Fissurelle verte
FSG,Pacifastacus nigrescens,Sooty crayfish,,
FSH,Ex Unionidae,Freshwater mussel shells,Conchas de mejillón agua dulce,Coquilles des moules eau douce
FSI,Siluroidei,Freshwater siluroids nei,Siluroideos de agua dulce nep,Silurides d'eau douce nca
FSK,Fissurella coarctata,Compressed keyhole limpet,Fisurela chata,Fissurelle compressée
FSM,Fissurella nimbosa,Rayed keyhole limpet,Lapa radiante,Fissurelle rayonnante
FSN,Channa spp,Snakeheads(=Murrels) nei,Cabezas de serpiente nep,Poissons tête de serpent nca
FSO,Fusinus rostratus,Beaked fusus,Huso,Fuseau de Tarente
FSR,Fossorochromis rostratus,,,
FSS,Channa striata,Striped snakehead,Cabeza de serpiente cabrío,Tête de serpent strié
FST,Fasciolaria tulipa,True tulip,Tulipan verdadero,Fasciolaire tulipe
FSU,Fissurella nubecula,Cloudy keyhole limpet,Fisurela nebulosa,Fissurelle nuageuse
FSV,Asaphis violascens,Pacific asaphis,,Sanguinolaire rugueuse
FSX,Fissurella spp,,,
FSY,Fusinus syracusanus,Syracusan fusus,Huso de Siracusa,Fuseau rubane
FTA,Periophthalmus argentilineatus,Barred mudskipper,,
FTB,Pholidoteuthis boschmai,Coffeebean scaled squid,Luria escamuda cafetal,Loutène battoir
FTD,Pholidoteuthis adami,Scaled squid,Luria escamuda,Loutène commune
FTE,Tinca tinca,Tench,Tenca,Tanche
FTF,Periophthalmodon freycineti,,,
FTG,Phyllonotus regius,Regal murex,Busano real,Murex royal
FTL,Platycephalus conatus,Deep-water flathead,,
FTQ,Pacifastacus fortis,Shasta crayfish,,
FTR,Phyllonotus brassica,Cabbage murex,Busano repollo,Murex chou
FTS,Hippoglossoides elassodon,Flathead sole,Platija japonesa,Balai du Japon
FTX,Scapharca spp,,,
FTY,Phyllonotus erythrostoma,Pink-mouthed murex,Busano rosado,Murex rose
FUA,Fucaceae,Wracks nei,Algas fuco nep,Algues fucus nca
FUC,Fistularia corneta,Pacific cornetfish,Corneta flautera,Cornette fluteau
FUD,Fusigobius duospilus,Barenape goby,,
FUG,Fulmarus glacialoides,Southern fulmar,Fulmar austral,Fulmar argenté
FUI,Furcina ishikawae,,,
FUK,Fusinus colus,Distaff spindle,,Fuseau quenouille
FUL,Fusinus closter,Philippi's spindle,Huso de Philippi,Fuseau de Philippi
FUM,Fucomimus mus,Mousey klipfish,,
FUN,Fusinus nicobaricus,Nicobar spindle,,Fuseau de Nicobar
FUQ,Phalium centiquadratum,Pacific Scotch bonnet,Casco granuloso del Pacífico,Casque granuleux du Pacifique
FUS,Caesio spp,Fusiliers Caesio nei,Fusileros Caesio nep,Fusiliers Caesio nca
FUT,Fistularia tabacaria,Cornetfish,Corneta,Cornette tachetée
FUU,Fucus serratus,Toothed wrack,,
FUV,Fucus vesiculosus,Bladder wrack,Fucus,Chone marin
FUX,Fundulus bifax,Stippled studfish,,
FUY,Fundulosoma thierryi,,,
FVA,Favonigobius aliciae,,,
FVE,Coregonus albula,Vendace,Coregono blanco,Corégone blanc
FVF,Favia favus,Head coral,,
FVM,Fulvia mutica,Japanese cockle,,
FVP,Fulvia papyracea,Paper cockle,,Bucarde papier
FVX,Fulvia spp,,,
FWA,Farlowella acus,Whiptail catfish,,
FWU,Fowleria aurita,Crosseyed cardinalfish,,
FWX,Asaphis spp,,,
FXB,Bathyphylax bombifrons,,,
FXC,Phaeoptyx conklini,Freckled cardinalfish,,
FXE,Festucalex erythraeus,,,
FXF,Flexopecten flexuosus,Flexuous scallop,Vieira ondulada,Pétoncle onde
FXG,Flexopecten glaber,Smooth scallop,Xelet,Pétoncle glabre
FXL,Faxonella clypeata,Ditch fencing crayfish,,
FXM,Feroxodon multistriatus,Manystriped blowfish,,
FXP,Flexopecten proteus,Proteus scallop,Vieira proteo,Pétoncle protée
FXW,Festucalex wassi,,,
FXX,Eunice spp,Eunice sea-worms,,
FYB,Sphyraenops bairdianus,,,
FYC,Floridichthys carpio,Goldspotted killifish,,
FYS,Porphyra spp,Nori nei,Luche,Nori nca
FYU,Acanthephyra curtirostris,Peaked shrimp,,
FYX,Stellifer spp,,,
FZG,Carbasea ovoidea,,,
FZP,Puntius lateristriga,Spanner barb,,
GAA,Galeus arae,Roughtail catshark,Pintarroja rabolija,Chien à queue rude
GAB,Galeus boardmani,Australian sawtail catshark,Pintarroja australiana,Chien égoine
GAC,Gadomus arcuatus,Doublethread grenadier,,
GAD,Gadiformes,Gadiformes nei,Gadiformes nep,Gadiformes nca
GAE,Galeus eastmani,Gecko catshark,Pintarroja salamanquesa,Chien gecko
GAF,Apistogramma trifasciata,,,
GAG,Galeorhinus galeus,Tope shark,Cazón,Requin-hâ
GAH,Galeus schultzi,Dwarf sawtail catshark,Pintarroja enana,Chien nain
GAI,Galeus sauteri,Blacktip sawtail catshark,Pintarroja rabonegro,Chien lime
GAJ,Coracinus capensis,Galjoen,Damba,Galjoin franc
GAK,Galene bispinosa,Square-shelled crab,,
GAL,Galeoides decadactylus,Lesser African threadfin,Barbudo enano africano,Petit capitaine
GAM,Galeus murinus,Mouse catshark,Pintarroja islándica,Chien islandais
GAN,Galeus nipponensis,Broadfin sawtail catshark,Pintarroja nipona,Chien planeur
GAO,Galeus longirostris,,,
GAP,Galeus piperatus,Peppered catshark,Pejegato pimienta,Chien poivré
GAQ,Galeus polli,African sawtail catshark,Pintarroja africana,Chien râpe
GAR,Belone belone,Garfish,Aguja,Orphie
GAS,Gastropoda,Gastropods nei,Gasterópodos nep,Gastropodes nca
GAT,Galeichthys feliceps,White barbel,Bagre barba blanca,Barbillon blanc
GAU,Galeus spp,Crest-tail catsharks nei,Pintarrojas nep,Chiens galeus nca
GAV,Aplochiton zebra,,,
GAW,Ataeniobius toweri,Bluetail goodea,,
GAX,Argonauta spp,Argonauts nei,Argonautas nep,Argonautes nca
GAY,Galeopsis bullatus,,,
GAZ,Portunus trituberculatus,Gazami crab,Jaiba gazami,Crabe gazami
GBA,Sphyraena barracuda,Great barracuda,Picuda barracuda,Barracuda
GBB,Brachygalaxias bullocki,,,
GBC,Gobius cobitis,Giant goby,Gobito de roca,Gobie céphalote
GBD,Gobiomorus dormitor,Bigmouth sleeper,Guavina bocón,
GBE,Gibbonsia elegans,Spotted kelpfish,,
GBF,Gobiusculus flavescens,Two-spotted goby,,
GBG,Caragobioides geomys,,,
GBH,Atya gabonensis,Gabon shrimp,Camarón gabonés,Saltarelle gabonaise
GBI,Glossogobius biocellatus,Sleepy goby,,
GBJ,Gibbula albida,White gibbula,Peonza blanca,Troque blanchâtre
GBK,Gobulus crescentalis,Crescent goby,Gobio creciente,
GBL,Plectorhinchus macrolepis,Biglip grunt,Burro labiogrueso,Diagramme à grosses lèvres
GBM,Oxyeleotris marmorata,Marble goby,,
GBN,Gobius niger,Black goby,Chaparrudo,Gobie noir
GBO,Zosterisessor ophiocephalus,Grass goby,Gobio serpentón,Gobie lote
GBP,Gobionellus atripinnis,Blackfin goby,,
GBQ,Gibbula adansoni,Adanson's gibbula,Peonza de Adanson,Troque d'Adanson
GBR,Plectorhinchus mediterraneus,Rubberlip grunt,Burro chiclero,Diagramme gris
GBS,Mycteroperca xenarcha,Broomtail grouper,Garropa jaspeada,Badèche balai
GBT,Gibberichthys latifrons,,,
GBU,Gracilopterygion bapturum,Japanese blacktail triplefin,,
GBV,Gobiomorphus breviceps,Upland bully,,
GBW,Gibbula divaricata,Divaricate gibbula,Peonza fina,Troque divergent
GBX,Gibbula ardens,Red-brown gibbula,Peonza brillante,Troque brillant
GBY,Gibbula fanulum,Chapel gibbula,Peonza pagoda,Troque petite pagode
GBZ,Gobius ater,Bellotti's goby,Gobio escarabajo,Gobie de Bellotti
GCA,Gracila albomarginata,Masked grouper,Mero paranjero,Mérou bord rouge
GCB,Gonichthys barnesi,,,
GCC,Glycymeris violacenscens,Violet bittersweet,Almeja tonta,Amande violacée
GCD,Glycymeris undata,Lined bittersweet,,
GCE,Chapalichthys encaustus,Barred splitfin,,
GCF,Gymnochanda filamentosa,,,
GCG,Bucephala clangula,Common goldeneye,Porrón osculado,Garrot à oeil d'or
GCH,Gracilaria chilensis,,Pelillo,
GCI,Gillichthys mirabilis,Longjaw mudsucker,,
GCJ,Glycymeris pilosa,Pilose bittersweet,Almendra peluda,Amande velue
GCK,Glycymeris bimaculata,Two-spotted bittersweet,Almendra rayada,Amande à deux taches
GCL,Conidens laticephalus,,,
GCM,Carnegiella marthae,Blackwing hatchetfish,,
GCN,Genyochromis mento,,,
GCO,Gracilaria veleroae,Veiled gracilaria,Gracilaria velada,Gracilaire voilée
GCP,Chapalichthys pardalis,Polka-dot splitfin,,
GCQ,Ciliata spp,,,
GCR,Gobius cruentatus,Red-mouthed goby,Gobito,Gobie ensanglanté
GCS,Ciliata septentrionalis,Northern rockling,,
GCT,Characodon lateralis,Rainbow characodon,,
GCU,Characodon audax,Bold characodon,,
GCV,Glycymeris reevei,Reeve's bittersweet,,Amande de Reeve
GCW,Gracilaria textorii,Broadleaf gracilaria,Gracilaria laminada,Gracilaire laminée
GCX,Chorisochismus dentex,Rocksucker,,
GCY,Crenichthys baileyi,White River springfish,,
GCZ,Clangula hyemalis,Long-tailed duck,Pato havelda,Harelde boréale
GDA,Glanidium albescens,,,
GDB,Diplecogaster bimaculata,Two-spotted clingfish,,
GDC,Discotrema crinophila,Crinoid clingfish,,
GDE,Gaidropsarus ensis,Threadfin rockling,,Mustèle arctique à trois barb.
GDF,Guentheridia formosa,Spotted puffer,,
GDG,Gadiculus argenteus,Silvery pout,Faneca plateada,Merlan argenté
GDH,Gelidium chilense,,,
GDI,Gadella imberbis,Beardless codling,,
GDJ,Gerreidae,"Mojarras, etc. nei","Mojarras, etc. nep","Blanches, etc. nca"
GDK,Gelidium lingulatum,,,
GDL,Gadella maraldi,Gadella,,
GDM,Gladioglanis machadoi,,,
GDN,Diademichthys lineatus,,,
GDO,Dellichthys morelandi,Urchin clingfish,,
GDP,Diplocrepis puniceus,Orange clingfish,,
GDQ,Goeldiella eques,,,
GDR,Gymnodraco acuticeps,Ploughfish,,
GDS,Apistogrammoides pucallpaensis,,,
GDT,Gaidropsarus argentatus,Arctic rockling,,
GDU,Gadopsis bispinosus,,,
GDV,Goniocorella dumosa,Bushy hard coral,,
GDW,Gonatidae,Gonate squids nei,Gonaluras nep,Encornets Gonatidae nca
GDX,Gelidium rex,,,
GDY,Gelidium amansii,Japanese isinglass,,
GEA,Gerlachea australis,,,
GEB,Genicanthus bellus,Ornate angelfish,,
GEC,Panopea abrupta,Pacific geoduck,Panopea del Pacífico,Panopée du Pacifique
GED,Gecarcoidea lalandii,Purple land crab,,
GEE,Empetrichthys merriami,Ash Meadows killifish,,
GEF,Gerres filamentosus,Whipfin silver-biddy,,
GEG,Genidens genidens,Guri sea catfish,,
GEH,Gerres setifer,,,
GEI,Genicanthus spinus,Pitcairn angelfish,,
GEJ,Gerres oyena,Common silver-biddy,Mojarra común,Blanche commune
GEK,Eckloniaichthys scylliorhiniceps,Weedsucker,,
GEL,Gelidium spp,Gelidium seaweeds,Gelidios,Algues gélidium
GEM,Rexea solandri,Silver gemfish,Escolar plateado,Escolier tifiati
GEN,Gerres cinereus,Yellow fin mojarra,,
GEO,Gerres oblongus,Slender silver-biddy,Mojarra elegante,Blanche élégante
GEP,Gempylidae,"Snake mackerels, escolars nei","Escolares, sierras nep","Escoliers, rouvets nca"
GEQ,Gelidium corneum,Giant gelidium,Ocle imperial,Gelidium imperial
GER,Chaceon spp,Chaceon geryons nei,Geriones Chaceon nep,Géryons Chaceon nca
GES,Gempylus serpens,Snake mackerel,Escolar de canal,Escolier serpent
GET,Gerres poieti,Strongspine silver-biddy,,
GEU,Genyatremus luteus,Torroto grunt,,
GEV,Gerres abbreviatus,Deep-bodied mojarra,,
GEW,Gelidium madascariense,,,
GEX,Panopea spp,,,
GEY,Geryonidae,"Deep-sea crabs, geryons nei",Geriones nep,Gérionidés nca
GEZ,Gerres nigri,Guinean striped mojarra,Mojarra guineana,Friture rayée
GFA,Geophagus brasiliensis,Pearl cichlid,,
GFB,Phycis blennoides,Greater forkbeard,Brótola de fango,Phycis de fond
GFC,Glyphocrangon vicaria,Vicary armoured shrimp,Camarón acorazado vicario,Crevette armée vicaire
GFD,Gafrarium dispar,Discrepant venus,,Circe mouchetée
GFE,Cologrammus flavescens,,,
GFF,Gerres methueni,Striped silver biddy,,
GFI,Glyphocrangon sicaria,Panama armoured shrimp,Camarón acorazado panameño,Crevette armée panaméenne
GFJ,Gafrarium tumidum,Tumid venus,,Circe gibbeuse
GFK,Gafrarium divaricatum,Forked venus,,Circe divariquée
GFL,Gephyrochromis lawsi,,,
GFM,Pelagocephalus marki,Rippled blaasop,,
GFN,Argonauta nodosa,Knobby argonaut,,
GFO,Glyphoglossus molossus,,,
GFP,Gafrarium pectinatum,Comb venus,,Circe pectinee
GFQ,Gomphina aequilatera,Equilateral venus,,Vénus équilatérale
GFS,Glyphocrangon spinulosa,Spiny armoured shrimp,Camarón acorazado espinoso,Crevette armée épineuse
GFT,Glyphocrangon alata,Armoured shrimp,Camarón ancorazado,Crevette armée
GFU,Glyphus marsupialis,Kangaroo shrimp,Camarón canguro,Sivade kangourou
GFV,Gomphosus varius,Bird wrasse,,
GFW,Geophagus proximus,,,
GFX,Tegula spp,,,
GFY,Gyrinomimus grahami,Flabby whalefish,,
GFZ,Cipangopaludina chinensis,Chinese mystery snail,,
GGA,Gagata gagata,,,
GGB,Galaxias brevipinnis,Koaro,,
GGC,Galaxias cleaveri,Tasmanian mudfish,,
GGD,Gaidropsarus mediterraneus,Shore rockling,Bertorella,Motelle de Méditerranée
GGE,Gagata cenia,,,
GGF,Galaxias fasciatus,Banded kokopu,,
GGG,Gonorynchus gonorynchus,Beaked salmon,,
GGH,Gigantura chuni,Gigantura,,
GGI,Gargariscus prionocephalus,,,
GGJ,Giganthias immaculatus,,,
GGK,Aseraggodes kaianus,,,
GGL,Gasteropelecus levis,Silver hatchetfish,,
GGM,Galaxias maculatus,Inanga,,
GGN,Gigantactis elsmani,,,
GGO,Gnathanacanthus goetzeei,Red velvetfish,,
GGP,Galaxias postvectis,Shortjaw kokopu,,
GGQ,Argonauta argo,Greater argonaut,Argonauta común,Argonaute papier
GGR,Gaidropsarus macrophthalmus,Bigeye rockling,,
GGS,Gelanoglanis stroudi,,,
GGT,Girardinichthys multiradiatus,Darkedged splitfin,,
GGU,Gaidropsarus vulgaris,Three-bearded rockling,Mollareta,Motelle commune
GGV,Galaxias vulgaris,Common river galaxias,,
GGW,Gorgoniidae,Gorgonians,,
GGX,Palatogobius paradoxus,Mauve goby,,
GGY,Gaidropsarus biscayensis,Mediterranean bigeye rockling,Barbada,Motelle
GGZ,Galaxias zebratus,Cape galaxias,,
GHA,Galeus atlanticus,Atlantic sawtail catshark,Olayo atlántico,
GHB,Gobius bucchichi,Bucchich's goby,Gobio de ortiga,Gobie moucheté
GHC,Grahamina capito,Spotted robust triplefin,,
GHD,Anser anser,Greylag goose,Ansar común,Oie cendrée
GHE,Gymnelus hemifasciatus,Halfbarred pout,,
GHF,Tomistoma schlegelii,False gharial,,Faux gavial
GHG,Gigartinaceae,Gigartina seaweeds nei,Lugas nep,Gigartines nca
GHH,Anser brachyrhynchus,Pink-footed goose,Ansar piquicorto,Oie à bec court
GHI,Anser fabalis,Bean goose,Ansar campestre,Oie des moissons
GHJ,Gorgonocephalus chilensis,,,
GHL,Reinhardtius hippoglossoides,Greenland halibut,Fletán negro,Flétan noir
GHM,Gymnachirus melas,,,
GHN,Megathura crenulata,Great keyhole limpet,Fisurela gigante,Grande fissurelle
GHO,Lethops connectens,Halfblind goby,,
GHP,Patagonotothen guntheri,Yellowfin notothen,,
GHR,Grahamichthys radiata,Graham's gudgeon,,
GHX,Tagelus spp,,,
GIA,Gila atraria,Utah chub,,
GIB,Gila bicolor,Tui chub,,
GIC,Gila cypha,Humpback chub,,
GID,Gilloblennius abditus,Obscure triplefin,,
GIE,Gila elegans,Bonytail,,
GIF,Gari fervensis,Faeroe sunset clam,Gario boreal,Psammobie boreale
GIH,Gibbula philberti,Philbert's gibbula,Peonza de Philbert,Troque de Philibert
GII,Glossolepis incisus,Red rainbowfish,,
GIK,Goniopsis pulchra,Racer mangrove crab,Carana de mangle,Anglette des mangroves
GIL,Girardinus creolus,Creole topminnow,,
GIM,Girella simplicidens,Gulf opal eye,Ojo azul,Calicagère oeil bleu
GIN,Gila nigrescens,Chihuahua chub,,
GIO,Gillellus arenicola,Sandy stargazer,,
GIP,Lates calcarifer,Barramundi(=Giant seaperch),Perca gigante,Perche barramundi
GIQ,Girella nigricans,Opaleye,Chopa verde,Calicagère verte
GIR,Gila robusta,Roundtail chub,,
GIS,Dosidicus gigas,Jumbo flying squid,Jibia gigante,Encornet géant
GIT,Penaeus monodon,Giant tiger prawn,Langostino jumbo,Crevette géante tigrée
GIU,Gilbertolus alatus,,,
GIV,Ginsburgellus novemlineatus,Nineline goby,,
GIW,Turbo sarmaticus,Giant periwinkle,,
GIX,Gari spp,Sunset clams nei,,Psammobies nca
GIY,Girella tricuspidata,Parore,,
GIZ,Gibbula magus,Magus gibbula,Peonza maga,Troque mage
GJA,Chondracanthus acicularis,Spurweed,Espuela de gallo,Griffes des Harpies
GJC,Gelidium crinale,Hairy gelidium,Gelidio crin,Gelidium-crin
GJD,Gari depressa,Depressed sunset clam,Almeja vespertina,Psammobie vespertinale
GJE,Chondracanthus teedii,Hackle weed,Rastrillo de mar,Rateau de Polypheme
GJF,Glycymeris longior,,,
GJI,Gibbula richardi,Richard's gibbula,Peonza de Richard,Troque de Richard
GJJ,Gelidium johnstonii,Red gelidium,Pajilla roja,Menue paille rouge
GJK,Gigartina skottsbergii,Skottsberg's gigartina,Gigartina de Skottsberg,Gigartine de Skottsberg
GJL,Argis lar,Kuro shrimp,Camarón kuro,Crevette kuro
GJM,Gibbula umbilicaris,Umbilicate medit. Gibbula,Peonza umbilical,Troque ombilicaire
GJO,Gelidiella acerosa,Chaffweed,Pajilla marina,Menue paille marine
GJP,Gelidium pusillum,Dwarf gelidium,Pajilla enana,Menue paille naine
GJQ,Gari squamosa,Squamose sunset clam,,Psammobie ecailleuse
GJR,Gibbula rarilineata,Concave gibbula,Peonza concava,Troque rariline
GJT,Gari togata,Courtesan sunset clam,,Psammobie courtisane
GJU,Gari truncata,Truncate sunset clam,,Psammobie tronquee
GJV,Gibbula varia,Variegate gibbula,Peonza variante,Troque variable
GJW,Gracilaria verrucosa,Warty gracilaria,Gracilaria común,Gracilaire commune
GJX,Gracilaria spinigera,Spiny gracilaria,Pelillo espinoso,Gracilaire épineuse
GJZ,Ageneiosus inermis,,,
GKA,Gracilaria dura,Leather gracilaria,Gracilaria coriaceae,Gracilaire coriace
GKC,Gracilaria arcuata,Arcuate gracilaria,,
GKD,Geukensia demissa,Atlantic ribbed mussel,,
GKE,Tegula pellisserpentis,Snakeskin tegula,Burgado piel de serpiente,Troque peau-de-serpent
GKF,Gymnogongrus furcellatus,,Liquen gomoso,
GKG,Glycymeris gigantea,Giant bittersweet,Almendra india,Amande indienne
GKH,Gracilaria eucheumoides,Prostrate gracilaria,,
GKI,Gracilaria edulis,Dichotomously branched gracila,,
GKK,Gracilaria salicornia,Segmented gracilaria,,
GKL,Glycymeris glycymeris,Common European bittersweet,Almendra de mar,Amande commune
GKM,Gecarcinus malpilensis,Malpelo land crab,Moro de Malpelo,Tomourou de Malpelo
GKN,Kopua nuimata,,,
GKO,Glycymeris ovata,Black bittersweet,,
GKP,Gecarcinus planatus,Red Pacific land crab,Moro rojo del Pacífico,Tombourou rouge du Pacifique
GKQ,Gecarcinus quadratus,Whitespotted land crab,Moro de manchas blancas,Tombourou à taches blanches
GKR,Glycymeris scripta,Scripta bittersweet,Almendra escritura,Amande écriture
GKS,Plagiocardium pseudolatum,Broad cockle,,Bucarde large
GKU,Glycymeris maculata,Speckled bittersweet,Almendra manchada,Amande marbrée
GKV,Glauconome virens,Greenish glauconomya,,Glauconomye verte
GKX,Galatea spp,,,
GLB,Chiloglanis batesii,,,
GLC,Lecanogaster chrysea,,,
GLD,Glycera dibranchiata,Bloodworm,,
GLE,Glaniopsis denudata,,,
GLF,Gladiogobius ensifer,Gladiator goby,,
GLG,Lebetus guilleti,Guillet's goby,,
GLH,Glaucosoma hebraicum,Westralian jewfish,,
GLI,Glossanodon leioglossus,Smalltoothed argentine,,
GLJ,Glyptoparus jugularis,Jugular blenny,,
GLK,Gunnellichthys curiosus,Curious wormfish,,
GLL,Lovettia sealii,Tasmanian whitebait,,
GLM,Pteroglanis manni,,,
GLN,Lepadichthys bolini,,,
GLO,Globicephala spp,Pilot whales nei,,
GLP,Lepadogaster lepadogaster,Shore clingfish,,
GLQ,Gloripallium pallium,Royal cloak scallop,,Pétoncle manteau
GLR,Lepadogaster candollei,Connemarra clingfish,,
GLS,Gracilaria spp,Gracilaria seaweeds,Gracilarias,Algues gracilaires
GLT,Gnathanodon speciosus,Golden trevally,Jurel dorado,Carangue royale
GLU,Glaucosoma scapulare,,,
GLV,Glycymeris vovan,Vovan bittersweet,Almendra vovania,Amande vovan
GLW,Tagelus adansonii,Adanson's tagelus,Tagelo de Adanson,Tagal d'Adanson
GLX,Galatea paradoxa,Common galatea clam,Almeja galatea,Donace peigne
GLY,Paragunnellichthys seychellensis,,,
GLZ,Glyptocephalus zachirus,Rex sole,Platija rey,Plie cynoglosse royale
GMA,Grammistops ocellatus,Ocellate soapfish,,
GMC,Grammatonotus crosnieri,Long-tailed groppo,,
GMD,Gymneleotris seminudus,Splitbanded goby,,
GME,Gymnocranius frenatus,Yellowsnout large-eye bream,,
GMF,Grammatostomias flagellibarba,,,
GMG,Grammicolepis brachiusculus,Thorny tinselfish,,
GMH,Gymnocanthus herzensteini,,,
GMI,Gymnoclinus cristulatus,Trident prickleback,,
GMJ,Sagamia geneionema,,,
GMK,Grammoplites suppositus,Spotfin flathead,,Platycéphale épée
GML,Gramma loreto,Royal gramma,,
GMM,Modicus minimus,,,
GMN,Gymnogobius raninus,,,
GMO,Grammonoides opisthodon,Bighead brotula,,
GMP,Gymnammodytes capensis,Cape sandlance,,
GMQ,Gymnocranius euanus,Japanese large-eye bream,,Bossu blanc à points noirs
GMR,Gymnocranius griseus,Grey large-eye bream,Emperador gris,Empereur gris
GMS,Ameca splendens,Butterfly splitfin,,
GMT,Grammonus ater,,,
GMU,Grammoplites gruveli,Guinea flathead,,
GMV,Gymnocrotaphus curvidens,Janbruin,,
GMW,Gymnocranius grandoculis,Blue-lined large-eye bream,,Empereur tatoué
GMY,Gymnocaesio gymnoptera,Slender fusilier,Fusilero elegante,Fusilier élégant
GMZ,Gymnogeophagus balzanii,Argentine humphead,,
GNA,Gnathopogon caerulescens,,,
GNB,Neochanna burrowsius,Canterbury mudfish,,
GNC,Ginglymostoma cirratum,Nurse shark,Gata nodriza,Requin-nourrice
GND,Neochanna diversus,Black mudfish,,
GNE,Gnathopogon elongatus,,,
GNF,Gymnapogon africanus,Crystal cardinal,,
GNG,Ginglymostoma spp,Nurse sharks nei,Gatas nodrizas nep,Requins-nourrices nca
GNH,Ageneiosus therezine,,,
GNI,Ageneiosus valenciennesi,,,
GNJ,Ageneiosus vittatus,,,
GNK,Ageneiosus ucayalensis,,,
GNL,Ageneiosus melanopogon,,,
GNM,Ageneiosus madeirensis,,,
GNN,Ageneiosus parnaguensis,,,
GNO,Ageneiosus rondoni,,,
GNP,Goslinia platynema,Slobbering catfish,,
GNQ,Ageneiosus marmoratus,Bottlenose catfish,,
GNR,Ageneiosus brevifilis,Manduba,,
GNS,Platanista gangetica,Ganges River dolphin,Platanista del Ganges,Plataniste du Gange
GNT,Ageneiosus atronasus,,,
GNU,Ageneiosus dentatus,,,
GNV,Ageneiosus brevis,,,
GNW,Ageneiosus uruguayensis,,,
GNX,Gnathochromis permaxillaris,,,
GNY,Ageneiosus polystictus,,,
GNZ,Paracrangon areolata,Areolated horned shrimp,Camarón cornudo areolado,Crevette cornue à areoles
GOA,Pseudupeneus prayensis,West African goatfish,Salmonete barbudo,Rouget du Sénégal
GOB,Gobius spp,Atlantic gobies nei,"Góbidos, chaparrudos nep",Gobies de l'Atlantique nca
GOC,Opeatogenys cadenati,,,
GOD,Gobitrichinotus radiocularis,,,
GOE,Pogonolycus elegans,,,
GOF,Lesueurigobius friesii,Fries's goby,,
GOG,Gobio gobio,,,
GOH,Gonioplectrus hispanus,Spanish flag,Bandera español,Pavillon espagnol
GOI,Gobiopsis aporia,,,
GOJ,Gorogobius nigricinctus,,,
GOK,Lotilia graciliosa,Whitecap goby,,
GOL,Gobiodon acicularis,,,
GOM,Trichogaster spp,Gouramis nei,Guramis nep,Gouramis nca
GON,Gobius paganellus,Rock goby,Bobí,Gobie paganel
GOO,Lepas spp,Goose barnacles nei,Bellotas de mar nep,Balanes nca
GOP,Gobio albipinnatus,White-finned gudgeon,,
GOQ,Glyphocrangon lowryi,Goblin prawn,,
GOR,Gobiobotia brevibarba,,,
GOT,Goodea atripinnis,Blackfin goodea,,
GOU,Glossogobius giuris,Tank goby,,
GOV,Goniocidaris umbraculum,Umbrella urchin,,
GOW,Gobiocichla ethelwynnae,,,
GOX,Upeneus spp,Goatfishes,Salmonetes,Rougets-souris
GOY,Gobiopterus brachypterus,,,
GOZ,Gammogobius steinitzi,,,
GPA,Gobiidae,Gobies nei,Góbidos nep,Gobies nca
GPB,Mycteroperca spp,Brazilian groupers nei,Cunas nep,Badèches nca
GPC,Cynoponticus ferox,Guinean pike conger,Morenocio de Guinea,Murénésoce de Guinée
GPD,Epinephelus marginatus,Dusky grouper,Mero moreno,Mérou noir
GPE,Phycis chesteri,Longfin hake,,Merluche à longues nagerois
GPF,Gastropsetta frontalis,Shrimp flounder,,
GPG,Propherallodus briggsi,,,
GPH,Phractolaemus ansorgii,Hingemouth,,
GPI,Palutrus meteori,Meteor goby,,
GPJ,Goniopsis pelii,Purple mangrove crab,Abuete real,Anglette de mangroves violette
GPK,Grapsus tenuicrustatus,Natal lightfoot crab,,
GPL,Lepidogobius lepidus,Bay goby,,
GPM,Aspasma minima,,,
GPN,Epinephelus striatus,Nassau grouper,Cherna criolla,Mérou rayé
GPO,Padogobius bonelli,,,
GPP,Leucopsarion petersi,,,
GPQ,Angiospermae,Seagrasses nei,,Angiospermes aquatiques nca
GPR,Epinephelus morio,Red grouper,Mero americano,Mérou rouge
GPS,Epinephelus analogus,Spotted grouper,Mero moteado,Mérou cabrilla
GPT,Pungitius pungitius,Ninespine stickleback,,
GPU,Paragalaxias dissimilis,,,
GPV,Goniocidaris parasol,Parasol urchin,,
GPW,Epinephelus aeneus,White grouper,Cherna de ley,Mérou blanc
GPX,Epinephelus spp,Groupers nei,Meros nep,Mérous nca
GQA,Crangon alaskensis,Alaska shrimp,Quisquilla de Alaska,Crevette alaska
GQB,Sargassum fusiforme,Fusiform sargassum,,
GQC,Crangon communis,Gray shrimp,Quisquilla gris,Crevette cendrée
GQD,Plectorhinchus sordidus,Sordid rubberlip,Burro boca colorada,Diagramme à lèvres rouges
GQE,Gari elongata,Elongate sunset clam,,Psammobie allongee
GQF,Crangon franciscorum,California shrimp,Quisquilla californiana,Crevette californienne
GQG,Latirolagena smaragdula,Precious stone shell,,Fasciolaire rustique
GQH,Glossus humanus,Oxheart cockle,Corazon de buey,Isocarde globuleuse
GQI,Crangon nigromaculata,Bay shrimp,Quisquilla de caleta,Crevette baie
GQJ,Sargassum cristaefolium,Double-bladed sargassum,,
GQK,Sargassum crassifolium,Common Pacific sargassum,,
GQL,Sargassum polycystum,Rough-stemmed sargassum,,
GQM,Gari minor,Minor sunset clam,,
GQN,Crangon nigricauda,Blacktailed shrimp,Quisquilla rabo negro,Crevette queue noire
GQO,Macrocystis spp,Kelp nei,Huiros nep,Kelps nca
GQP,Gardinoseris planulata,Ice-cube tray coral,Coral hielero,Corail glacier
GQR,Asparagopsis armata,Red harpoon,Esparrago marino,Harpon de Neptune
GQS,Crangon septemspinosa,Sand shrimp,Quisquilla arenera,Crevette sable
GQT,Plectorhinchus gaterinus,Blackspotted rubberlip,,Diagramme moucheté
GQU,Sargassum paniculatum,Serrate sargassum,,
GQV,Plectorhinchus orientalis,Oriental sweetlips,,
GQW,Plectorhinchus playfairi,Whitebarred rubberlip,,Diagramme rayons de soleil
GQX,Asparagopsis taxiformis,Red sea plume,,
GQY,Sargassum oligocystum,Flat-stemmed sargassum,,
GQZ,Sigmops bathyphilus,Spark anglemouth,,
GRA,Parapristipoma octolineatum,African striped grunt,Burro listado,Grondeur rayé
GRB,Brachydeuterus auritus,Bigeye grunt,Burro ojón,Lippu pelon
GRC,Gadus ogac,Greenland cod,Bacalao de Groenlandia,Morue ogac
GRD,Garra dembeensis,,,
GRE,Chlorophthalmidae,Greeneyes,Ojiverdes,Verdyeux
GRF,Rimicola dimorpha,Southern clingfish,,
GRG,Garra ghorensis,,,
GRH,Grammatobothus polyophthalmus,Threespot flounder,,
GRI,Garra tibanica,,,
GRJ,Grammatotria lemairii,,,
GRK,Garra lamta,,,
GRL,Pomadasys argenteus,Silver grunt,Corocoro plateado,Grondeur argenté
GRM,Macruronus magellanicus,Patagonian grenadier,Merluza de cola,Grenadier de Patagonie
GRN,Macruronus novaezelandiae,Blue grenadier,Cola de rata azul,Grenadier bleu
GRO,Osteichthyes,Groundfishes nei,Peces de fondo nep,Poissons de fond nca
GRP,Isacia conceptionis,Cabinza grunt,Cabinza,Cagna cabinza
GRQ,Geryon longipes,Mediterranean geryon,Gerión mediterráneo,Géryon de la Méditerranée
GRR,Garra rufa,,,
GRT,Garra gotyla,,,
GRU,Garra mullya,,,
GRV,Macrourus spp,Grenadiers nei,Granaderos nep,Grenadiers nca
GRW,Eschrichtius robustus,Gray whale,Ballena gris,Baleine grise
GRX,Haemulidae(=Pomadasyidae),"Grunts, sweetlips nei","Burros, roncos nep","Grondeurs, diagrammes nca"
GSA,Carangoides praeustus,Brownback trevally,,
GSB,Gastromyzon borneensis,,,
GSC,Asra turcomanus,,,
GSD,Gonostoma denudatum,,,
GSE,Grammistes sexlineatus,Goldenstriped soapfish,,
GSF,Gambusia affinis,Mosquitofish,,
GSG,Glossamia gjellerupi,Gjellerup's mouth almighty,,
GSH,Ex Turbo spp,Turban shells nei,Turbinas nep,Coquilles turbo nca
GSI,Gobiosoma bosci,Naked goby,,
GSJ,Paraplagusia blochii,,,
GSK,Somniosus microcephalus,Greenland shark,Tollo de Groenlandia,Laimargue du Groenland
GSL,Gonostoma elongatum,Elongated bristlemouth fish,,
GSM,Buglossidium luteum,Solenette,,
GSN,Gobioides ansorgii,,,
GSO,Parioglossus aporos,,,
GSP,Carangoides plagiotaenia,Barcheek trevally,,
GSQ,Grapsus grapsus,Lightfoot crab,Abuete negro,Anglette commune
GSR,Gambusia echeagarayi,,,
GSS,Spinachia spinachia,Sea stickleback,,
GST,Carangoides talamparoides,Imposter trevally,,
GSU,Pagrus auratus,Silver seabream,Dorada del Pacífico,Dorade
GSV,Gersemia rubiformis,Sea strawberry,,
GSX,Gonostoma spp,,,
GSY,Gonostoma bathyphilum,,,
GTA,Gasterosteus aculeatus,Three-spined stickleback,Espinoso,Épinoche à trois épines
GTB,Tomicodon bidens,Bifid clingfish,,
GTC,Gnatholepis anjerensis,,,
GTD,Gonatus kamtschaticus,Shortarm gonate squid,Gonalura bracicorta,Encornet bras courts
GTE,Gonatopsis borealis,Boreopacific gonate squid,Gonalura pacificoboreal,Encornet boréopacifique
GTF,Rhinobatidae,"Guitarfishes, etc. nei","Guitarras, etc. nep","Guitares, etc. nca"
GTG,Gastrana fragilis,Fragile tellin,Telina fragil,Fragilie de Linne
GTH,Galiteuthis armata,Armed cranch squid,Cranquiluria armada,Encornet-outre armé
GTI,Gonatus fabricii,Boreoatlantic gonate squid,Gonalura atlantoboreal,Encornet atlantoboréal
GTJ,Gonatus madokai,Madokai gonate squid,Gonalura madokai,Encornet madokai
GTK,Gonatopsis makko,Mako gonate squid,Gonalura mako,Encornet mako
GTL,Gunterichthys longipenis,Gold brotula,,
GTM,Trachelochismus melobesia,Striped clingfish,,
GTN,Sergestes lucens,Sakura shrimp,Camarón sakura,Crevette sakura
GTO,Pagothenia borchgrevinki,Bald notothen,,
GTP,Gonatus steenstrupi,Atlantic gonate squid,Gonalura atlántica,Encornet atlantique
GTQ,Periglypta multicostata,Many-ridged venus,Almeja costillada,Praire côtelée
GTR,Gobius strictus,,,
GTS,Thoracocharax securis,Giant hatchetfish,,
GTT,Patagonotothen tessellata,,,
GTU,Lentipes armatus,,,
GTW,Alligator sinensis,Chinese alligator,,
GTX,Patagonotothen spp,Patagonotothen nei,Patagonotothen nep,Patagonotothen nca
GTY,Gonatus onyx,,,
GUB,Rhinobatos albomaculatus,Whitespotted guitarfish,Guitarra pecosa,Poisson-guitare à lunaires
GUC,Chelidonichthys capensis,Cape gurnard,Rubio del Cabo,Grondin du Cap
GUD,Rhinobatos percellens,Chola guitarfish,Guitarra chola,Poisson-guitare chola
GUE,Guianacara oelemariensis,,,
GUF,Rhinobatos planiceps,Pacific guitarfish,Guitarra del Pacífico,Poisson-guitare du Pacifique
GUG,Eutrigla gurnardus,Grey gurnard,Borracho,Grondin gris
GUH,Chagunius chagunio,,,
GUI,Chelidonichthys spp,Indo-Pacific gurnards,Rubios del Indo-Pacífico,Grondins de l'Indo-Pacifique
GUJ,Grapsus albolineatus,Mottled crab,,
GUK,Gulaphallus bikolanus,,,
GUM,Chelidonichthys obscurus,Longfin gurnard,Arete aleton,Grondin sombre
GUN,Trigla lyra,Piper gurnard,Garneo,Grondin lyre
GUO,Gasterosteus crenobiontus,,,
GUP,Centrophorus granulosus,Gulper shark,Quelvacho,Squale-chagrin commun
GUQ,Centrophorus squamosus,Leafscale gulper shark,Quelvacho negro,Squale-chagrin de l'Atlantique
GUR,Aspitrigla cuculus,Red gurnard,Arete,Grondin rouge
GUS,Parapenaeopsis atlantica,Guinea shrimp,Camarón guineo,Crevette guinéenne
GUT,Scomberomorus guttatus,Indo-Pacific king mackerel,Carite del Indo-Pacífico,Thazard ponctué indo-pacifique
GUU,Chelidonichthys lucerna,Tub gurnard,Begel,Grondin perlon
GUV,Guavina guavina,,,
GUW,Gasterosteus wheatlandi,Blackspotted stickleback,,
GUX,Triglidae,"Gurnards, searobins nei","Cabetes, rubios nep","Grondins, cavillones nca"
GUY,Trigla spp,Gurnards nei,Garneos nep,Grondins nca
GUZ,Rhinobatos spp,Guitarfishes nei,Guitarras nep,Guitares nca
GVA,Centrophorus atromarginatus,Blackfin gulper shark,,
GVE,Geodia vestigifera,Ostrich egg sponge,,
GVG,Gavialis gangeticus,Gharial,,
GVI,Centrophorus isodon,Black gulper shark,,
GVO,Provocator mirabilis,Golden volute,,
GVT,Genypterus tigerinus,Rock ling,,
GVX,Acanthascus spp,,,
GWA,Mergus merganser,Goosander,Serreta grande,Harle bièvre
GWB,Greenwoodochromis bellcrossi,,,
GWC,Mergus serrator,Red-breasted merganser,Serreta mediana,Harle huppé
GWG,Gobius geniporus,Slender goby,Gobio galano,Gobie à joues poreuses
GWR,Gobius roulei,Roule's goby,Gobio de Roule,Gobie de Roule
GWV,Gobius vittatus,Striped goby,Gobio de banda negra,Gobie rayé
GWX,Gobius xanthocephalus,Golden goby,Gobio de cabeza dorada,Gobie doré
GXA,Glyptothorax alaknandi,,,
GXD,Gobiesox adustus,Panamic clingfish,,
GXF,Gobius fallax,Sarato's goby,Gobio de Sarato,Gobie de Sarato
GXL,Haplocylix littoreus,Giant clingfish,,
GXM,Gyrinocheilus aymonieri,Siamese algae-eater,,
GXR,Gnathodentex aureolineatus,Striped large-eye bream,,
GXS,Gnathocharax steindachneri,,,
GXU,Glanapteryx anguilla,,,
GXW,Gephyroberyx darwinii,Darwin's slimehead,,
GXX,Geophagus spp,,,
GYB,Gymnoscopelus bolini,,,
GYC,Gymnotus carapo,Banded knifefish,Carapo,Gymnote rayé
GYD,Gyrinomimus andriashevi,,,
GYE,Gymnocharacinus bergii,Naked characin,,
GYF,Gymnoscopelus fraseri,,,
GYG,Gastrocyathus gracilis,Slender clingfish,,
GYH,Gymnorhamphichthys hypostomus,,,
GYI,Aspasmichthys ciconiae,,,
GYJ,Gymnoscopelus hintonoides,,,
GYK,Gymnelopsis brashnikovi,,,
GYL,Gymnocephalus baloni,Danube ruffe,,
GYM,Glyptosternon maculatum,,,
GYN,Gymnoscopelus nicholsi,Nichol's lanternfish,,
GYO,Gymnoscopelus opisthopterus,,,
GYP,Galeichthys peruvianus,Peruvian sea catfish,,
GYQ,Gastrocymba quadriradiata,,,
GYR,Gymnoscopelus braueri,,,
GYS,Gastroscyphus hectoris,Hector's clingfish,,
GYT,Gymnocorymbus ternetzi,Black tetra,,
GYU,Gymnocephalus acerinus,Donets ruffe,,
GYV,Gymnallabes alvarezi,,,
GYW,Gymnocypris biswasi,,,
GYY,Gymnoscopelus spp,,,
GYZ,Gymnocephalus schraetser,Schraetzer,,
GZM,Gazza minuta,Toothpony,Motambo dentudo,Sapsap dentu
GZV,Gvozdarus svetovidovi,Naked-head toothfish,,
GZX,Gazza spp,Toothponies nei,,
HAA,Halaelurus alcocki,Arabian catshark,Pejegato arábigo,Holbiche arabique
HAB,Halaelurus boesemani,Speckled catshark,Pejegato pintado,Holbiche mouchetée
HAD,Melanogrammus aeglefinus,Haddock,Eglefino,Églefin
HAE,Halaelurus buergeri,Blackspotted catshark,Pejegato de manchas negras,Holbiche à taches noires
HAF,Sternoptychidae,Hatchetfishes nei,Hachas de plata nep,Haches d'argent nca
HAG,Halaelurus lutarius,Mud catshark,Pejegato fanguero,Holbiche des vases
HAH,Halaelurus hispidus,Bristly catshark,Pejegato erizado,Holbiche mignonne
HAI,Psettodes erumei,Indian halibut,Lenguado espinudo-indio,Turbot épineux-indien
HAJ,Hyporhamphus sajori,Japanese halfbeak,Agujeta del Japón,Demi-bec du Japon
HAK,Halaelurus natalensis,Tiger catshark,Pejegato atigrado,Holbiche tigrée
HAL,Hippoglossus hippoglossus,Atlantic halibut,Fletán del Atlántico,Flétan de l'Atlantique
HAN,Halaelurus canescens,Dusky catshark,Pejegato oscuro,Holbiche sombre
HAO,Halaelurus dawsoni,New Zealand catshark,Pejegato neozelandés,Holbiche kiwi
HAP,Hippoglossus stenolepis,Pacific halibut,Fletán del Pacífico,Flétan du Pacifique
HAQ,Halaelurus quagga,Quagga catshark,Pejegato quagga,Holbiche quagga
HAR,Harriotta spp,Longnose chimaeras,Quimeras-trompudo,Chimères spatules
HAS,Megalaspis cordyla,Torpedo scad,Macarela torpedo,Comète torpille
HAU,Polyprion spp,Hapuka,,
HAV,Halaelurus immaculatus,Spotless catshark,Pejegato immaculado,Holbiche glabre
HAW,Cheilodactylus variegatus,Peruvian morwong,Pintadilla,Castanette pintadille
HAX,Hemiramphus spp,Halfbeaks nei,Agujetas nep,Demi-becs nca
HAY,Halaelurus lineatus,Lined catshark,Pejegato playero,Holbiche des plages
HAZ,Haliotis cracherodii,Black abalone,Abulón negro,Ormeau noir
HBA,Schismatogobius ampluvinculus,,,
HBB,Alcidae,,,
HBC,Channa barca,Barca snakehead,,
HBD,Hemibrycon dentatus,,,
HBE,Halobaena caerulea,Blue petrel,Petrel azulado,Prion bleu
HBF,Thais bufo,Toad purpura,,Pourpre crapaud
HBG,Harpagifer georgianus,S. Georgia spiny plunderfish,,
HBH,Alle alle,Dovekie,Mérgulo atlántico,Mergule nain
HBI,Hemiemblemaria simulus,Wrasse blenny,,
HBJ,Chaceon bicolor,Pacific golden crab,,
HBK,Halicampus brocki,Brock's pipefish,,
HBL,Chaetodontoplus ballinae,Ballina angelfish,,
HBM,Harpa major,Major harp,,Harpe majeure
HBN,Chaceon notialis,Southwest Atlantic red crab,Gerión atlántico sudoccidental,Géryon de Atlantique sud-ouest
HBO,Cepphus grylle,Black guillemot,Arao aliblanco,Guillemot à miroir
HBP,Hybognathus placitus,Plains minnow,,
HBQ,Henricia obesa,,,
HBS,Hemibates stenosoma,,,
HBT,Hobbseus attenuatus,Pearl riverlet crayfish,,
HBU,Hypophthalmus spp,,,
HBV,Chlamydogobius gloveri,,,
HBW,Alca torda,Razorbill,Alca común,Petit pingouin
HBX,Hoplichthys spp,,,
HBY,Hemisorubim platyrhynchos,Porthole shovelnose catfish,,
HBZ,Erimacrus isenbeckii,Hair crab,Cangrejo peludo,Crabe velu
HCA,Meretrix meretrix,Asiatic hard clam,,Cythérée commune
HCB,Cheirocerus abuelo,,,
HCC,Harengula clupeola,False herring,Sardineta escamuda,Harengule écailleux
HCD,Cephalorhynchus hectori,Hector's dolphin,Delfín de Hector,Dauphin d'Hector
HCE,Chriodorus atherinoides,Hardhead halfbeak,,
HCF,Hydrocynus forskahlii,Elongate tigerfish,,
HCG,Harengula jaguana,Scaled herring,Sardineta jaguana,Harengule jagane
HCH,Harriotta haeckeli,Smallspine spookfish,,
HCI,Choridactylus multibarbus,Orangebanded stingfish,,
HCJ,Meretrix lusoria,Japanese hard clam,Mercenaria japonesa,Cythérée du Japon
HCK,Haplochromis acidens,,,
HCL,Pseudocardium sybillae,Imperial surf clam,Almeja,Clam
HCM,Chaenogaleus macrostoma,Hooktooth shark,Comadreja ganchuda,Milandre harpon
HCN,Chilochromis duponti,,,
HCO,Hypoplectrus chlorurus,Yellowtail hamlet,,
HCP,Hoplichthys acanthopleurus,,,
HCQ,Helcogramma aquilum,,,
HCR,Harriotta raleighana,Pacific longnose chimaera,,
HCS,Chiloconger similis,,,
HCT,Harengula thrissina,Pacific flatiron herring,Sardineta plumilla,Harengule pacifique
HCU,Harengula humeralis,Redear herring,Sardineta manzanillera,Harengule camomille
HCV,Hydrocynus vittatus,Tiger fish,,
HCW,Homarus capensis,Cape lobster,Bogavante del Cabo,Homard du Cap
HCX,Meretrix spp,Hard clams nei,,
HCY,Hippichthys cyanospilus,Blue-spotted pipefish,,
HCZ,Holocentridae,Squirrelfishes nei,Candiles nep,Marignons nca
HDA,Cheilodipterus alleni,,,
HDB,Hildadoras bolivarensis,,,
HDC,Halidesmus coccus,,,
HDD,Chelidoperca hirundinacea,,,
HDE,Chaetodermis penicilligera,Prickly leatherjacket,,
HDF,Hypodoras forficulatus,,,
HDG,Hemiodus gracilis,,Julilla,
HDH,Pomadasys commersonnii,Smallspotted grunter,,
HDI,Hadropareia middendorffii,,,
HDJ,Hollardia hollardi,Reticulate spikefish,,
HDK,Macrobrachium idella,Slender river prawn,Camarón cenceño,Bouquet hâve
HDL,Hadropogonichthys lindbergi,,,
HDM,Hemidoras morrisi,,,
HDO,Hemiodus argenteus,,,
HDP,Chalaroderma capito,Looseskin blenny,,
HDQ,Heterodontiformes,Bullhead sharks,,
HDR,Hirundichthys rondeletii,Black wing flyingfish,,
HDS,Hadropenaeus lucasii,Trident shrimp,Camarón tridente,Salicoque trident
HDT,Schedophilus huttoni,New Zealand ruffe,,
HDU,Hypodytes rubripinnis,,,
HDV,Schedophilus ovalis,Imperial blackfish,Rufo imperial,Rouffe impérial
HDW,Schedophilus pemarco,Pemarco blackfish,Rufo pemarco,Rouffe rayé
HDX,Macrobrachium dux,Congo river prawn,Camarón congoleño,Bouquet congolais
HDY,Dermogenys brachynotopterus,,,
HDZ,Hoplodoras ramirezi,,,
HEA,Heterodontus ramalheira,Whitespotted bullhead shark,Dormilón boquigrande,Requin dormeur chabot
HEB,Heterobranchus bidorsalis,African catfish,Pez-gato africano,Poisson-chat africain
HEC,Paragaleus leucolomatus,Whitetip weasel shark,,
HED,Hepsetus odoe,Kafue pike,,
HEE,Hemipristis elongata,Snaggletooth shark,,
HEF,Heterodontus francisci,Horn shark,Dormilón cornudo,Requin dormeur cornu
HEG,Heterodontus galeatus,Crested bullhead shark,Dormilón carenado,Requin dormeur à crête
HEH,Hemigaleus microstoma,Sicklefin weasel shark,Comadreja segadora,Milandre faucille
HEI,Paragaleus pectoralis,Atlantic weasel shark,Tiburón comadiza,Milandre jaune
HEJ,Heterodontus japonicus,Japanese bullhead shark,Dormilón japonés,Requin dormeur nekozame
HEK,Heterodontus portusjacksoni,Port Jackson shark,Dormilón toro,Requin dormeur taureau
HEL,Heterobranchus longifilis,Sampa,,
HEM,Heterodontus mexicanus,Mexican hornshark,Dormilón búfalo,Requin dormeur buffle
HEN,Paragaleus tengi,Straight-tooth weasel shark,Comadreja coluda,Milandre belette
HEO,Chela laubuca,Indian glass barb,,
HEP,Clupea pallasii,Pacific herring,Arenque del Pacífico,Hareng du Pacifique
HEQ,Heterodontus quoyi,Galapagos bullhead shark,Dormilón de Galápagos,Requin dormeur bouledogue
HER,Clupea harengus,Atlantic herring,Arenque del Atlántico,Hareng de l'Atlantique
HES,Herklotsichthys quadrimaculat.,Bluestripe herring,Arenque banda azul,Hareng à bande bleue
HEU,Chela cachius,,,
HEV,Hemitripterus villosus,,,
HEW,Haletta semifasciata,,,
HEX,Hemitilapia oxyrhyncha,Giant Haplochromis,,
HEY,Chelaethiops bibie,,,
HEZ,Heterodontus zebra,Zebra bullhead shark,Dormilón acebrado,Requin dormeur zébré
HFA,Holothuria atra,Lollyfish,,
HFB,Chaceon fenneri,Golden deepsea crab,,
HFC,Holothuria scabra,Sand fish,,
HFD,Schedophilus maculatus,Pelagic butterfish,,
HFE,Holothuria edulis,Pinkfish,,Trépang rose
HFF,Holothuria fuscogilva,White teatfish,,Holothurie blanche à mamelles
HFG,Hephaestus fuliginosus,Black bream,,
HFH,Ahnfeltia plicata,Landlady's Wig,,Fil de fer
HFI,Holothuria impatiens,Bottleneck sea cucumber,Holoturia cuello de botella,Holothurie bouteille
HFJ,Ahnfeltia fastigiata,,,
HFK,Hepatus kossmanni,Havana box crab,Cajeta habana,Migraine havane
HFL,Hepatus lineatus,Spoted box crab,Cajeta moteada,Migraine tachetée
HFM,Halipteris finmarchica,,,
HFN,Holothuria nobilis,Black teatfish,,Holothurie noire à mamelles
HFO,Macrobrachium formosense,Crane river prawn,Camarón grulla,Bouquet grue
HFP,Chonophorus macrorhynchus,,,
HFQ,Holothuria leucospilota,White threads fish,,Trépang à canaux blancs
HFR,Helicolenus percoides,Red gurnard perch,,
HFS,Chriolepis fisheri,,,
HFT,Holothuria tubulosa,Cotton spinner,Cohombro tubo,
HFU,Heptacarpus futilirostris,Toy shrimp,Camarón capricho,Bouc caprice
HFX,Harpagiferidae,Spiny plunderfishes nei,Pilladores espinudos nep,Pillard épineux nca
HFY,Hippasteria falklandica,,,
HFZ,Podiceps auritus,Horned grebe,Zampullín cuellirrojo,Grèbe esclavon
HGA,Helogenes castaneus,,,
HGB,Hemigrammopetersius barnardi,Barnard's robber,,
HGC,Hemigrammus caudovittatus,Buenos Aires tetra,,
HGD,Hippoglossoides dubius,Flathead flounder,,
HGE,Hemigobius bleekeri,,,
HGF,Hemigymnus fasciatus,Barred thicklip,,
HGG,Hyrcanogobius bergi,,,
HGH,Hippospongia lachne,Sheepswool sponge,,
HGI,Harpagifer bispinis,Magellan plunderfish,,
HGJ,Macrobrachium grandimanus,Hawaii river prawn,Camarón hawaiano,Bouquet hawaïen
HGK,Horaglanis krishnai,Indian blind catfish,,
HGL,Pleuronichthys guttulatus,Diamond turbot,,
HGM,Hapalogenys mucronatus,,,
HGN,Hologymnosus annulatus,Ring wrasse,,
HGO,Hippoglossina macrops,Bigeye flounder,,
HGP,Hemiglyphidodon plagiometopon,Lagoon damselfish,,
HGQ,Hippospongia communis,Honey comb,Esponja común,Éponge commune
HGR,Hemigrammus rodwayi,,,
HGS,Chaenogobius castaneus,Biringo,,
HGT,Helcogrammoides antarcticus,,,
HGU,Hemigrammus unilineatus,Featherfin tetra,,
HGV,Hepatus gronovii,Globose box crab,Cajeta globosa,Migraine globuleuse
HGW,Harpagifer antarcticus,Antarctic spiny plunderfish,,
HGX,Holapogon maximus,Titan cardinalfish,,
HGY,Hyperoglyphe bythites,Black driftfish,,
HGZ,Thais armigera,Belligerent rock shell,,Pourpre armee
HHA,Hyporhamphus affinis,Tropical halfbeak,,
HHB,Hexatrygon bickelli,Sixgill stingray,,
HHC,Hemirhamphodon chrysopunctatus,,,
HHD,Haemulon scudderii,Grey grunt,,
HHE,Haemulon steindachneri,Chere-chere grunt,,
HHF,Hemiramphus far,Black-barred halfbeak,,
HHG,Hyporhamphus gilli,Choelo halfbeak,,
HHH,Cheilochromis euchilus,,,
HHI,Haemulon sciurus,Bluestriped grunt,,
HHJ,Achiropsetta tricholepis,,,
HHK,Halimochirurgus alcocki,,,
HHL,Hexatrygon longirostra,,,
HHM,Hemiramphus marginatus,Yellowtip halfbeak,,
HHN,Hypoplectrodes huntii,Redbanded perch,,
HHO,Chilotilapia rhoadesii,,,
HHP,Heteroteuthis dispar,Odd bobtail squid,Globito aberrante,Sépiole différente
HHQ,Macrobrachium heterochirus,Cascade river prawn,Camarón de cascada,Bouquet cascade
HHR,Hyporhamphus roberti,Slender halfbeak,,
HHS,Horaichthys setnai,Malabar ricefish,,
HHT,Hemisilurus heterorhynchus,,,
HHU,Hyporhamphus unifasciatus,Common halfbeak,,
HHV,Hygophum hygomii,Bermuda lantern fish,Benet negro,Lanterne des Bermudes
HHW,Holothuria coluber,Snake fish,,Holothurie serpent
HHX,Haemulon sexfasciatum,Greybar grunt,,
HHY,Hyporhamphus snyderi,Skipper halfbeak,,
HHZ,Podiceps cristatus,Great crested grebe,Somormujo Lavanco,Grèbe huppé
HIA,Hintonia candens,,,
HIB,Histiobranchus bathybius,Deep-water arrowtooth eel,,
HIC,Hippocampus spp,Seahorses nei,,
HID,Haplochromis desfontainii,,,
HIE,Himantolophus albinares,,,
HIF,Cheilinus fasciatus,Redbreasted wrasse,,
HIG,Chironemus georgianus,Tasseled kelpfish,,
HIH,Histrio histrio,Sargassumfish,,
HII,Schilbe intermedius,,,
HIJ,Hime japonicus,Japanese thread-sail fish,,
HIK,Achirus achirus,Drab sole,,
HIL,Tenualosa ilisha,Hilsa shad,Sábalo hilsa,Alose hilsa
HIM,Schilbe marmoratus,Shoulderspot catfish,,
HIN,Chirolophis nugator,Mosshead warbonnet,,
HIO,Histiophryne bougainvilli,,,
HIP,Hippopus hippopus,Bear paw clam,,Bénitier tacheté
HIQ,Hippa strigillata,Striated mole crab,Cochito rayado,Mui-mui rayé
HIR,Haplochromis burtoni,,,
HIS,Cheilotrema saturnum,Black croaker,,
HIT,Histiopterus typus,Sailfin armourhead,,
HIU,Schilbe uranoscopus,,,
HIV,Histiodraco velifer,,,
HIW,Thais alouina,Alou rock shell,,Pourpre petit-bourgeon
HIX,Hilsa kelee,Kelee shad,Sábalo chandano,Alose palli
HIY,Schilbe mystus,African butter catfish,,
HIZ,Isostichopus badionotus,Four-sided sea cucumber,,
HJA,Halichoeres adustus,Black wrasse,,
HJB,Hemichromis bimaculatus,Jewelfish,,
HJC,Rhinecanthus aculeatus,White-banded triggerfish,,
HJD,Haliporoides diomedeae,Chilean knife shrimp,Camarón cuchilla,Salicoque couteau du Chili
HJE,Macrobrachium aemulum,Noumea river prawn,Camarón de Numea,Bouquet nouméa
HJF,Hemichromis fasciatus,Banded jewelfish,,Hémichromis rayé
HJG,Macrobrachium geron,Greybeard river prawn,Camarón barbagris,Bouquet barbe-gris
HJH,Hipposcarus harid,Candelamoa parrotfish,,
HJI,Macrobrachium birmanicum,Birma river prawn,Camarón birmano,Bouquet birman
HJJ,Macrobrachium idae,Orana river prawn,Camarón orana,Bouquet orana
HJK,Hippa pacifica,Pacific mole crab,Cochito del Pacífico,Mui-mui du Pacifique
HJL,Macrobrachium caledonicum,New Caledonia river prawn,Camarón de Nueva Caledonia,Bouquet néocalédonien
HJM,Macrobrachium americanum,Cauque river prawn,Camarón cauque,Bouquet cauque
HJN,Macrobrachium esculentum,Sweet river prawn,Camarón saborete,Bouquet saveur
HJO,Heteromycteris japonica,Bamboo sole,,
HJP,Hetereleotris apora,Poreless goby,,
HJQ,Hippopus porcellanus,China clam,,Bénitier porcelaine
HJR,Macrobrachium choprai,Ganges river prawn,Camarón del río Ganges,Bouquet du haut Gange
HJS,Hippoglossina stomata,Bigmouth flounder,,
HJT,Macrobrachium australe,Koua river prawn,Camarón kúa,Bouquet koua
HJU,Hemitaeniochromis urotaenia,,,
HJV,Haliotis corrugata,Pink abalone,Abulón amarillo,Ormeau rose
HJW,Pterodroma cahow,Bermuda petrel,Petrel cahow,Pétrel des Bermudes
HJX,Halichoeres leucoxanthus,Canarytop wrasse,,
HJY,Macrobrachium dayanum,Kaira river prawn,Camarón kaira,Bouquet kaira
HJZ,Hipposcarus longiceps,Pacific longnose parrotfish,,
HKA,Chilomycterus affinis,Pacific burrfish,,
HKB,Merluccius polli,Benguela hake,Merluza de Benguela,Merlu d'Afrique tropicale
HKC,"Merluccius capensis,M.paradox.",Cape hakes,Merluzas del Cabo,Merlus du Cap
HKD,Herklotsichthys dispilonotus,Blacksaddle herring,,
HKE,Merluccius merluccius,European hake,Merluza europea,Merlu européen
HKF,Heterocarpus ensifer,Armed nylon shrimp,Camarón nailon armado,Crevette nylon armée
HKG,Herklotsichthys gotoi,Goto's herring,,
HKH,Chaceon karubar,Indonesian golden crab,,
HKI,Heterocarpus dorsalis,Madagascar nylon shrimp,Camarón nailon malgache,Crevette nylon malgache
HKJ,Heterocarpus gibbosus,Humpback nylon shrimp,Camarón nailon jorobado,Crevette nylon bossue
HKK,Merluccius capensis,Shallow-water Cape hake,Merluza del Cabo,Merlu côtier du Cap
HKL,Herklotsichthys lossei,Gulf herring,,
HKM,Merluccius senegalensis,Senegalese hake,Merluza del Senegal,Merlu du Sénégal
HKN,Merluccius australis,Southern hake,Merluza austral,Merlu austral
HKO,Merluccius paradoxus,Deep-water Cape hake,Merluza de altura del Cabo,Merlu du large du Cap
HKP,Merluccius hubbsi,Argentine hake,Merluza argentina,Merlu d'Argentine
HKQ,Heliopora coerulea,Blue coral,,
HKR,Urophycis chuss,Red hake,Locha roja,Merluche écureuil
HKS,Merluccius bilinearis,Silver hake,Merluza norteamericana,Merlu argenté
HKT,Heterocarpus laevigatus,Smooth nylon shrimp,Camarón nailon liso,Crevette nylon inerme
HKU,Urophycis brasiliensis,Brazilian codling,Brótola brasileña,Phycis brésilien
HKV,Heterocarpoides levicarina,Dorodotes shrimp,Camarón dorodó,Crevette dorodo
HKW,Urophycis tenuis,White hake,Locha blanca,Merluche blanche
HKX,Merluccius spp,Hakes nei,Merluzas nep,Merlus nca
HKY,Heterocarpus hayashii,Japanese nylon shrimp,,
HKZ,Merlucciidae,Merluccid hakes nei,Merlucidos nep,"Merlus, grenadiers nca"
HLA,Halieutichthys aculeatus,Pancake batfish,,
HLB,Halieutaea brevicauda,Spiny sea bat,,
HLC,Haemulon carbonarium,Caesar grunt,,
HLD,Haemulon maculicauda,Spottail grunt,,
HLE,Haliophis aethiopus,,,
HLF,Haemulon flaviguttatus,Yellowspotted grunt,,
HLG,Hoplopagrus guntherii,Mexican barred snapper,Pargo coconaco,Vivaneau mexicain
HLH,Haemulon melanurum,Cottonwick grunt,,
HLI,Haemulon plumierii,White grunt,Ronco margariteño,Gorette blanche
HLJ,Chelmon muelleri,Blackfin coralfish,,
HLK,Holacanthus clarionensis,Clarion angelfish,,
HLL,Haemulon aurolineatum,Tomtate grunt,,
HLM,Halieutopsis micropa,,,
HLN,Haplomacrourus nudirostris,Naked snout rattail,,
HLO,Haemulon bonariense,Black grunt,,
HLP,Haemulon parra,Sailor's grunt,,
HLQ,Chlorotocus crassicornis,Green shrimp,Camarón verde,Crevette verte
HLR,Halicmetus reticulatus,,,
HLS,Haemulon macrostoma,Spanish grunt,,
HLT,Haliotis tuberculata,Tuberculate abalone,Oreja marina tuberculosa,Ormeau tuberculeux
HLU,Haemulon album,White margate,Ronco jallao,Gorette margate
HLV,Haemulon flavolineatum,French grunt,,
HLW,Chlorella pyrenoidosa,,,
HLX,Thelenota anax,Amber fish,,
HLY,Hoplolatilus chlupatyi,Chameleon sand tilefish,,
HLZ,Himanthalia elongata,Sea thong,,
HMA,Hemicetopsis candiru,,,
HMB,Hemiancistrus braueri,,,
HMC,Trachurus capensis,Cape horse mackerel,Jurel del Cabo,Chinchard du Cap
HMD,Hampala dispar,,,
HME,Hemibarbus labeo,Barbel steed,,
HMF,Hemitremia flammea,Flame chub,,
HMG,Trachurus declivis,Greenback horse mackerel,Jurel verde,Chinchard dos vert
HMH,Halimuraena hexagonata,,,
HMI,Hemigrammocypris lini,Garnet minnow,,
HMJ,Myripristis murdjan,Pinecone soldierfish,,
HMK,Hemigrammocapoeta kemali,,,
HML,Hampala macrolepidota,Hampala barb,,
HMM,Trachurus mediterraneus,Mediterranean horse mackerel,Jurel mediterráneo,Chinchard à queue jaune
HMN,Homodiaetus anisitsi,,,
HMO,Hemimyzon formosanum,,,
HMP,Heteromycteris capensis,Cape sole,,
HMQ,Hymenopenaeus aequalis,Veiled shrimp,Camarón de velete,Salicoque voilée
HMR,Melapedalion breve,,,
HMS,Halimuraenoides isostigma,,,
HMT,Hemistichodus lootensi,,,
HMU,Hemiculter leucisculus,Sharpbelly,,
HMV,Haemomaster venezuelae,,,
HMW,Halimeda tuna,Sea cactus,Tuna de mar,Monnaie de Poseidon
HMX,Heteroschismoides callithrix,Nineside toothshell,,
HMY,Caranx rhonchus,False scad,Macarela real,Comète coussut
HMZ,Trachurus trecae,Cunene horse mackerel,Jurel de Cunene,Chinchard du Cunène
HNA,Neoniphon argenteus,Clearfin squirrelfish,,
HNB,Holanthias borbonius,Checked swallowtail,,
HNC,Henicorhynchus caudimaculatus,,,
HND,Anisotremus davidsonii,Xantic sargo,,
HNE,Hemanthias aureorubens,Streamer bass,,
HNF,Arothron firmamentum,Starry toado,,
HNG,Achlyopa nigra,Black sole,,
HNH,Chalinochromis brichardi,,,
HNI,Anisotremus interruptus,Burrito grunt,,
HNJ,Heminodus japonicus,,,
HNK,Chelmonops truncatus,Truncate coralfish,,
HNL,Pharyngochromis darlingi,,,
HNM,Heniochus acuminatus,Pennant coralfish,,
HNN,Chanda nama,Elongate glass-perchlet,,
HNO,Anisotremus dovii,Spotted head sargo,,
HNP,Hypoplectrus nigricans,Black hamlet,,
HNQ,Chaceon macphersoni,Pink geryon,,
HNR,Anisotremus virginicus,Porkfish,,
HNS,Anisotremus scapularis,,,
HNT,Chelmon rostratus,Copperband butterflyfish,,
HNU,Anisotremus surinamensis,Black margate,,
HNV,Nomorhamphus ravnaki,,,
HNW,Hannia greenwayi,Greenway's grunter,,
HNX,Chaceon granulatus,Japanese golden crab,,
HNY,Helcion pellucidus,Velvet helcion,Helcion satinado,Helcion velouté
HNZ,Henicorhynchus siamensis,Siamese mud carp,,
HOA,Hoplias aimara,,,
HOB,Pachymetopon blochii,Hottentot seabream,Sargo hotentote,Hottentot
HOC,Nibea mitsukurii,Honnibe croaker,Corvina honnibe,Tambour honnibe
HOD,Hypsypops rubicundus,Garibaldi damselfish,,
HOE,Phosichthys argenteus,,,
HOF,Merluccius albidus,Offshore silver hake,Merluza blanca de altura,Merlu argenté du large
HOG,Chondrostoma genei,,,
HOH,Ostichthys acanthorhinus,,,
HOI,Homaloptera bilineata,,,
HOJ,Hoplarchus psittacus,,,
HOK,Archocentrus centrarchus,Flier cichlid,,
HOL,Chimaeriformes,"Chimaeras, etc. nei","Quimeras, etc. nep","Chimères, etc. nca"
HOM,Trachurus trachurus,Atlantic horse mackerel,Jurel,Chinchard d'Europe
HON,Chondrostoma nasus,Common nase,Condrostoma común,Nase commun
HOO,Holocentrus ascensionis,Squirrelfish,,
HOP,Holohalaelurus punctatus,African spotted catshark,Pejegato moteado,Holbiche à gorge tachetée
HOQ,Chaceon australis,Austral golden crab,,
HOR,Holohalaelurus regani,Izak catshark,Pejegato reticulado,Holbiche isard
HOS,Chondrostoma soetta,,,
HOT,Pachymetopon aeneum,Blue hottentot,Hotentote azul,Hottentot bleu
HOU,Coregonus oxyrinchus,Houting,Coregono picudo,Bondelle
HOV,Achiropsetta slavae,,,
HOW,Homalopoma sanguineum,Blood-stained turbo,Peonza sanguinea,Turbo corallin
HOX,Chondrostoma toxostoma,,,
HOY,Chondrostoma polylepis,Iberian nase,,
HOZ,Holothuria fuscopunctata,Elephant trunkfish,,Holothurie trompe d'éléphant
HPB,Hemipimelodus bicolor,,,
HPC,Hemipsilichthys cameroni,,,
HPD,Acanthopsoides delphax,,,
HPE,Haploblepharus edwardsii,Puffadder shyshark,Alitán viperino,Roussette vipérine
HPF,Haploblepharus fuscus,Brown shyshark,Alitán marrón,Roussette brune
HPG,Hypoptopoma guianense,,,
HPH,Hippocampus hippocampus,Short snouted seahorse,,Hippocampe à nez court
HPI,Hippocampus guttulatus,Long-snouted seahorse,Caballito de mar,Hippocampe à long bec
HPJ,Hemilepidotus jordani,Yellow Irish lord,,
HPK,Hoplolatilus starcki,Stark's tilefish,,
HPL,Haplophryne mollis,,,
HPM,Heptapterus mustelinus,,,
HPN,Hypophthalmus edentatus,Highwaterman catfish,Bagre paisano,Bagre paysan
HPO,Pristilepis oligolepis,Spinyface soldier,,
HPP,Haploblepharus pictus,Dark shyshark,Alitán obscuro,Roussette sombre
HPQ,Heterocarpus sibogae,Mino nylon shrimp,Camarón nailon mino,Crevette nylon mino
HPR,Hoplostethus mediterraneus,Mediterranean slimehead,Reloj mediterráneo,Hoplostète argenté
HPS,Plectrypops lima,Shy soldier,,
HPT,Helicophagus typus,,,
HPU,Hoplerythrinus unitaeniatus,Aimara,,
HPV,Hyperlophus vittatus,Sandy sprat,,
HPW,Heterocarpus woodmasoni,Indian nylon shrimp,Camarón nailon indio,Crevette nylon indienne
HPX,Psettodidae,Spiny turbots nei,Lenguados espinudos nep,Turbots épineux nca
HPY,Hippocampus fuscus,Sea pony,,
HPZ,Hoplomyzon atrizona,,,
HQA,Hypothalassia armata,Champagne crab,,
HQB,Histioteuthis bonnellii,Umbrella squid,Joyeluria membranosa,Loutène bonnet
HQC,Histioteuthis corona,,,
HQD,Hypsagonus quadricornis,Fourhorn poacher,,
HQE,Hemisquilla ensigera,Keeled witch mantis,Brujo quillon,Galin caréné
HQF,Heterocarpus affinis,Three-spined nylon shrimp,Camarón nailon tres espinas,Crevette nylon trois épines
HQG,Histioteuthis elongata,Elongate jewell squid,Joyeluria alargada,Loutène longue
HQH,Harpiosquilla harpax,Robber harpiosquillid mantis s,,
HQI,Hyaloteuthis pelagica,Glassy flying squid,Pota estrellada,Encornet vitreux
HQJ,Thais melones,Gourd rock shell,Púrpura melon,Pourpre calebasse
HQK,Thais calloensis,Callao rock shell,Púrpura de Callao,Pourpre de Callao
HQL,Histioteuthis dofleini,Flowervase jewell squid,Joyeluria floral,Loutène vase
HQM,Thais haemastoma,Two-row rock shell,Púrpura de Blainville,Ovarque de Blainville
HQN,Thracia pubescens,Pubescent thracia,Tracia vellosa,Thracie veloutée
HQO,Heterocarpus hostilis,Panama nylon shrimp,Camarón nailon panameño,Crevette nylon panaméenne
HQP,Chaceon poupini,Polynesian golden crab,,
HQQ,Halomitra pileus,Bowl coral,,
HQR,Harpiosquilla raphidea,Giant harpiosquillid mantis sh,,
HQS,Histioteuthis reversa,Reverse jewell squid,Joyeluria invertida,Loutène retournée
HQT,Antipathes spp,,,
HQU,Macrobrachium equidens,Rough river prawn,Camarón lija,Bouquet chagrin
HQV,Heterocarpus parvispina,Short-spined nylon shrimp,,
HQW,Chlorella vulgaris,Unicell. Chlorella green alga,,
HQX,Homaloptera spp,,,
HQY,Thracia papyracea,Paper thracia,Tracia pergamina,Thracie faseole
HQZ,Hydrozoa,Hydrozoans,Hidrozoos,Hydrozoaires
HRA,Horadandia atukorali,,,
HRB,Chromidotilapia batesii,,,
HRC,Chromis intercrusma,Peruvian chromis,,
HRD,Lagenorhynchus cruciger,Hourglass dolphin,Delfín cruzado,Dauphin crucigére
HRE,Hyperprosopon anale,Spotfin surfperch,,
HRF,Chaetodipterus faber,Atlantic spadefish,,
HRG,Rhynchorhamphus georgii,Long billed half beak,,
HRH,Hara hara,,,
HRI,Heterochromis multidens,,,
HRJ,Chromis punctipinnis,Blacksmith,,
HRK,Chrysiptera biocellata,Twinspot damselfish,,
HRL,Chaetodipterus lippei,West African spadefish,,
HRM,Threpterius maculosus,Silver spot,,
HRN,Phractura ansorgii,,,
HRO,Hemerocoetes artus,,,
HRP,Heros appendiculatus,,,
HRQ,Harpa articularis,Articulate harp,,Harpe articulée
HRR,Chrysochir aureus,Reeve's croaker,,
HRS,Arrhamphus sclerolepis,,,
HRT,Herotilapia multispinosa,Rainbow cichlid,,
HRU,Heraldia nocturna,,,
HRV,Chiramenu fluviatilis,,,
HRW,Haliotis fulgens,Southern green abalone,Abulón verde,Ormeau vert
HRX,Harpa harpa,True harp,,Harpe noble
HRY,Haplochromis nyererei,,,
HRZ,Hermosilla azurea,Zebra- perch sea chub,,
HSA,Hassar affinis,,,
HSB,Chasmodes bosquianus,Striped blenny,,
HSC,Limulus polyphemus,Horseshoe crab,Límulo(=Cangrejo cacerola),Limule
HSD,Chasmichthys dolichognathus,,,
HSE,Champsochromis caeruleus,,,
HSF,Hypostomus affinis,,,
HSG,Hypsophrys nicaraguensis,Moga,,
HSH,Hyphessobrycon herbertaxelrodi,Black neon tetra,,
HSI,Histiogamphelus cristatus,Macleay's crested pipefish,,
HSJ,Chrysiptera caeruleolineata,Blueline demoiselle,,
HSK,Hysterocarpus traski,Russian river tule perch,,
HSL,Hypostomus plecostomus,Suckermouth catfish,,
HSM,Hasemania melanura,Copper tetra,,
HSN,Hypselecara coryphaenoides,,,
HSO,Chloroscombrus orqueta,Pacific bumper,Casabe orqueta,Sapater du Pacifique
HSP,Holoshesthes pequira,,,
HSQ,Heptacarpus pandaloides,Tsuno shrimp,Camarón suno,Bouc suno
HSR,Hoplosternum littorale,Atipa,,
HSS,Chromis analis,Yellow chromis,,
HST,Hoplosebastes armatus,,,
HSU,Sargocentron caudimaculatum,Silverspot squirrelfish,,
HSV,Thais aculeata,Aculeate rock shell,,Pourpre aiguillonnee
HSW,Haliotis sorenseni,White abalone,Abulón blanco,Ormeau blanc
HSX,Hyphessobrycon axelrodi,Calypso tetra,,
HSY,Hesperoleucus symmetricus,California roach,,
HSZ,Thais deltoidea,Deltoid rock shell,Púrpura deltoide,Pourpre deltoide
HTA,Heterandria attenuata,,,
HTB,Heptacarpus brevirostris,Shortspine shrimp,Camarón espinilla,Bouc tiépines
HTC,Harttiella crassicauda,,,
HTD,Hoplotilapia retrodens,,,
HTE,Chaetodon aureofasciatus,Golden butterflyfish,,
HTF,Heteropneustes fossilis,Stinging catfish,,
HTG,Harttia gracilis,,,
HTH,Chaetodon hoefleri,Four-banded butterflyfish,,
HTI,Chaetodon humeralis,Threebanded butterflyfish,,
HTJ,Hemitaurichthys polylepis,Pyramid butterflyfish,,
HTK,Tondanichthys kottelati,,,
HTL,Phtheirichthys lineatus,Slender suckerfish,,
HTM,Hatcheria macraei,,,
HTN,Heterotis niloticus,African bonytongue,,
HTO,Heterophotus ophistoma,,,
HTP,Chaetodon capistratus,Foureye butterflyfish,,
HTQ,Heterocarpus tricarinatus,Scarred nylon shrimp,Camarón nailon chirlo,Crevette nylon balafrée
HTR,Parapristipoma trilineatum,,,
HTS,Chaetodon striatus,Banded butterflyfish,,
HTU,Heteropriacanthus cruentatus,Glasseye,,
HTV,Chetia flaviventris,Canary kurper,,
HTW,Haliotis assimilis,Threaded abalone,Abulón perlado,Ormeau perle
HTX,Chaeturichthys hexanema,,,
HTY,Hito taytayensis,,,
HTZ,Chaetodipterus zonatus,Pacific spadefish,Paguala peluquero,Disque du Pacifique
HUA,Hypsurus caryi,Rainbow seaperch,,
HUB,Heteroplopomus barbatus,,,
HUC,Hucho hucho,Huchen,Salmón del Danubio,Huchon
HUD,Hymenopenaeus doris,Doris veiled shrimp,Camarón doris,Salicoque doris
HUE,Heteroclinus roseus,,,
HUF,Hirculops cornifer,Highbrow rockskipper,,
HUG,Heptacarpus geniculatus,Flexed shrimp,Camarón corva,Bouc courbe
HUH,Huso huso,Beluga,Esturión beluga,Béluga
HUI,Hucho ishikawae,,,
HUJ,Heteristius cinctus,,,
HUK,Macrobrachium acanthurus,Cinnamon river prawn,Camarón canela,Bouquet cannelle
HUL,Phucocoetes latitans,,,
HUM,Pleurogrammus monopterygius,Atka mackerel,Lorcha de atka,Terpuga atka
HUN,Hypoplectrus unicolor,Butter hamlet,,
HUO,Ephippus orbis,Orbfish,,
HUP,Hucho perryi,Japanese huchen,,
HUQ,Hiatula chinensis,Chinese sanguin,,
HUR,Chromis crusma,Valparaiso chromis,,
HUS,Lutjanus argentiventris,Yellow snapper,Pargo amarillo(=Huachinango),Vivaneau jaune
HUT,Hubbsina turneri,,,
HUU,Cheilinus trilobatus,Tripletail wrasse,,
HUV,Heterocarpus vicarius,Northern nylon shrimp,Camarón nailon norteño,Crevette nylon nordique
HUW,Megaptera novaeangliae,Humpback whale,Rorcual jorobado,Baleine à bosse
HUX,Parachirus xenicus,Dwarf sole,,
HUY,Hepatus pudibundus,Flecked box crab,Cajeta puntillada,Migraine pointillée
HUZ,Thais tuberosa,Tuberose rock shell,,Pourpre tubereuse
HVA,Hypostomus ventromaculatus,Wara wara,,
HVB,Hypostomus watwata,Armored catfish,,
HVC,Harpovoluta charcoti,Charcot's volute,Voluta de Charcot,Volute de Charcot
HVD,Cephalorhynchus heavisidii,Heaviside's dolphin,Delfín de Heaviside,Dauphin d'Heaviside
HVE,Podiceps grisegena,Red-necked grebe,Somormujo cuellirrojo,Grèbe jougris
HVG,Halieutopsis galatea,,,
HVI,Hyporhamphus intermedius,Asian pencil halfbeak,,
HVJ,Hypomesus nipponensis,Japanese smelt,,
HVL,Hyalinoecia tubicola,Quill worm,,
HVM,Cheilinus undulatus,Humphead wrasse,Napoleón,Napoléon
HVP,Merluccius patagonicus,Patagonian hake,Merluza patagónica,Merlu de Patagonie
HVQ,Heterocarpus grimaldii,,Camarón cabezudo del alto,
HVR,Hyporhamphus rosae,California halfbeak,Agujeta califórnica,Demi-bec californien
HVS,Sargocentron spiniferum,Sabre squirrelfish,Candil sable,Marignan sabre
HVT,Schuettea scalaripinnis,Eastern pomfred,,
HVU,Schedophilus medusophagus,Cornish blackfish,Rufo de aguas malas,Rouffe des méduses
HVV,Harvella vitrea,Glassy mactra,Mactra vitrea,Mactre vitreuse
HVW,Hoplias spp,,,
HVX,Hippospongia spp,,,
HVZ,Hippasteria phrygiana,Trojan star,,
HWA,Haliaeetus albicilla,White-tailed sea-eagle,Pigargo europeo,Pygargue à queue blanche
HWB,Howella brodiei,Pelagic basslet,,
HWD,Sargocentron diadema,Crown squirrelfish,,
HWE,Conorhynchos conirostris,,,
HWF,Hippocampus comes,Tiger tail seahorse,,
HWJ,Ostichthys japonicus,Japanese soldierfish,,
HWK,Ostichthys kaianus,Kai soldierfish,,
HWM,Hoplias microlepis,,Guanchiche,
HWP,Homalaspis plana,Giant stone crab,Jaiba mora,Crabe caillou moré
HWR,Chlamydoselachus africana,African frilled shark,,
HWS,Pterodroma hasitata,Black-capped petrel,Petrel antillano,Pétrel diablotin
HWV,Hydrolycus scomberoides,Payara,,
HWX,Haemulon spp,,,
HXA,Hemigrammocharax angolensis,,,
HXB,Hemicaranx bicolor,Bicolor jack,Casabe bicolor,Carangue bicolore
HXC,Chlamydoselachus anguineus,Frilled shark,Tiburón anguila,Requin lézard
HXD,Hemidonax donaciformis,Common hemidonax,,Hemidonax commun
HXE,Hypsopanchax catenatus,,,
HXF,Heterodonax pacificus,Western small false donax,Asafis occidentalis,Fausse donace bigarrée
HXG,Hispidoberyx ambagiosus,,,
HXH,Hexaplex cichoreum,Endive murex,,Murex endive
HXI,Haplotaxodon microlepis,,,
HXJ,Hexaplex ambiguus,Ambiguous murex,Busano ambiguo,Murex ambigu
HXK,Hexaplex princeps,Prince murex,Busano principe,Murex prince
HXL,Hemicaranx leucurus,Yellowfin jack,Casabe ñato,Carangue palomète
HXM,Hemicaranx amblyrhynchus,Bluntnose jack,Casabe chicharra,Carangue nez court
HXN,Hexanchus nakamurai,Bigeyed sixgill shark,,
HXO,Hexagrammos otakii,,,
HXP,Hypophthalmichthys spp,Carps nei,Carpas nep,Carpes nca
HXQ,Hexagrammos decagrammus,Kelp greenling,,
HXR,Hexaplex angularis,Angular murex,Cañailla africana,Rocher anguleux
HXS,Hylopanchax stictopleuron,,,
HXT,Heptranchias perlo,Sharpnose sevengill shark,Cañabota bocadulce,Requin perlon
HXU,Hexaplex nigritus,Black murex,Busano negro,Murex noir
HXV,Hoplosternum spp,,,
HXW,Hexanchiformes,Frilled and cow sharks,,
HXX,Hexaplex radiax,Radish murex,Busano pulludo,Murex radis
HXY,Hexactinellida,Glass sponges,,
HXZ,Hemicaranx zelotes,Blackfin jack,Casabe chumbo,Carangue chumbo
HYA,Chanodichthys dabryi,Humpback,,
HYB,Hygophum benoiti,Benoit's lanternfish,,
HYC,Hypselobarbus curmuca,,,
HYD,Hydrolagus spp,Ratfishes nei,Quimeras nep,Chimères nca
HYE,Hypergastromyzon eubranchus,,,
HYF,Haliichthys taeniophorus,Ribboned pipefish,,
HYG,Hypseleotris agilis,,,
HYH,Hypselognathus horridus,Prickly pipefish,,
HYI,Hyporhamphus ihi,,,
HYJ,Hypseleotris ejuncida,Slender gudgeon,,
HYK,Hypopterus macropterus,,,
HYL,Hypsibarbus lagleri,,,
HYM,Calophysus macropterus,Zamurito,,
HYN,Hypentelium nigricans,Northern hog sucker,,
HYO,Hypoatherina barnesi,Barnes' silverside,,
HYQ,Hypleurochilus aequipinnis,Oyster blenny,,
HYR,Hypopomus artedi,,,
HYS,Hymenocephalus italicus,Glasshead grenadier,,
HYT,Hydrolycus pectoralis,,,
HYU,Hypopygus lepturus,,,
HYV,Hypsoblennius brevipinnis,Barnaclebill blenny,,
HYW,Hyperoglyphe perciformis,Barrelfish,,
HYX,Hypogymnogobius xanthozona,Bumblebee fish,,
HYY,Heteroscymnoides marleyi,Longnose pygmy shark,Tollo pigmeo trompudo,Squale mignon
HYZ,Halocynthia roretzi,Red oyas,,
HZA,Cheiraster hirsutus,,,
HZC,Hyriopsis cumingii,Triangle sail mussel,,
HZD,Zenarchopterus dispar,,,
HZE,Hozukius emblemarius,,,
HZL,Chromis limbata,Azores chromis,Fula blanca,Castagnole à queue rayée
HZM,Hymenopenaeus spp,Hymenopenaeus shrimp nei,Camarones Hymenopenaeus nep,Salicoques Hymenopenaeus nca
HZO,Hazeus otakii,,,
HZP,Haematococcus pluvialis,,,
HZS,Heteroteuthis serventyi,,,
HZT,Heterocucumis godeffroyi,,,
HZW,Heteroteuthis weberi,Stumpy bobtail squid,,
HZX,Hexaplex spp,,,
HZY,Hypostomus spp,,,
HZZ,Hemiodus spp,,,
IAA,Sepia omani,Oman cuttlefish,Sepia de Oman,Seiche d'Oman
IAB,Ameiurus brunneus,Snail bullhead,,
IAC,Pitar pellucidus,Pellucid pitar venus,,Pitar pellucide
IAD,Sepia pardex,,,
IAE,Sepia recurvirostra,Curvespine cuttlefish,Sepia ganchuda,Seiche hameçon
IAF,Salarias fasciatus,Jewelled blenny,,
IAG,Cilus gilberti,Corvina drum,Corvina pampera,Courbine blonde
IAH,Sepia pharaonis,Pharaoh cuttlefish,Sepia faraón,Seiche pharaon
IAI,Sepia tokioensis,,,
IAJ,Metasepia tullbergi,Paintpot cuttlefish,Sepia tintero,Seiche encrier
IAK,Pinna bicolor,Bicolor pen shell,,Jambonneau bicolore
IAL,Sepia longipes,Longarm cuttlefish,Sepia brazolargo,Seiche pieuvre
IAM,Sepia mestus,Reaper cuttlefish,Sepia segadora,Seiche moisson
IAN,Sepia trygonina,Trident cuttlefish,Sepia tridente,Seiche trident
IAO,Sepia lorigera,Spider cuttlefish,Sepia loriga,Seiche araignée
IAP,Ameiurus platycephalus,Flat bullhead,,
IAQ,Sepia opipara,Magnificent cuttlefish,Sepia magnÍfica,Seiche magnifique
IAR,Sepia orbignyana,Pink cuttlefish,Sepia con punta,Seiche rosée
IAS,Ameiurus serracanthus,Spotted bullhead,,
IAT,Sepia peterseni,,,
IAU,Salaria basiliscus,,,
IAV,Sepia savignyi,Broadback cuttlefish,Sepia robusta,Seiche gros dos
IAX,Sepia spp,Cuttlefishes nei,Sepias nep,Seiches nca
IAY,Sciaena bathytatos,Deep-water drum,,
IAZ,Metasepia pfefferi,Flamboyant cuttlefish,Sepia llamativa,Seiche flamboyante
IBA,Ibacus alticrenatus,Velvet fan lobster,Cigarra velluda,Cigale veloutée
IBB,Ibacus breviceps,Serrate fan lobster,,
IBC,Ibacus ciliatus,Japanese fan lobster,Cigarra japonesa,Cigale japonaise
IBE,Ibacus peronii,Butterfly fan lobster,Cigarra mariposa,Cigale papillon
IBF,Tibia fusus,Shinbone tibia,,Rostellaire fuselee
IBH,Parribacus holthuisi,Red-spotted mitten lobster,Cigarra mancha roja,Cigale à tache rouge
IBI,Icelus bicornis,Twohorn sculpin,,
IBJ,Parribacus japonicus,Japanese mitten lobster,,
IBL,Parribacus perlatus,Easter Island mitten lobster,,
IBN,Ibacus novemdentatus,Smooth fan lobster,Cigarra liso,Cigale glabre
IBP,Iberocypris palaciosi,,,
IBQ,Ibacus pubescens,Hairy fan lobster,,
IBR,Ibacus brucei,Glabrous fan lobster,,
IBS,Parribacus scarlatinus,Marbled mitten lobster,Cigarra jaspeada,Cigale marbrée
IBU,Icelinus burchami,Dusky sculpin,,
IBX,Thais spp,,,
IBY,Pictiblennius yatabei,,,
ICA,Icichthys australis,Southern driftfish,,
ICB,Ictalurus balsanus,,,
ICC,Liocarcinus corrugatus,Wrinkled swimcrab,Cangrejo de arrugas,Étrille ballante
ICD,Ictalurus dugesii,,,
ICG,Iracundus signifer,Decoy scorpionfish,,
ICH,Ichthyoelephas humeralis,,Bocachico,
ICK,Cryodraco atkinsoni,,,
ICL,Ictalurus lupus,Headwater catfish,,
ICM,Ictalurus mexicanus,,,
ICN,Icosteus aenigmaticus,Ragfish,,
ICO,Ictalurus ochoterenai,,,
ICP,Ictalurus pricei,Yaqui catfish,,
ICR,Liocranchia reinhardti,,,
ICS,Diceratias bispinosus,,,
ICT,Simochromis babaulti,,,
ICU,Ictalurus australis,,,
ICV,Pictilabrus laticlavius,,,
ICX,Channichthyidae,Crocodile icefishes nei,Dracos nep,Poissons des glaces nca
IDA,Idiolophorhynchus andriashevi,Pineapple rattail,,
IDB,Orcaella heinsohni,Australian snubfin dolphin,Delfín de Heinsohn,Dauphin australien de Heinsohn
IDC,Iridaea cordata,Iridea,Iridea,Iridée
IDF,Idiacanthus fasciola,,,
IDM,Pinctada maculata,Spotted pearl oyster,,Pintadine tachetée
IDP,Iodotropheus sprengerae,Lavender mbuna,,
IDR,Pinctada radiata,Rayed pearl oyster,Pintadina radiada,Pintadine radiée
IDX,Pinna spp,,,
IEA,Emmelichthyops atlanticus,Bonnetmouth,,
IEB,Sepia bandensis,Stumpy cuttlefish,Sepia achaparrada,Seiche trapue
IEJ,Sepiella japonica,Japanese spineless cuttlefish,Sepia inerme japonesa,Sépia inerme japonaise
IEO,Sepiella ornata,Ornate cuttlefish,Sepia ornada,Sépia ornée
IEV,Sepia vermiculata,Patchwork cuttlefish,Sepia reticulada,Seiche réticulée
IEX,Sepiella spp,Sepiella cuttlefishes nei,Sepias Sepiella nep,Sépias Sepiella nca
IFA,Stiphodon allen,,,
IFB,Iphigenia brasiliana,Giant false donax,Coquina gigante,Donace géante
IFD,Iphigenia delesserti,Delessert's false donax,Coquina de Delessert,Flion de Delessert
IFL,Iso flosmaris,,,
IFR,Iphigenia rostrata,Rostrate false donax,Coquina rostrata,Donace à rostre
IFT,Iphigenia altior,Tall false donax,Coquina alta,Donace coquine
IFV,Iphigenia laevigata,Smooth false donax,,Flion lisse
IFX,Iphigenia spp,,,
IGA,Siganus argenteus,Streamlined spinefoot,,
IGB,Signigobius biocellatus,Twinspot goby,,
IGC,Siganus punctatus,Goldspotted spinefoot,,
IGD,Siganus doliatus,Barred spinefoot,,
IGE,Siganus puellus,Masked spinefoot,,
IGF,Siganus fuscescens,Mottled spinefoot,,
IGG,Siganus magnificus,Magnificent rabbitfish,,
IGH,Isognomon ephippium,Saddle tree oyster,,Ostrege miellée
IGI,Siganus lineatus,Golden-lined spinefoot,,
IGJ,Inegocia japonica,Japanese flathead,,
IGL,Siganus labyrinthodes,Labyrinth spinefoot,,
IGM,Psilogobius mainlandi,,,
IGN,Siganus niger,Black foxface,,
IGO,Stigmatogobius borneensis,,,
IGP,Siganus puelloides,Blackeye rabbitfish,,
IGQ,Isognomon isognomum,Wader tree oyster,,Ostrege cuissarde
IGR,Siganus corallinus,Blue-spotted spinefoot,,
IGS,Iguanodectes spilurus,,,
IGT,Siganus punctatissimus,Peppered spinefoot,,
IGU,Siganus luridus,Dusky spinefoot,,
IGV,Siganus javus,Streaked spinefoot,,
IGX,Cichla spp,,,
IHB,Ichthyborus besse,,,
IHC,Cichlasoma octofasciatum,Jack Dempsey,,
IHD,Silhouettea dotui,,,
IHE,Cichlasoma beani,Green guapote,,
IHF,Cichlasoma facetum,Chameleon cichlid,,
IHI,Cichlasoma bimaculatum,Black acara,,
IHL,Iheringichthys labrosus,,,
IHN,Cichlasoma nigrofasciatum,Convict cichlid,,
IHO,Ichthyococcus ovatus,,,
IHR,Ischadium recurvum,Hooked mussel,,
IHS,Cichlasoma istlanum,,,
IHT,Cichla temensis,Speckled pavon,,
IHV,Cheimarrichthys fosteri,Torrent fish,,
IHY,Cichlasoma cyanoguttatum,Rio Grande cichlid,,
IIC,Microichthys coccoi,,,
III,Hinia incrassata,Thickened nassa,Mugarida gruesa,Nasse épaisse
IIL,Hinia limata,Filed nassa,Mugarida limada,Nasse poile
IIN,Sepiolina nipponensis,Japanese bobtail squid,Sepiolina japonesa,Sépiole japonaise
IIR,Hinia reticulata,Netted nassa,Mugarida reticulada,Nasse réticulée
IIV,Inermia vittata,Boga,,
IKA,Isbrueckerichthys alipionis,,,
IKB,Ischnochiton boogi,Atlantic rose chiton,,
IKC,Iksookimia choii,Choi's spiny loach,,
IKH,Pinctada chemnitzii,Tiled pearl oyster,,
IKI,Pinctada imbricata,Atlantic pearl oyster,,
IKK,Lioconcha castrensis,Camp pitar venus,,Pitar aide-de-camp
IKM,Pinctada mazatlanica,Mazatlan pearl oyster,Ostra perlera nacarada,Huître perlière mexicaine
IKN,Pinctada anomioides,Jingle pearl oyster,,
IKO,Lioconcha ornata,Ornate pitar venus,,Pitar orné
IKP,Pinctada capensis,Cape pearl-oyster,,
IKS,Pinctada sugillata,Fringed pearl oyster,,
IKY,Idiastion kyphos,,,
ILA,Crossocheilus latius,,,
ILB,Iluocoetes fimbriatus,,,
ILE,Papillogobius melanobranchus,Blackthroat goby,,
ILF,Isorineloricaria festae,Zucchini catfish,,
ILI,Ilisha africana,West African ilisha,Sardineta africana,Alose rasoir
ILJ,Psilotris alepis,,,
ILL,Illex spp,Shortfin squids nei,Potas Illex nep,Encornets rouges nca
ILM,Sillago maculata,Trumpeter sillago,Silago trompetero,Pêche-madame trompette
ILN,Cheilio inermis,Cigar wrasse,,
ILP,Parailia pellucida,Glass schilbid,,
ILQ,Sillago flindersi,Flinders' sillago,Silago de Flinders,Pêche-madame peren
ILR,Sepiella inermis,Spineless cuttlefish,Sepia inerme,Sépia inerme
ILS,Sillago sihama,Silver sillago,Silago plateado,Pêche-madame argenté
ILX,Sillago spp,,,
ILY,Achiroides leucorhynchos,,,
IMA,Isognomon alatus,Flat tree oyster,,
IMB,Ariomma bondi,Silver-rag driftfish,,
IMD,Limnichthys donaldsoni,,,
IME,Achiroides melanorhynchus,,,
IML,Lima lima,Spiny file shell,Peine,Lime écailleuse
IMM,Imparfinis mirini,,,
IMO,Caiman latirostris,Broad-nosed caiman,,
IMP,Isognomon perna,Rayed tree oyster,,Ostrege sillonnée
IMR,Isognomon recognitus,Pacific tree oyster,Concha hojarascas del Pacífico,Ostrege du Pacifique
IMS,Chondrus crispus,Carragheen (Irish) moss,,Mousse perle
IMT,Limaria tuberculata,Inflated file shell,Peine nodoso,Lime enflée
IMV,Lima vulgaris,Common file shell,,Lime commune
IMX,Isognomon spp,,,
IMY,Caiman yacare,Paraguayan caiman,,
INA,Inlecypris auropurpureus,,,
INB,Callianassa biffari,Beach ghost shrimp,,
INC,Palinustus unicornutus,Unicorn blunthorn lobster,Langosta unicornia,Langouste unicorne
IND,Linuparus sordidus,Oriental spear lobster,Langosta oriental,Langouste orientale
INE,Indoreonectes evezardi,,,
INF,Noturus flavus,Stonecat,,
ING,Noturus gyrinus,Tadpole madtom,,
INI,Noturus insignis,Margined madtom,,
INJ,Linuparus trigonus,Japanese spear lobster,,
INK,Inpaichthys kerri,Royal tetra,,
INL,Noturus placidus,Neosho madtom,,
INM,Incara multisquamatus,,,
INN,Linuparus somniosus,Spear lobster,Langosta jabalina,Langouste javelot
INO,Palinustus mossambicus,Buffalo blunthorn lobster,Langosta búfalo,Langouste buffle
INP,Noturus phaeus,Brown madtom,,
INQ,Hinnites giganteus,Giant rock scallop,Ostión gigante de roca,Hinnite géant
INR,Palinustus truncatus,American blunthorn lobster,Langosta ñata,Langouste aliousta
INT,Noturus stigmosus,Northern madtom,,
INU,Inimicus cuvieri,,,
INV,Invertebrata,Aquatic invertebrates nei,Invertebrados acuáticos nep,Invertébrés aquatiques nca
INW,Palinustus waguensis,Japanese blunthorn lobster,,
INX,Noturus exilis,Slender madtom,,
INZ,Linuparus spp,Spear lobsters nei,Langosta Linuparus nep,Langoustes Linuparus nca
IOA,Apareiodon affinis,,,
IOB,Sepiola birostrata,Butterfly bobtail squid,Sepiola mariposa,Sépiole papillon
IOD,Liocarcinus depurator,Blue-leg swimcrab,Falsa necora,Étrille pattes bleues
IOE,Sepiola steenstrupiana,Steenstrup's bobtail squid,Sepieta de Steenstrup,Sépiole de Steenstrup
IOF,Sepiola affinis,Analogous bobtail squid,Sepiola análoga,Sépiole analogue
IOI,Sepiola intermedia,Intermediate bobtail squid,Sepiola intermedia,Sépiole intermédiaire
IOJ,Isognomon janus,Janus tree oyster,Concha hojarascas canela,Ostrege janus
IOK,Striostrea prismatica,Stone oyster,Ostra de piedra,Huître irisée
IOL,Sepiola ligulata,Tongue bobtail squid,Sepiola lengüita,Sépiole languette
IOM,Striostrea margaritacea,Sand oyster,,
IOO,Pseudopleuronectes obscurus,,,
IOP,Iotichthys phlegethontis,Least chub,,
IOQ,Sepiola trirostrata,Knobby bobtail squid,Sepiola nudosa,Sépiole bosselée
IOR,Sepiola robusta,Robust bobtail squid,Sepiola robusta,Sépiole robuste
IOS,Sardinella longiceps,Indian oil sardine,Sardinela aceitera,Sardinelle indienne
IOT,Sepiola atlantica,Atlantic bobtail squid,Sepiola atlántica,Sépiole grandes oreilles
IOU,Sepiola aurantiaca,Golden bobtail squid,Globito dorado,Sépiole dorée
IOX,Sepiola spp,Sepiola bobtail squids nei,Sepiolas Sepiola nep,Sépioles Sepiola nca
IOZ,Sepiola parva,Spotty bobtail squid,Sepiola manchada,Sépiole mouchetée
IPD,Dictyopteris undulata,Olive forked ribbons,Abanico olivo,Rubanier olive
IPG,Isoseculiflustra angusta,,,
IPH,Prietella phreatophila,Mexican blindcat,,
IPL,Caesioperca lepidoptera,Butterfly perch,,
IPN,Aioliops novaeguineae,,,
IPO,Pylodictis olivaris,Flathead catfish,Bagre piltonte,
IPT,Lithopoma tecta,Imbricated star-shell,Turbante imbricado,Turban imbriqué
IPU,Lithopoma tuber,Green star-shell,Turbante verde,Turban vert
IPX,Indostomus paradoxus,Pipe fish,,
IPZ,Ipnops agassizii,Grideye fish,,
IQA,Siliqua alta,Dall's razor clam,,
IQO,Isididae,,,
IQR,Siliqua radiata,Sunset razor clam,,
IQW,Siliqua winteriana,Winter's razor clam,,Silique de Winter
IQX,Siliqua spp,,,
IRA,Cirrhitichthys aprinus,Spotted hawkfish,,
IRB,Chirodactylus brachydactylus,Two-tone fingerfin,,
IRD,Orcaella brevirostris,Irrawaddy dolphin,Delfín del Irawaddy,Orcelle
IRE,Semirossia tenera,Lesser shining bobtail squid,Globito tierno,Sépiole calamarette
IRF,Cirrhitops fasciatus,Redbarred hawkfish,,
IRG,Chirodactylus grandis,Bank steenbras,,
IRH,Iranocichla hormuzensis,,,
IRI,Spirontocaris lilljeborgii,Friendly spine shrimp,Camarón saborete espinudo,Bouc épineux
IRJ,Chirodactylus jessicalenorum,Natal fingerfin,,
IRK,Mitra stictica,Pontifical miter,,Mitre pontificale
IRL,Cirripectes alboapicalis,,,
IRM,Mitra mitra,Episcopal miter,,Mitre épiscopale
IRN,Mitra nigra,Brown miter,Mitra café,Mitre mélanésienne
IRR,Mitra eremitarum,Adusta miter,,Mitre brûlée
IRS,Spirontocaris spinus,Parrot shrimp,Camarón loro,Bouc perroquet
IRT,Iranocypris typhlops,Iran cave barb,,
IRV,Cirrhitus rivulatus,Giant hawkfish,,
IRW,Iriatherina werneri,Threadfin rainbowfish,,
IRX,Cirrhitichthys oxycephalus,Coral hawkfish,,
IRZ,Mitra zonata,Zoned miter,Mitra de bandas,Mitre zonée
ISA,Isopisthus parvipinnis,Bigtooth corvina,Corvinata aletacorta,Acoupa aile-courte
ISB,Isistius brasiliensis,Cookie cutter shark,Tollo cigarro,Squalelet féroce
ISC,Chlamys islandica,Iceland scallop,Peine islándico,Peigne islandais
ISD,Thais nodosa,Nodose rock shell,Púrpura nudosa,Ovarque noueuse
ISE,Satan eurystomus,Widemouth blindcat,,
ISF,Callianassa californiensis,Bay ghost shrimp,,
ISG,Callianassa gigas,Giant ghost shrimp,,
ISH,Isopoda,"Isopods, pillbugs, sowbugs",,
ISI,Isopsetta isolepis,Butter sole,,
ISJ,Callianassa japonica,Japanese ghost shrimp,,
ISK,Callianassa kraussi,Pink ghost shrimp,,
ISL,Istiblennius bellus,Imspringer,,
ISM,Istigobius campbelli,,,
ISN,Callianassa australiensis,Australian ghost shrimp,,
ISO,Thais coronata,Crowned rock shell,Púrpura coronada,Ovarque couronnée
ISP,Isistius plutodus,Largetooth cookiecutter shark,Tollo cigarro dentón,Squalelet dentu
ISQ,Phalacrocorax atriceps,Imperial shag,Cormóran imperial,
ISR,Isopisthus remifer,Silver weakfish,,
ISS,Samaris cristatus,Cockatoo righteye flounder,,
IST,Callianassa turnerana,Cameroon ghost shrimp,,
ISU,Callianassa petalura,Flower ghost shrimp,,
ISV,Rissoella verruculosa,Rock chickory,Risella de roca,Rissoelle des rochers
ISW,Phalacrocorax aristotelis,European shag,Cormorán moñudo,Cormoran huppé
ISX,Isocirrhitus sexfasciatus,Sixband hawkfish,,
ISY,Phalacrocorax carbo,Great cormorant,Cormorán grande,Grand cormoran
ISZ,Salangidae,Icefishes nei,,
ITA,Trogloglanis pattersoni,Toothless blindcat,,
ITB,Sepietta obscura,Mysterious bobtail squid,Sepieta misteriosa,Sépiole mystérieuse
ITC,Ameiurus catus,White catfish,,
ITD,Pitar dione,Royal comb venus,,
ITE,Ameiurus nebulosus,Brown bullhead,,Barbotte brune
ITF,Ictalurus furcatus,Blue catfish,Bagre azul,
ITG,Sepietta neglecta,Elegant bobtail squid,Sepieta elegante,Sépiole élégante
ITH,Caesioscorpis theagenes,,,
ITI,Pitar fulminatus,Lightning venus,,
ITJ,Pitar unicolor,Self-coloured pitar,Pitar unicolor,Pitar unicolore
ITK,Proeutropiichthys taakree,,,
ITL,Pitar callicomatus,Ridged pitar venus,Pitar costillada,Pitar crêté
ITM,Ameiurus melas,Black bullhead,Bagre torito negro,Poisson-chat
ITN,Ameiurus natalis,Yellow bullhead,,
ITO,Citharoides macrolepis,Twospot largescale flounder,,
ITP,Ictalurus punctatus,Channel catfish,Bagre de canal,Barbue de rivière
ITQ,Pitar rudis,Rough pitar venus,Chirla aspera,Pitar rude
ITR,Citharoides macrolepidotus,Branched ray flounder,,
ITS,Pitar citrinus,Yellow pitar venus,,Pitar citron
ITT,Pitar rostratus,Rostrate pitar,Almeja corazón,
ITU,Amiantis purpurata,Purple amiantis,,
ITV,Phalacrocoracidae,Cormorants nei,Cormoranes nep,Cormoranes nca
ITW,Sepietta oweniana,Common bobtail squid,Sepieta común,Sépiole commune
ITX,Citharoides axillaris,,,
ITZ,Ituglanis amazonicum,,,
IUA,Coius campbelli,,,
IUB,Lolliguncula brevis,Western Atlantic brief squid,Calamar dedal,Calmar doigtier commun
IUC,Amarsipus carlsbergi,,,
IUE,Siganus vermiculatus,Vermiculated spinefoot,,
IUG,Siganus virgatus,Barhead spinefoot,,
IUH,Samariscus huysmani,Huysman's righteye flounder,,
IUI,Siganus trispilos,Threeblotched rabbitfish,,
IUJ,Lolliguncula panamensis,Panama brief squid,Calamar dedal panameño,Calmar doigtier panaméen
IUL,Siganus vulpinus,Foxface,,
IUM,Lolliguncula mercatoris,Guinean thumbstall squid,Calamar dedal de Guinea,Calmar doigtier de Guinée
IUN,Siganus unimaculatus,Blotched foxface,,
IUO,Latirus polygonus,Many-angled spindle,,Fasciolaire polygonale
IUP,Siganus uspi,Bicolored foxface,,
IUR,Siganus randalli,Variegated spinefoot,,
IUS,Siganus spinus,Little spinefoot,,
IUT,Siganus stellatus,Brown-spotted spinefoot,,
IUU,Siganus sutor,Shoemaker spinefoot,,
IUV,Carassius cuvieri,,,
IUX,Pitar spp,,,
IVO,Irvineia orientalis,,,
IXO,Illex oxygonius,Sharptail shortfin squid,Pota puntiaguda,Encornet rouge à pointe
IYA,Sicyopterus caeruleus,,,
IYB,Parasicydium bandama,,,
IYC,Ichthyocampus carce,,,
IYD,Apionichthys dumerili,Longtail sole,,
IYE,Citharichthys arenaceus,Sand whiff,,
IYF,Ilyodon furcidens,Goldbreast splitfin,,
IYG,Ilypnus gilberti,Cheekspot goby,,
IYI,Citharichthys gilberti,Bigmouth sanddab,,
IYJ,Dictyopteris polypodioides,Sweet-smelling seaweed,Cayado amarillo,Parfum d'Antée
IYK,Dictyota dichotoma,Forked ribbons,Abanico amarillo,Rubainer fourchu
IYL,Sicyopterus lagocephalus,Bichique,,Sicyoptère à bec de lièvre
IYM,Citharichthys stigmaeus,Speckled sanddab,,
IYO,Citharichthys sordidus,Pacific sanddab,Lenguado moteado,Cardine de Californie
IYP,Citharichthys spilopterus,Bay whiff,,
IYR,Citharichthys arctifrons,Gulf Stream flounder,,
IYS,Sicyopterus stimpsoni,Stimpson's goby,,
IYT,Citharichthys stampflii,Smooth flounder,,
IYU,Idiolychnus urolampus,,,
IYV,Sicydium brevifile,,,
IYX,Sicyopus auxilimentus,,,
IYY,Citharichthys gymnorhinus,Anglefin whiff,,
JAA,Trachurus picturatus,Blue jack mackerel,Jurel de altura(=Chicharro),Chinchard du large
JAB,Raja teevani,Prickly brown ray,,
JAD,Raja nidarosiensis,Norwegian skate,Raya noruega,Pocheteau de Norvège
JAE,Raja tengu,,,
JAF,Raja texana,Roundel skate,,
JAG,Raja velezi,Velez ray,,
JAH,Raja rhina,Longnose skate,Raya narigona,
JAI,Raja miraletus,Brown ray,Raya de espejos,Raie miroir
JAJ,Jacquinotia edwardsii,Southern spider crab,Centolla del Sur,Araignée du Sud
JAK,Raja wallacei,Yellowspotted skate,,
JAL,Raja pullopunctata,Slime skate,,
JAM,Raja melitensis,Maltese ray,,
JAN,Engraulis japonicus,Japanese anchovy,Anchoíta japonesa,Anchois japonais
JAO,Raja olseni,Spreadfin skate,,
JAP,Sardinops melanostictus,Japanese pilchard,Sardina japonesa,Pilchard du Japon
JAQ,Haliporoides sibogae,Jack-knife shrimp,Camarón cortapluma,Salicoque canif
JAR,Raja radula,Rough ray,,
JAS,Arctoscopus japonicus,Japanese sandfish,,Toroumoque japonais
JAT,Raja nasuta,Rough skate,,
JAU,Raja pulchra,,,
JAV,Raja purpuriventralis,,,
JAW,Raja powelli,,,
JAX,Trachurus spp,Jack and horse mackerels nei,Jureles nep,Chinchards noirs nca
JAY,Raja polystigma,Speckled ray,,
JAZ,Raja whitleyi,Wedgenose skate,,
JBG,Jeboehlkia gladifer,,,
JCC,Stichopus chloronotus,Greenfish,,Trepang vert
JCF,Isostichopus fuscus,Giant sea cucumber,Pepino de mar gigante,Cocombre de mer géant
JCG,Maja goltziana,Spiny spider crab,Cabrot espinoso,Araignée hérissée
JCN,Centrolabrus trutta,Emerald wrasse,Romero,Centrolabre truite
JCP,Maja crispata,Lesser spider crab,Crabot,Araignée naine
JCR,Stichopus regalis,Royal cucumber,Cohombro,Holothurie jaune
JCV,Stichopus variegatus,Curryfish,,Trepang curry
JCX,Maja spp,Maja spider crabs nei,Cangrejos Maja nep,Crabes araignées Maja nca
JDC,Paromola japonica,Japan. deep-water carrier crab,,
JDF,Jordanella floridae,Flagfish,,
JDM,Dasyatis matsubarai,,,
JDO,Dasyatis tortonesei,Tortonese's stingray,,
JDP,Dasyatis pastinaca,Common stingray,Raya látigo común,Pastenague commune
JDR,Dasyatis rudis,,,
JDS,Dasyatis sabina,Atlantic stingray,,
JDT,Dasyatis thetidis,Thorntail stingray,,
JDY,Dasyatis say,Bluntnose stingray,,
JEL,Rhopilema spp,Jellyfishes nei,Medusas nep,Méduses nca
JFA,Raja lanceorostrata,Rattail skate,,
JFB,Raja robertsi,Bigmouth skate,,
JFC,Raja schmidti,,,
JFD,Raja doutrei,Violet skate,,
JFE,Raja eglanteria,Clearnose skate,,
JFF,Raja fuliginea,,,
JFG,Raja garmani,Freckled skate,,
JFH,Raja heemstrai,,,
JFI,Raja gigas,,,
JFJ,Raja johannisdavisi,,,
JFK,Raja kenojei,,,
JFL,Cypselurus agoo,Japanese flyingfish,Volador japonés,Poisson-volant du Japon
JFM,Raja lemprieri,Thornback skate,,
JFN,Raja innominata,,,
JFO,Raja hollandi,,,
JFP,Raja polyommata,Argus skate,,
JFQ,Raja equatorialis,Ecuatorial ray,,
JFR,Raja inornata,California ray,,
JFS,Raja lentiginosa,,,
JFT,Malacoraja kreffti,Krefft's ray,Raya de Krefft,Raie de Krefft
JFU,Raja gudgeri,Greenback skate,,
JFV,Raja leopardus,Leopard skate,,
JFW,Raja herwigi,,,
JFX,Raja leucosticta,,,
JFY,Raja maderensis,Madeiran ray,Raya de Madeira,Raie de Madère
JFZ,Raja meerdervoortii,,,
JGQ,Pseudocnus laevigatus,,,
JGU,Pterygotrigla picta,Spotted gurnard,,
JIC,Neopagetopsis ionah,Jonah's icefish,,
JJM,Trachurus japonicus,Japanese jack mackerel,Jurel japonés,Chinchard du Japon
JLM,Ptilonia magellanica,Magellanic ptilonia,Tilonia de Magallanes,Ptilonie de Magellan
JNA,Jania adhaerens,Pacific coral moss,Falsa coralina del Pacífico,Janire corail du Pacifique
JNR,Jania rubens,Fine coral moss,Falsa coralina,Janire corail
JOA,Johnius amblycephalus,Bearded croaker,,
JOB,Johnius belangerii,Belanger's croaker,,
JOC,Johnius coitor,Coitor croaker,,
JOD,Zeus faber,John dory,Pez de San Pedro,Saint Pierre
JOE,Johnsonina eriomma,,,
JON,Johnrandallia nigrirostris,Blacknosed butterflyfish,,
JOS,Zenopsis conchifer,Silvery John dory,San Pedro plateado,Saint Pierre argenté
JOT,Johnius trachycephalus,Leaftail croaker,,
JOU,Johnius dussumieri,Sin croaker,,
JOX,Johnius spp,,,
JPC,Pinguipes chilensis,Chilean sandperch,Rollizo,Pinge chilien
JPD,Japonolaeops dentatus,,,
JPM,Centropomus mexicanus,Largescale fat snook,Robalo gordo de scama grande,Crossie mexicaine
JPP,Copepoda,Copepods,Copépodos,Copépodes
JPS,Physiculus fulvus,Metallic codling,Carbonero metálico,
JPV,Centropomus viridis,White snook,Róbalo plateado,Crossie argenté
JRA,Raja acutispina,,,
JRB,Raja badia,Broad skate,,
JRC,Raja macrocauda,,,
JRD,Raja caudaspinosa,Munchskin skate,,
JRE,Rajella barnardi,Bigthorn skate,Raya de grande espina,Raie grand épine
JRF,Raja africana,African ray,,
JRG,Raja cervigoni,Finspot ray,,
JRH,Raja bathyphila,Deep-water ray,,
JRI,Raja binoculata,Big skate,,
JRJ,Raja compagnoi,,,
JRK,Raja ackleyi,Ocellate skate,,
JRL,Raja bullisi,Bullis skate,,
JRM,Raja campbelli,Blackspot skate,,
JRN,Raja annandalei,,,
JRO,Raja boesemani,,,
JRP,Raja pita,,,
JRQ,Raja dissimilis,Ghost skate,,
JRR,Raja clarkii,,,
JRS,Raja asterias,Mediterranean starry ray,Raya estrellada,Raie étoilée
JRT,Raja castelnaui,Spotback skate,Raya a lunares,
JRU,Raja australis,Sydney skate,,
JRV,Raja cerva,White-spotted skate,,
JRW,Raja bigelowi,Bigelow's ray,,
JRX,Raja dageti,,,
JRY,Raja cyclophora,Eyespot skate,Raya de círculos,
JRZ,Raja cortezensis,Cortez' ray,,
JSC,Patinopecten yessoensis,Yesso scallop,Vieira japonesa,Pétoncle du Japon
JSI,Latirus infundibulum,Brown-lined latirus,Huso cebra,Fuseau zébré
JSN,Jasus novaehollandiae,Southern rock lobster,,
JSP,Jasus paulensis,St.Paul rock lobster,Langosta de St.Paul,Langouste de St.Paul
JSS,Sardinella zunasi,Japanese sardinella,Sardinela del Japón,Sardinelle japonaise
JSX,Jasus spp,Rock lobsters nei,Langostas Jasus nep,Langoustes Jasus nca
JTP,Atractosteus tropicus,Tropical gar,Gaspar,
JTT,Pitar tumens,Swollen venus,Almeja bombacha,Vénus bombée
JUA,Urotrygon aspidura,Spiny-tail round ray,,
JUC,Urotrygon chilensis,Chilean round ray,,
JUD,Julidochromis dickfeldi,,,
JUH,Leptojulis chrysotaenia,,,
JUI,Justitia chani,Small furrow lobster,,
JUJ,Justitia japonica,Japanese furrow lobster,,
JUL,Justitia longimanus,West Indian furrow lobster,Langosta de muelas,Langouste caraïbe
JUM,Urotrygon microphthalmum,,,
JUN,Urotrygon nana,Dwarf round ray,,
JUO,Urotrygon rogersi,Rogers' round ray,,
JUR,Urotrygon reticulata,Reticulate round ray,,
JUS,Urotrygon simulatrix,Fake round ray,,
JUT,Justitia mauritiana,Gibbon furrow lobster,,Langouste gibbon
JUU,Urotrygon munda,Munda round ray,,
JUV,Justitia vericeli,Polynesian furrow lobster,,
JUX,Jujubinus exasperatus,Exasperating jujubine,Peonza enana,Troque pygmée
JVY,Leptychaster kerguelenensis,,,
JYL,Jenynsia lineata,Onesided livebearer,,
JYW,Scurria plana,,,
JYX,Scurria spp,,,
JZO,Jordania zonope,Longfin sculpin,,
KAA,Kathala axillaris,Kathala croaker,,
KAB,Platichthys bicoloratus,Stone flounder,,
KAC,Lithodes confundens,,,
KAD,Cantharus dorbignyi,D'Orbigny's buccinum,Caracolillo de d'Orbigny,Buccin de D'Orbigny
KAE,Canthigaster amboinensis,Spider-eye puffer,,
KAF,Atheresthes evermanni,Kamchatka flounder,Halibut japonés,Faux flétan du Japon
KAG,Calappa gallus,Rough box crab,Calapa amarilla,Migraine rugueuse
KAH,Pomadasys kaakan,Javelin grunter,,Grondeur javelot
KAI,Kali indica,,,
KAK,Scomberomorus plurilineatus,Kanadi kingfish,Carite canadí,Thazard kanadi
KAL,Kalimantania lawak,,,
KAM,Kamoharaia megastoma,Wide-mouthed flounder,,
KAN,Crassostrea ariakensis,Ariake cupped oyster,,
KAO,Carinotetraodon lorteti,,,
KAP,Calappa pelii,Spiny box crab,Calapa espinuda,Migraine épineuse
KAQ,Lithodes aequispina,Golden king crab,Centolla dorada,Crabe royal doré
KAR,Calappa rubroguttata,Spotted box crab,Calapa manchada,Migraine maculée
KAS,Karalepis stewarti,Scaly headed triplefin,,
KAT,Calappa angusta,Nodose box crab,Cajeta nodosa,Migraine bouclée
KAW,Euthynnus affinis,Kawakawa,Bacoreta oriental,Thonine orientale
KAX,Macrocallista spp,,,
KAY,Crassostrea gryphoides,Gryphea cupped oyster,,
KBB,Argyrops bleekeri,Taiwan tai,,
KBR,Argyrops spinifer,King soldier bream,Sargo real,Spare royal
KBX,Cardiocardita spp,,,
KCA,Lithodes ferox,King crab,Centolla,Crabe royal
KCB,Cancer bellianus,Toothed rock crab,Jaiba de roca dientuda,Tourteau denté
KCC,Corculum cardissa,True heart cockle,,Bucarde coeur
KCD,Paralithodes camtschaticus,Red king crab,Cangrejo real rojo,Crabe royal du Kamtchatka
KCE,Chicoreus brunneus,Adusta murex,,Murex bruni
KCF,Paralomis formosa,Globose king crab,Centolla redonda,Crabe royal sphérique
KCG,Codium contractum,,,
KCH,Kronichthys heylandi,,,
KCI,Paralithodes platypus,Blue king crab,Cangrejo real azul,Crabe royal bleu
KCJ,Clanculus jussieui,Jussieu's chanculus,Peonza de Jussieu,Troque de Jussieu
KCK,Chicoreus torrefactus,Firebrand murex,,Murex torréfié
KCL,Clinocardium nuttallii,Basket cockle,,
KCM,Lithodes murrayi,Subantarctic stone crab,Centolla subantártica,Crabe royal subantarctique
KCN,Cromeria nilotica,Naked shellear,,
KCO,Chicoreus ramosus,Ramose murex,,Murex rameux
KCP,Genypterus capensis,Kingklip,Congribadejo(=Rosada)del Cabo,Abadèche du Cap
KCQ,Callistochiton portobelensis,Portobelo chiton,,
KCR,Lithodes santolla,Southern king crab,Centolla patagónica,Crabe royal de Patagonie
KCS,Paralithodes spp,King crabs,Cangrejos rusos,Crabes royaux
KCT,Lithodes maja,Stone king crab,Centolla de roca,Crabe royal de roche
KCU,Paralomis aculeata,Red stone crab,Centolla colorada,Crabe royal rouge
KCV,Paralomis spinosissima,Antarctic stone crab,Centolla antártica,Crabe royal de l'Antarctique
KCW,Clinocardium buelowi,Bulow's cockle,,
KCX,Lithodidae,"King crabs, stone crabs nei","Centollas, centollones nep","Crabes royaux, etc. nca"
KCY,Paralithodes brevipes,Brown king crab,Cangrejo real marrón,Crabe royal brun
KCZ,Lithodes spp,King crabs nei,Centollas nep,Crabes royaux nca
KDA,Cardisoma armatum,Lagoon land crab,Moro de laguna,Tourlourou des lagunes
KDB,Cardites bicolor,Twotoned cardita,,Cardite bicolore
KDC,Cardisoma carnifex,Chestnut crab,,
KDD,Paralomis anamerae,,,
KDE,Cassidaria echinophora,Spiny bonnet,Casco,Casque echinophore
KDF,Crepidula fornicata,American slipper-limpet,Seba,Crepidule
KDG,Cardisoma guanhumi,Giant land crab,Cangrejo de mangle azul,Tombourou matoutou
KDH,Cassidaria tyrrhena,Rugose bonnet,Casco tirreno,Casque tyrrhenien
KDI,Chondrus pinnulatus,,,
KDJ,Cardiocardita ajar,Ajar cardita,Cardita ajar,Cardite ajar
KDK,Cardisoma crassum,Mouthless land crab,Moro sin boca,Tombourou voyageur
KDL,Cladodonta lyallii,Cladodonta,Cladodonta,Cladodonta
KDM,Chondracanthus chamissoi,,Chicorea de mar,
KDN,Chatoderma argenteum,Glisten-worm solenogaster,,
KDO,Cardium costatum,Costate cockle,Berberecho acostillado,Bucarde à cotes
KDQ,Cardites antiquatus,Antique cardita,Cardita,Cardite cannelée
KDR,Cardium rigens,Gaping cockle,Arca boquiabierta,Bucarde baillante
KDS,Atactodea striata,Striate beach clam,,Mesodème glabre
KDT,Cardites tankervillei,Tankerville's cardita,Cardita de Tankerville,Cardite de Tankerville
KDU,Crepidula aculeata,Spiny slipper shell,Pique espinoso,Crepidule épineuse
KDW,Chondrus elatus,,,
KDX,Crepidula excavata,Excavated slipper shell,Pique del Pacífico,Crepidule du Pacifique
KDY,Crepidula onyx,Onyx slipper shell,Pique onyx,Crepidule onyx
KDZ,Chondrus ocellatus,,,
KEA,Kentrocapros aculeatus,,,
KEC,Cerithium coralium,Coral cerith,,Cérithe corail
KED,Cerithidea decollata,Cut-off swamp cerith,,
KEE,Cerithium echinatum,Spinose cerith,,Cérithe épineux
KEF,Chaceon affinis,Deep-sea red crab,Cangrejo rey,Crabe rouge de profondeur
KEK,Skeletonema costatum,,,
KEN,Cerithium nodulosum,Giant knobbed cerith,,Cérithe noduleux
KEV,Chicoreus virgineus,Virginal murex,,Murex virginal
KEX,Circomphalus spp,,,
KEZ,Chelonia agassizii,Eastern Pacific green turtle,Tortuga prieta,Tortue verte du Pacifique est
KFA,Circomphalus casinus,Chamber venus,Almeja casera,Vénus chambrière
KFB,Coralliophila brevis,Short coral-shell,Coralera breve,Coralliophile court
KFC,Scapharca cornea,Corneous ark,,Arche cornée
KFF,Callophyllis spp,,,
KFK,Coralliophila alaucoides,Lamellose coral-shell,Coralera oruga,Coralliophile chenille
KFL,Skiffia lermae,,,
KFM,Coralliophila meyendorffi,Meyendorff's coral shell,Coralera de Meyendorff,Coralliophile de Meyendorff
KFR,Circomphalus rosalina,African venus,,Praire africaine
KFT,Calotrophon turritus,Turreted drill,Busano torrecilla,Murex tourelle
KFU,Knefastia tuberculifera,Tuberculate kneefastia,Pleurotoma tuberculada,Pleurotome tuberculé
KFV,Callophyllis variegata,Manifold callophyllis,Calofila variable,Callophyllis variable
KFX,Cardium spp,,,
KGA,Grasseichthys gabonensis,,,
KGB,Menticirrhus americanus,Southern kingcroaker,Lambe caletero,Bourrugue de crique
KGC,Kelloggella cardinalis,Cardinal goby,,
KGF,Menticirrhus saxatilis,Northern kingfish,Lambe zorro,Bourrugue renard
KGG,Menticirrhus littoralis,Gulf kingcroaker,Lambe verrugato,Bourrugue du Golfe
KGH,Cucumaria kerguelensis,,,
KGM,Scomberomorus cavalla,King mackerel,Carite lucio,Thazard barré
KGX,Scomberomorus spp,Seerfishes nei,Carites nep,Thazards nca
KHA,Chonerhinos amabilis,,,
KHC,Cerithidea cingulata,Girdled horn shell,,Potamide sangle
KHF,Charybdis feriatus,Crucifix crab,,
KHI,Acanthophora spicifera,Erect sea moss,,
KHN,Charybdis natator,Ridged swimming crab,,
KHO,Cerithidea obtusa,Obtuse horn shell,,Potamide obtus
KHP,Chelonodon patoca,Milkspotted puffer,,
KHQ,Cerithidea quadrata,Quadrate horn shell,,Potamide equarri
KHR,Cerithium rupestre,Mediterranean cerithe,Pada mediterránea,Cérite rupestre
KHS,Chiton stokesii,Stoke's chiton,Quiton de Stokes,Chiton de Stokes
KHU,Chiton articulatus,Articulate chiton,Quiton articulado,Chiton articulé
KHV,Cerithium vulgatum,Common cerithe,Pada común,Cérite-goumier
KHX,Chiton spp,Chitons nei,Quitones nep,Chitons nca
KIA,Codium adhaerens,,,
KIB,Codium platylobium,,,
KIC,Genyonemus lineatus,White croaker,Roncador blanco,Courbine blanche
KID,Chione undatella,Frilled Californian venus,Venus roñosa,Vénus sinueuse
KIE,Codium repens,,,
KIF,Chionodraco rastrospinosus,Ocellated icefish,Draco ocelado,Grande-gueule ocellée
KIG,Chione gnidia,Ornate venus,Venus vistosa,Vénus ornée
KIH,Kimberleyeleotris hutchinsi,Mitchell gudgeon,,
KII,Codium fragile,Fragile codium,Codio fragil,Codium orvet
KIK,Chione californiensis,Common Californian venus,Venus mantecosa,Vénus californienne
KIL,Codium edule,Branched sea cushion,,
KIM,Psammechinus microtuberculatus,Green sea urchin,Ericillo de mar,Oursin grimpeur
KIN,Kyphosus analogus,Blue-bronze sea chub,,
KIO,Marcia opima,Fertile venus,,Vénus fertile
KIP,Chione compta,Small banded venus,Venus blanca,Vénus blanche
KIQ,Codium spongiosum,,,
KIR,Codium arabicum,Green sea cushion,,
KIS,Chione subrugosa,Semi-rough venus,Venus rayada,Vénus striée
KIT,Psammechinus miliaris,,,Oursin vert
KIU,Chione fluctifraga,Smooth Pacific venus,Venus lisa de bahia,Vénus lisse du Pacifique
KIW,Orcinus orca,Killer whale,Orca,Orque
KIX,Menticirrhus spp,Kingcroakers nei,Lambes nep,Bourrugues nca
KIY,Codium cylindricum,,,
KJC,Actinia cari,Girdle anemone,Anemona cari,Anemone-ceinture
KJT,Codium tomentosum,,,
KJX,Lottia spp,,,
KKA,Kneria auriculata,Airbreathing shellear,,
KKC,Circentia callipyga,Venus clam,,
KKD,Acanthochitona andersoni,Smooth glass-hair chiton,,
KKF,Kanekonia florida,,,
KKI,Codakia interrupta,Interrupted lucine,,Leucine interrompue
KKJ,Cancer johngarthi,Northern lemon rock crab,Jaibalimon del norte,Tourteau citron du Nord
KKK,Calliactis parasitica,Hermit anemone,Anemona del ermitano,Anemone du Pagure
KKL,Actinauge richardi,,,
KKM,Cancer amphioetus,Japanese rock crab,Jaiba japonés,Tourteau japonais
KKN,Cancer antennarius,California red rock crab,Jaiba roja de California,Tourteau rouge de Californie
KKO,Codakia orbicularis,Atlantic tiger lucine,Lucina tigre americana,Lucine tigrée americaine
KKP,Codakia punctata,Punctate lucine,,Leucine ponctuée
KKR,Architectonica perspectiva,Clear sundial,,Solarium clair
KKS,Circe scripta,Script venus,,Circe violette
KKT,Codakia tigerina,Pacific tiger lucine,,Lucine tigre
KKU,Crocodylus palustris,Mugger crocodile,,
KKV,Actinostolidae,,,
KKW,Hormathiidae,,,
KKX,Architectonica maxima,Giant sundial,,Solarium géant
KLA,Hypoptychus dybowskii,Korean sandlance,,
KLB,Callinectes bocourti,Blunttooth swimcrab,Jaiba roma,Crabe chancre
KLC,Callinectes maracaiboensis,Maracaibo swimcrab,Jaiba de Maracaibo,Crabe d'Alaine
KLD,Chlamys rubida,Hind's scallop,,
KLE,Callinectes exasperatus,Rugose swimcrab,Jaiba rugosa,Crabe lire
KLG,Callinectes marginatus,Marbled swimcrab,Cangrejo jaspeado,Crabe marbré
KLH,Chlamys hastata,Spiny scallop,,
KLI,Callinectes bellicosus,Warrior swimcrab,Jaiba guerrera,Crabe nageur soldat
KLJ,Chlamys asperrima,Doughboy scallop,,
KLK,Callista chione,Smooth callista,Almejon,Vernis fauve
KLL,Callinectes larvatus,Masked swimcrab,Jaiba de mascara,Crabe draguenelle
KLM,Callinectes amnicola,Bigfisted swimcrab,Cangrejo tijeron,Crabe bicorne
KLN,Chlamys senatoria,Senatorial scallop,,Pétoncle sénateur
KLO,Callinectes ornatus,Shelling crab,Jaiba gris,Crabe gris
KLP,Callinectes pallidus,Gladiator swimcrab,Cangrejo gladiator,Crabe gladiateur
KLQ,Calliostoma conulum,Shining top-shell,Peonza luciente,Troque petit cone
KLR,Klausewitzia ritae,,,
KLS,Callinectes similis,Lesser blue crab,Jaiba azul menor,Crab ciarlatan
KLT,Callinectes rathbunae,Sharptooth swimcrab,Jaiba de puntas,Crabe balleresse
KLU,Callinectes arcuatus,Cuata swimcrab,Jaiba cuata,Crabe couata
KLV,Paralomis longipes,,Centolla peruana,
KLX,Codakia spp,,,
KMB,Chama buddiana,Mexican jewel box,Concha joyero mexicana,Chame mexicaine
KMC,Macoma cancellata,Cancellate panope,Panopea cuadrilla,Panopée quadrillée
KMD,Ceramium codii,,,
KMF,Ceramium fimbriatum,,,
KMH,Chaetomorpha linum,Floating chaetomorpha,Crin flotante,Crinière flottante
KMI,Ceramium ciliatum,Velvet ceramium,Trillo velludo,Céramium cilie
KMJ,Ceramium paniculatum,,,
KMK,Ceramium pacificum,Pacific ceramium,Trillo del Pacífico,Céramium du Pacifique
KML,Chama lazarus,Lazarus jewel box,,Chame de Lazare
KMM,Chlamys multistrata,Little bay scallop,Vieira estriada,Pétoncle multistrie
KMN,Ceramium kondoi,,,
KMO,Cymatium corrugatum,Corrugated triton,Triton fruncido,Triton froncé
KMP,Chama pacifica,Reflexed jewel box,,Chame réfléchie
KMQ,Ceramium rubrum,Common ceramium,Trillo común,Céramium commun
KMR,Cymatium parthenopus,Neapolitan triton,Triton napolitano,Triton napolitain
KMS,Chama savignyi,Savigny's jewel box,,Chame de Savigny
KMT,Placamen tiara,Tiar venus,,Vénus tiare
KMU,Cymatium cutaceum,Cuticle-clad triton,Triton levantino,Triton cutacé
KMV,Chlamys livida,Scallop,,
KMW,Chaetomorpha aerea,Hairy chaetomorpha,Crin verde,Crinière dressée
KMX,Ceramium tenerrimum,,,
KNA,Channa marulius,,,
KNB,Conus betulinus,Beech cone,,Cône bouleau
KNC,Knipowitschia caucasica,,,
KNE,Conus suratensis,Suratan cone,,Cône de Surat
KNF,Chione paphia,King venus,,
KNG,Conus generalis,General cone,,Cône général
KNH,Knodus heteresthes,,,
KNI,Haliporoides spp,Knife shrimps nei,Camarones navaja nep,Salicoques-couteau nca
KNJ,Cyclina sinensis,Oriental cyclina,,Cycline orientale
KNK,Chione kellettii,Kellett's Panama venus,Venus de Kellett,Vénus de Kellett
KNL,Conus litteratus,Lettered cone,,Cône imprimé
KNM,Channa maculata,,,
KNN,Chione cancellata,Cross-barred venus,,
KNO,Cellana rota,Rayed limpet,,Patelle à rayons
KNP,Alectryonella plicatula,Fingerprint oyster,,Huître plicatule
KNQ,Conus quercinus,Oak cone,,Cône petit-chêne
KNR,Cronius ruber,Red swimcrab,Cangrejo colorado,Crabe rouge
KNS,Haliporoides triarthrus,Knife shrimp,Camarón navaja,Salicoque couteau
KNT,Cellana testudinaria,Turtle limpet,,Patelle tortue
KNU,Chione stutchburyi,Stutchbury's venus,,
KNV,Conus flavidus,Yellow Pacific cone,,Cône flave
KNW,Centroceras clavulatum,Red panache,Penacho colorado,Panache rouge
KNX,Chione spp,,,
KNY,Thamnaconus hypargyreus,Lesser-spotted leatherjacket,,
KOA,Conus radiatus,Rayed cone,,Cône rayé
KOB,Argyrosomus hololepidotus,Southern meagre(=Mulloway),Corvina del Sur,Maigre du Sud
KOC,Colubraria muricata,Maculated dwarf triton,,Couleuvreau tacheté
KOD,Konia dikume,Dikume,,
KOE,Conus leopardus,Leopard cone,,Cône léopard
KOF,Kochichthys flavofasciata,,,
KOG,Krobia guianensis,,,
KOI,Calliostoma laugieri,Laugier's top-shell,Peonza de Laugier,Troque de Laugier
KOJ,Ciona intestinalis,Ciona,Budell,Cione
KOK,Conus coronatus,Crowned cone,,Cône couronné
KOL,Saccostrea glomerata,New Zealand rock oyster,,
KOM,Saccostrea malabonensis,Philippines hooded oyster,,
KON,Calliostoma granulatum,Granular top-shell,Peonza granulosa,Troque granulé
KOO,Conus marmoreus,Marble cone,,Cône marbré
KOP,Colomesus psittacus,Banded puffer,,
KOQ,Conus tessulatus,Tesselate cone,,Cône mosaique
KOR,Contusus richei,Prickly toadfish,,
KOS,Scomberomorus koreanus,Korean seerfish,Carite coreano,Thazard coréen
KOT,Calliostoma gualtierianum,Gualtieri's top-shell,Peonza de Gualtieri,Troque de Gualtieri
KOU,Saccostrea palmula,Palmate oyster,Ostra palmada,Huître palmée
KOV,Conus lividus,Livid cone,,Cône livide
KOW,Glyphoperidium bursa,,,
KOX,Saccostrea mordax,Coral rock oyster,,
KOZ,Calliostoma zizyphinum,Painted top-shell,Peonza pintada,Troque marginé
KPA,Parakneria abbreviata,,,
KPB,Crepidula gibbosa,Slipper-limpet crepidule,Chancleta jorobada,Crepidule bossue
KPC,Carpilius corallinus,Batwing coral crab,Cangrejo moro,Crabe moro
KPE,Crepidula goreensis,Goree slipper shell,Concha sandalia,Crepidule sandale
KPF,Calappa flammea,Flame box crab,Cajeta llameante,Migraine flamboyante
KPG,Calappa granulata,Shamefaced crab,,Crabe honteux
KPH,Calappa hepatica,Ridged box crab,,
KPI,Crepidula unguiformis,Nail-shaped crepidule,Chancleta unciforme,Crepidule unguiforme
KPJ,Calyptraea chinensis,Chinese cup-and-saucer,Sombrero chino,Calyptrée-chapeau chinois
KPK,Calappa calappa,Giant box crab,,
KPL,Calappa lophos,Common box crab,,
KPM,Carpilius maculatus,Clown crab,,
KPN,Calappa nitida,Ornamented boxcrab,Cajeta ornamentada,Migraine ornementée
KPO,Calappa ocellata,Ocellated box crab,Cajeta ocelada,Migraine ocellée
KPP,Calappa philargius,Spectacled box crab,,
KPQ,Acanthopleura granulata,West Indian fuzzy chiton,,
KPR,Capulus ungaricus,Hungarian cap-shell,Sombrero hungaro,Cabochon-bonnet hongrois
KPS,Calappa sulcata,Yellow box crab,Cajeta amarilla,Migraine jaune
KPT,Chaetopleura apiculata,Eastern beaded chiton,,
KPU,Calappa saussurei,Small arched box crab,Cajeta bola pequena,Petite migraine arche
KPV,Calappa convexa,Arched box crab,Cajeta bola,Migraine arche
KPW,Feresa attenuata,Pygmy killer whale,Orca pigmea,Orque pygmée
KPX,Carpilius convexus,Marbled stone crab,,
KPY,Aptenodytes patagonicus,King penguin,Pingüino rey,Manchot royal
KQB,Caulerpa brachypus,Sea mustard,,
KQC,Caulerpa cupressoides,Toothed sloton,,
KQE,Caulerpa lentillifera,Small seagrape,,
KQF,Acropora palifera,Catch bowl coral,,
KQH,Acropora humilis,Finger coral,,
KQL,Acanella spp,Branched bamboo coral,,
KQM,Acropora formosa,Staghorn coral,,
KQN,Actinia equina,Beadlet anemone,Tomate marino,Actinie pourpre
KQO,Acropora florida,Branch coral,,
KQP,Caulerpa prolifera,Leafy caulerpa,Caulerpa proliferante,Caulerpe prolifère
KQR,Caulerpa racemosa,Coarse seagrape,,
KQS,Caulerpa serrulata,,,
KQT,Caulerpa sertularioides,Green sea feather,,
KQU,Cantharus undosus,Waved goblet,,Buccin houleux
KQX,Caulerpa taxifolia,Green sea palm,,
KQY,Acropora hyacinthus,Brush coral,,
KRA,Krefftichthys anderssoni,,,
KRB,Kraemeria bryani,,,
KRC,Euphausia crystallorophias,Ice krill,Krill glacial,Krill des glaces
KRE,Chirostoma estor,,,
KRF,Euphausia frigida,Pygmy krill,Krill pigmeo,Krill pygmée
KRG,Chirostoma grandocule,,,
KRH,Cirrhipathes spp,Wire coral,,
KRI,Euphausia superba,Antarctic krill,Krill antártico,Krill antarctique
KRJ,Charonia rubicunda,Knobbed triton,Corno,Triton noueux
KRK,Kribia kribensis,,,
KRL,Crassostrea columbiensis,Columbia black oyster,Ostra negra,Huître creuse noire
KRM,Thysanoessa macrura,Bigeye krill,Krill oji grande,Krill à gros yeux
KRN,Charonia tritonis,Variegated triton,Triton,Triton émaillé
KRO,Karumba ornatissimus,,,
KRQ,Corallina elongata,Rough coral moss,Coralina carenada,Coralline carénée
KRR,Parkraemeria ornata,,,
KRS,Crucibulum scutellatum,Brown cup-and-saucer,Pocacho corrugado,Goufique brune
KRT,Euphausia triacantha,Spiny krill,Krill espinudo,Krill épineux
KRU,Krusensterniella maculata,,,
KRV,Euphausia vallentini,Northern krill,Krill subantártico,Krill subantarctique
KRW,Chirostoma spp,,Charales de agua dulce nep,
KRX,Euphausia spp,Antarctic krill nei,Krill antártico nep,Krill antarctique nca
KRY,Keratoisis ornata,,,
KRZ,Fissidentalium aegeum,,,
KSB,Chicoreus brevifrons,West Indian murex,Busano antillano,Rocher antillais
KSC,Cassis cornuta,Horned helmet,,Casque cornu
KSD,Cassis madagascariensis,Emperor helmet,Casco imperial,Casque imperial
KSE,Thamnaconus septentrionalis,,,
KSF,Cassis flammea,Flame helmet,Casco flameante,Casque flamme
KSH,Doris kerguelenensis,,,
KSM,Macrocallista maculata,Calico clam,,
KSN,Macrocallista nimbosa,Sunray venus,,
KSS,Cassis tessellata,Tessellate helmet,Casco teselado,Casque à damier
KST,Cassis tuberosa,King helmet,Casco real,Casque royal
KSX,Cassis spp,,,
KSY,Synapturichthys kleinii,Klein's sole,Lenguado de Klein,Sole tachetée
KSZ,Leptochiton kerguelensis,,,
KTA,Phalacronotus apogon,,,
KTB,Kryptopterus bicirrhis,Glass catfish,,
KTC,Kryptopterus cryptopterus,,,
KTD,Phalacronotus micronemus,,,
KTE,Pecten sericeus,Silken scallop,Vieira satinada,Coquille St-Jacques satinée
KTF,Carditamera floridana,Broad ribbed cardita,,
KTG,Cerastoderma glaucum,Olive green cockle,Barberecho verde,Coque glauque
KTH,Katelysia hiantina,Hiant venus,,Vénus sillonnée
KTI,Cistopus indicus,Old woman octopus,Pulpo perforado,Poulpe vieille femme
KTJ,Pecten albicans,Japanese baking scallop,,
KTK,Phalacronotus bleekeri,,,
KTL,Xeneretmus latifrons,Blacktip poacher,,
KTM,Kryptopterus macrocephalus,Striped glass catfish,,
KTN,Pecten sinensis,Chinese scallop,,
KTO,Pecten modestus,Modest scallop,,
KTP,Chiroteuthis picteti,,,
KTQ,Cerithium alucastrum,Spicate cerithe,Pada,Cérite alucastre
KTR,Acesta rathbuni,Rathbun's giant file shell,,Lime géante de Rathbun
KTS,Acanthocardia spinosa,Sand cockle,Berberecho espinoso,Bucarde épineuse
KTT,Acanthocardia tuberculata,Tuberculate cockle,Corruco,Bucarde tuberculée
KTU,Acanthocardia paucicostata,Poorly ribbed cockle,Gurriato,Bucarde peu côtelée
KTV,Chiroteuthis veranyi,Long-armed squid,Calamarín volador,
KTX,Ctenoides scabra,Rough lima,Lima aspera,Lime rêche
KTY,Ketengus typus,,,
KTZ,Pecten spp,Pecten scallops nei,Vieiras Pecten nep,Peignes Pecten nca
KUA,Kiunga ballochi,Glass blue-eye,,
KUB,Kuronezumia bubonis,Bulbous rattail,,
KUC,Kumba calvifrons,,,
KUD,Kumococius rodericensis,Spiny flathead,,
KUE,Actinopyga echinites,Deep-water redfish,,
KUF,Kuiterichthys furcipilis,Rough anglerfish,,
KUG,Chelidonichthys kumu,Bluefin gurnard,Testolín de aleta azul,Grondin aile bleue
KUH,Bohadschia marmorata,Chalky cucumber,,
KUI,Cittarium pica,West Indian top shell,Burgado antillano,Troque des Antilles
KUJ,Conus regius,Royal cone,Cono real,Cône royale
KUK,Arcuatula arcuatula,Arcuate mussel,,Modiolaire arquée
KUL,Kurtus gulliveri,Nurseryfish,,
KUM,Conus mus,Mouse cone,Cono raton,Cône souris
KUN,Stichopus horrens,Selenka's sea cucumber,,
KUO,Conraua goliath,,,
KUP,Penaeus japonicus,Kuruma prawn,Langostino japonés,Crevette kuruma
KUQ,Actinopyga miliaris,Hairy blackfish,,
KUR,Misgurnus anguillicaudatus,Pond loach,Misgurno de Asia,Loche asiatique
KUS,Kimblaeus bassensis,Trawl pipefish,,
KUT,Solecurtus divaricatus,Divaricate short razor,,Solecurte divergent
KUU,Kaupus costatus,,,
KUV,Kuhlia sandvicensis,Hawaiian flagtail,,
KUW,Bohadschia argus,Leopard fish,,Holothurie léopard
KUX,Conus textile,Textile cone,,Cône textile
KUY,Actinopyga mauritiana,Surf redfish,,Holothurie brune des brisants
KVV,Paralomis verrilli,Red vermillion crab,Centolla rojo bermellón,Crabe royal vermillon
KVX,Charonia spp,,,
KWA,Kosswigichthys asquamatus,Scaleless killifish,,
KWH,Austrofusus glans,,,
KWX,Crepidula spp,,,
KXP,Lyconus pinnatus,,,
KXQ,Lageneschara lyrulata,,,
KXX,Crucibulum spp,,,
KYA,Kryptophanaron alfredi,Atlantic flashlightfish,,
KYB,Kyphosus bigibbus,Brown chub,,
KYC,Kyphosus cinerascens,Blue sea chub,Chopa azul,Calicagère bleue
KYE,Kyphosus elegans,Cortez sea chub,,
KYG,Macrocystis angustifolia,,,
KYH,Kalyptatherina helodes,Marine sailfin silverside,,
KYI,Kyphosus incisor,Yellow sea chub,,
KYJ,Katelysia japonica,Japan venus,,Vénus japonaise
KYL,Chiloscyllium burmensis,Burmese bambooshark,Bamboa birmana,Requin-chabot birman
KYM,Katelysia marmorata,Marbled venus,,Vénus marbrée
KYO,Crypthecodinium cohnii,,,
KYP,Kyphosus spp,Kyphosus sea chubs nei,Kyphosus chopas nep,Kyphosus calicagères nca
KYS,Kyphosus sectatrix,Bermuda sea chub,Chopa blanca,Calicagère blanche
KYU,Condylactis aurantiaca,Golden anemone,Anemona dorada,Anemone dorée
KYV,Kyphosus vaigiensis,Brassy chub,,
KYX,Kyphosidae,Sea chubs nei,Chopas nep,Calicagères nca
KYY,Clypeomorus batillariaeformis,Necklace cerith,,Cérithe collier
KZU,Labidiaster annulatus,,,
KZV,Lithosoma novaezelandiae,Rock star,,
KZX,Laevicardium spp,Egg cockles nei,,
LAA,Pleoticus muelleri,Argentine red shrimp,Camarón langostín argentino,Salicoque rouge d'Argentine
LAB,Lasiancistrus brevispinis,,,
LAC,Lampanyctus achirus,Lantern fish,Pez linterna,
LAD,Elops saurus,Ladyfish,Malacho,Guinée-machète
LAE,Geotria australis,Pouched lamprey,,
LAF,Eudontomyzon mariae,Ukrainian brook lamprey,,
LAG,Lampris guttatus,Opah,Opa,Opah
LAH,Laminaria hyperborea,North European kelp,,
LAI,Lampris immaculatus,Southern opah,,
LAJ,Callanthias japonicus,,,
LAK,Mordacia mordax,Australian lamprey,,
LAL,Lagochila lacera,Harelip sucker,,
LAN,Lampanyctodes hectoris,Hector's lanternfish,Linternillas de Hector,Lanternule de Hector
LAO,Lampetra tridentata,Pacific lamprey,Lamprea del Pacifico,Lamproie du Pacifique
LAP,Lampris spp,"Moonfish, opah, mambo",,
LAQ,Chlamys squamata,Scaly Pacific scallop,,Pétoncle écailleux
LAR,Lampetra fluviatilis,River lamprey,Lamprea de río,Lamproie de rivière
LAS,Petromyzontidae,Lampreys nei,Lampreas nep,Lamproies nca
LAT,Salvelinus namaycush,Lake trout(=Char),Trucha lacustre,Touladi(=Omble du Canada)
LAU,Petromyzon marinus,Sea lamprey,Lamprea marina,Lamproie marine
LAV,Labracoglossa argentiventris,,,
LAW,Caspiomyzon wagneri,Caspian lamprey,,
LAX,Notoscopelus spp,Patchwork lampfishes,,
LAY,Ichthyomyzon unicuspis,Silver lamprey,,
LAZ,Laminariaceae,Kelps nei,Laminarias nep,Varechs nca
LBA,Homarus americanus,American lobster,Bogavante americano,Homard américain
LBB,Labeo bata,,,
LBC,Jasus lalandii,Cape rock lobster,Langosta del Cabo,Langouste du Cap
LBD,Labeo dero,,,
LBE,Homarus gammarus,European lobster,Bogavante,Homard européen
LBF,Labeo fimbriatus,Fringed-lipped peninsula carp,,
LBG,Labeo angra,,,
LBH,Labeo dyocheilus,,,
LBI,Labeo gonius,Kuria labeo,,
LBJ,Labeo kontius,,,
LBK,Labeo forskalii,,,
LBL,Labeo darlingi,,,
LBM,Labeo dussumieri,,,
LBN,Labeo fuelleborni,,,
LBO,Labeo boga,,,
LBP,Labeo capensis,Orange river mudfish,,
LBQ,Labeo horie,,,
LBR,Gymnocranius spp,Largeeye breams,,
LBS,Homarus spp,Homarus lobsters nei,Bogavantes nep,Homards nca
LBT,Jasus tristani,Tristan da Cunha rock lobster,Langosta de Tristán da Cunha,Langouste de Tristan da Cunha
LBU,Labeo coubie,,,
LBV,Labeo altivelis,Rednose labeo,,
LBW,Lethrinus borbonicus,Snubnose emperor,,
LBX,Lubricogobius exiguus,,,
LBY,Labeo cylindricus,Redeye labeo,,
LBZ,Labeo ariza,,,
LCA,Copella arnoldi,Splash tetra,,
LCB,Labeo calbasu,Orangefin labeo,Labeo,Labéo
LCC,Loricaria cataphracta,,,
LCD,Lycodes adolfi,,,
LCE,Leiocassis siamensis,Asian bumblebee catfish,,
LCF,Labracinus cyclophthalmus,Fire-tail devil,,
LCG,Lycodonus flagellicauda,,,
LCH,Leiocottus hirundo,Lavender sculpin,,
LCI,Longiculter siahi,,,
LCJ,Lycogrammoides schmidti,,,
LCK,Luciosoma bleekeri,,,
LCL,Loricariichthys labialis,,,
LCM,Ciliata mustela,Fivebeard rockling,,Motelle à cinq barbillons
LCN,Lycodichthys antarcticus,,,
LCO,Lobocheilos bo,,,
LCP,Lile piquitinga,Atlantic piquitinga,Sardineta piquitinga,Harengule piquitinge atlantiq.
LCQ,Leiognathus oblongus,Oblong ponyfish,,
LCR,Leptocottus armatus,Pacific staghorn sculpin,,
LCS,Lile stolifera,Pacific piquitinga,Sardineta piquitinga pelada,Harengule piquitinge pacifique
LCT,Lycodes reticulatus,Arctic eelpout,,
LCU,Laciris pelagicus,,,
LCV,Leiognathus bindus,Orangefin ponyfish,Motambo naranjón,Sapsap voile orange
LCW,Larus canus,Mew gull,Gaviota cana,Goéland cendré
LCX,Lachnolaimus maximus,Hogfish,Doncella de pluma,Labre capitaine
LCY,Liparis callyodon,Spotted snailfish,,
LCZ,Leiognathus leuciscus,Whipfin ponyfish,Motambo de hebra,Sapsap fil
LDA,Lestidiops affinis,,,
LDB,Lepidorhombus boscii,Four-spot megrim,Gallo de cuatro manchas,Cardine à quatre taches
LDC,Lampadena chavesi,,,
LDD,Lithodoras dorsalis,,,
LDE,Lepidorhynchus denticulatus,Thorntooth grenadier,,
LDF,Lepidoblepharon ophthalmolepis,Scale-eyed flounder,,
LDG,Ladigesocypris ghigii,,,
LDH,Laides hexanema,,,
LDI,Lestrolepis intermedia,,,
LDJ,Aplodactylus etheridgii,Notchheaded marblefish,,
LDK,Paralichthodes algoensis,Peppered flounder,,
LDL,Lestidium atlanticum,Atlantic barracudina,,
LDM,Lepidotrigla microptera,,,
LDN,Lepidotrigla vanessa,Butterfly gurnard,,
LDO,Larus dominicanus,Kelp gull,Gaviota cocinera,Goéland dominicain
LDP,Lepidoperca pulchella,Orange perch,,
LDQ,Lauridromia dehaani,Japanese sponge crab,,
LDR,Lepidotrigla carolae,Carol's gurnard,,
LDS,Lampadena speculigera,,,
LDT,Ladislavia taczanowskii,Tachanovsky's gudgeon,,
LDU,Lampadena urophaos,,,
LDV,Lepidotrigla cavillone,Large-scaled gurnard,,
LDW,Lutjanus adetii,Yellow-banded snapper,Pargo nochero,Vivaneau de nuit
LDX,Patelloida saccharina,Pacific sugar limpet,,Patelle sucrée
LDY,Lepidotrigla brachyoptera,Scaly gurnard,,
LDZ,Patelloida striata,Striate limpet,,Patelle striée
LEB,Cybiosarda elegans,Leaping bonito,Bonito saltador,Bonite à dos tacheté
LEC,Lepidocybium flavobrunneum,Escolar,Escolar negro,Escolier noir
LED,Lepidocephalus annandalei,,,
LEE,Lichia amia,Leerfish,Palometón,Liche
LEF,Bothidae,Lefteye flounders nei,"Rodaballos, rombos, etc. nep","Arnoglosses, rombous nca"
LEG,Lepidocephalichthys guntea,Guntea loach,,
LEH,Lefua echigonia,,,
LEI,Lepidocephalichthys thermalis,,,
LEJ,Lepomis gibbosus,Pumpkinseed,,Crapet- soleil
LEK,Eumecichthys fiski,Unicorn crestfish,,
LEL,Letholycus magellanicus,,,
LEM,Microstomus kitt,Lemon sole,Mendo limón,Limande sole
LEN,Lethrinus microdon,Smalltooth emperor,Emperador boquidulce,Empereur tidents
LEP,Lepidotrigla dieuzeidei,Spiny gurnard,Cabete espinudo,Grondin de dieuzeide
LEQ,Lepas pectinata,,,
LER,Lepipterus francisci,San Francisco croaker,,
LES,Triakis semifasciata,Leopard shark,Tollo leopardo,Virli léopard
LET,Atractosteus tristoechus,Cuban gar,Manjuari,Garpique cubain
LEU,Leptobotia curta,,,
LEV,Lepidion spp,Lepidion codlings nei,,
LEW,Leuciscus spp,Chubs nei,,
LEY,Leptoscopus macropygus,Estuary stargazer,,
LEZ,Lepidorhombus spp,Megrims nei,Gallos nep,Cardines nca
LFA,Lappanella fasciata,,,
LFB,Lophichthys boschmai,,,
LFC,Lophodiodon calori,Four-bar porcupinefish,,
LFD,Lipophrys adriaticus,,,
LFE,Labeotropheus fuelleborni,Blue mbuna,,
LFF,Lithophaga lithophaga,European date mussel,Datil de mar,Datte lithophage
LFG,Lophonectes gallus,Crested flounder,,
LFH,Lagocephalus guentheri,Diamondback puffer,,
LFI,Lopha cristagalli,Cock's comb oyster,,Huître crete-de-coq
LFJ,Lophiotoma indica,Indian turrid,,Pleurotome marbré
LFK,Lampsis fasciola,Wavy-rayed lampmussel,,
LFL,Lagocephalus laevigatus,Smooth puffer,,
LFM,Laiphognathus multimaculatus,Spotty blenny,,
LFN,Lithophaga attenuata,Pacific date mussel,Datil de mar del Pacífico,Datte de mer du Pacifique
LFO,Lobophyllia corymbosa,Brain root coral,,
LFP,Luciocephalus pulcher,Pikehead,,
LFQ,Lactophrys triqueter,Smooth trunkfish,,
LFR,Lophogobius bleekeri,,,
LFS,Lithophaga teres,Cylinder date mussel,,Datte de mer polie
LFT,Lactophrys trigonus,Buffalo trunkfish,,
LFU,Liopropoma africanum,African basslet,,
LFV,Lepisosteus platyrhincus,Florida gar,,
LFW,Lagocephalus wheeleri,,,
LFX,Lagocephalus spp,,,
LFY,Placiphorella pacifica,Pacific veiled chiton,,
LFZ,Lagocephalus sceleratus,Silver-cheeked toadfish,,Ballon à bande argentée
LGA,Leiognathus daura,Goldstripe ponyfish,,
LGB,Leptoglanis bouilloni,,,
LGC,Clariger cosmurus,,,
LGD,Leptagonus decagonus,Atlantic poacher,,
LGE,Leiognathus equulus,Common ponyfish,,
LGF,Lipogramma flavescens,Yellow basslet,,
LGG,Plagiopsetta glossa,Tongue flatfish,,
LGH,Lagocephalus lagocephalus,Oceanic puffer,Tamboril liebre,Compère océanique
LGI,Liobagrus reinii,,,
LGK,Plectroglyphidodon dickii,Blackbar devil,,
LGL,Leiognathus blochii,Twoblotch ponyfish,,
LGM,Lagusia micracanthus,,,
LGN,Plagioscion surinamensis,Pacora,,
LGO,Lagodon rhomboides,Pinfish,,
LGP,Leiognathus splendens,Splendid ponyfish,,
LGQ,Plagioscion squamosissimus,South American silver croaker,Curbinata,Acoupa rivière
LGR,Ladigesia roloffi,Sierra leone dwarf characin,,
LGS,Leiognathus fasciatus,Striped ponyfish,,
LGT,Plagioscion auratus,Black curbinata,,
LGU,Leiognathus dussumieri,Dussumier's ponyfish,,
LGV,Lithogenes villosus,,,
LGW,Haliotis ovina,Oval abalone,,Ormeau ovale
LGX,Haliotis glabra,Glistening abalone,,Ormeau glabre
LGY,Iridaea spp,Iridea nei,Luga-luga,Iridea nca
LGZ,Plagiotremus azalea,Sabertooth blenny,,
LHA,Lophodolos acanthognathus,,,
LHB,Lethrinus rubrioperculatus,Spotcheek emperor,,
LHC,Callichthys callichthys,Cascarudo,,
LHD,Lithophyllum lichenoides,Stone weed,Piedra de mar,Pierre vermiculée
LHE,Labidochromis caeruleus,Blue streak hap,,
LHF,Lachneratus phasmaticus,,,
LHG,Lepidophanes gaussi,,,
LHH,Scartelaos histophorus,Walking goby,,
LHI,Lethrinus miniatus,Trumpet emperor,,Gueule rouge
LHJ,Lobochilotes labiatus,,,
LHK,Palaemon hancocki,Tropical river prawn,Camarón tropical,Bouquet tropical
LHL,Lophiocharon lithinostomus,Marble-mouthed frogfish,,
LHM,Lobophyllia hemprichii,Largebrain root coral,,
LHN,Lethrinus nebulosus,Spangled emperor,Emperador relámpago,Empereur moris
LHO,Lethrinus olivaceus,Longface emperor,,
LHP,Callochromis macrops,,,
LHQ,Alluroteuthis antarcticus,Antarctic neosquid,Neoluria antártica,Loutène australe
LHR,Lethrinus reticulatus,Red snout emperor,,
LHS,Lophiomus setigerus,Blackmouth angler,,
LHT,Trichiurus lepturus,Largehead hairtail,Pez sable,Poisson-sabre commun
LHU,Lophiodes caulinaris,Spottedtail angler,,
LHV,Lethrinus variegatus,Slender emperor,,
LHW,Larus novaehollandiae,Silver gull,Gaviota plateada australiana,Mouette argentée
LHX,Larus spp,Seagulls nei,,
LHY,Palaemon hiltoni,Hilton shrimp,Camarón Hilton,Bouquet Hilton
LHZ,Larus argentatus,Herring gull,Gaviota argéntea,Goéland argenté
LIA,Lipariscus nanus,Pygmy snailfish,,
LIB,Saurida undosquamis,Brushtooth lizardfish,Lagarto escamoso,Anoli à grandes écailles
LIC,Channichthys rhinoceratus,Unicorn icefish,Draco rinoceronte,Grande-gueule à long nez
LID,Labroides dimidiatus,Bluestreak cleaner wrasse,,
LIE,Lepidiolamprologus attenuatus,,,
LIF,Liparis fabricii,,,
LIG,Saurida tumbil,Greater lizardfish,Lagarto tumbil,Anoli tumbil
LIH,Liparis coheni,Gulf snailfish,,
LII,Lioscorpius longiceps,,,
LIJ,Alectis ciliaris,African pompano,Pámpano de hebra,Cordonnier fil
LIK,Lepipterus schomburgkii,Amazon croaker,,
LIL,Liparis liparis,Striped seasnail,,
LIM,Liparis montagui,Montagus seasnail,,
LIN,Molva molva,Ling,Maruca,Lingue franche
LIO,Necora puber,Velvet swimcrab,Nécora,Étrille commune
LIQ,Tellina pulchella,Beautiful tellin,Telina hermosa,Telline gentille
LIR,Lipocheilus carnolabrum,Tang's snapper,Pargo trompudo,Vivaneau verrue
LIS,Liparis tunicatus,Kelp snailfish,,
LIT,Lithothamnion spp,Lithothamnion,,
LIU,Liparis gibbus,Variegated snailfish,,
LIV,Limbochromis cavalliensis,,,
LIW,Litobranchus fowleri,Fowler's rockskipper,,
LIX,Synodontidae,Lizardfishes nei,Lagartos nep,Anolis nca
LIY,Haliotis asinina,Donkey's ear abalone,,Ormeau oreille-d'âne
LJA,Lutjanus agennes,African red snapper,Pargo colorado africano,Vivaneau africain rouge
LJB,Lutjanus bohar,Two-spot red snapper,Pargo de dos manchas,Vivaneau chien rouge
LJC,Lutjanus colorado,Colorado snapper,Pargo rojo,Vivaneau amarante
LJD,Lutjanus decussatus,Checkered snapper,Pargo ajedrezado,Vivaneau damier
LJE,Lutjanus dentatus,African brown snapper,Pargo marrón africano,Vivaneau brun d'Afrique
LJF,Lutjanus fulviflammus,Dory snapper,,
LJG,Lutjanus gibbus,Humpback red snapper,Pargo jorobado,Vivaneau pagaie
LJH,Lutjanus johnii,John's snapper,Pargo jaspeado,Vivaneau ziebelo
LJI,Lutjanus griseus,Grey snapper,Pargo prieto,Vivaneau sarde grise
LJJ,Lutjanus jocu,Dog snapper,Pargo jocú,Vivaneau chien
LJK,Lutjanus monostigma,One-spot snapper,Pargo eglefino,Vivaneau églefin
LJL,Lutjanus lutjanus,Bigeye snapper,Pargo de Madras,Vivaneau gros yeux
LJM,Lutjanus mahogoni,Mahogany snapper,Pargo ojón,Vivaneau voyeur
LJN,Lutjanus analis,Mutton snapper,Pargo criollo,Vivaneau sorbe
LJO,Lutjanus goreensis,Gorean snapper,Pargo de Gorea,Vivaneau de Gorée
LJP,Lutjanus apodus,Schoolmaster snapper,Pargo amarillo,Vivaneau dent-chien
LJQ,Lithothamnion corallioides,,,
LJR,Lutjanus aratus,Mullet snapper,Pargo raicero,Vivaneau radis
LJS,Lutjanus guttatus,Spotted rose snapper,Pargo lunarejo,Vivaneau rose
LJT,Lutjanus erythropterus,Crimson snapper,Pargo carmesí,Vivaneau cramoisi
LJU,Lutjanus buccanella,Blackfin snapper,Pargo sesí,Vivaneau oreille noire
LJV,Lutjanus fulvus,Blacktail snapper,Pargo rabo negro,Vivaneau queue noire
LJW,Lutjanus novemfasciatus,Pacific dog snapper,Pargo negro,Vivaneau charbonnier
LJX,Lessonia nigrescens,Chilean kelp,Chascón,
LJY,Lutjanus cyanopterus,Cubera snapper,Pargo cubera,Vivaneau cubera
LJZ,Lessonia trabeculata,,Huiro palo,
LKA,Leurochilus acon,Smoothlip stargazer,,
LKB,Luciogobius albus,,,
LKC,Plesionika acanthonotus,Lesser striped shrimp,Camarón rayado menor,Crevette naine rayée
LKD,Lepadidae,Lepadidae barnacles nei,Percebes Lepadidae nep,Anatifes Lepadidae nca
LKE,Liachirus melanospilus,,,
LKF,Laticauda semifasciata,Erabu sea snake,,
LKG,Leptochela gracilis,Lesser glass shrimp,Camaroncito cristal,Sivade cristal
LKH,Lipkius holthuisi,Wellington shrimp,Camarón Wellington,Sauté Wellington
LKI,Palaemonetes schmitti,Lagoon shrimp,Camarón de estero,Bouquet de lagune
LKJ,Plesionika gigliolii,Italian deep-sea shrimp,Camarón italiano de fondo,Crevette profonde italienne
LKK,Palaemonetes kadiakensis,Mississippi grass shrimp,Camarón del Mississippi,Bouquet mississippi
LKL,Plesionika alcocki,Gondwana striped shrimp,Camarón gondwana,Crevette gondwana
LKM,Callogobius amikami,,,
LKN,Plesionika antigai,Catalonian striped shrimp,Camarón catalán,Crevette catalane
LKO,Plesionika heterocarpus,Arrow shrimp,Camarón flecha,Crevette flèche
LKP,Lepturacanthus pantului,Coromandel hairtail,Pez sable coromandélico,Poisson-sabre bécune
LKQ,Limanda sakhalinensis,Sakhalin sole,,
LKR,Otolithes ruber,Tigertooth croaker,Bombache tigre mayor,Grande verrue tigre
LKS,Plesionika ensis,Striped gladiator shrimp,Camarón gladiador rayado,Crevette gladiateur rayée
LKT,Plesionika martia,Golden shrimp,Camarón de oro,Crevette dorée
LKU,Laeops clarus,Clear fin-base flounder,,
LKV,Lepidochelys olivacea,Olive ridley turtle,Tortuga golfina,Tortue olivatre
LKW,Plesionika edwardsii,Striped soldier shrimp,Camarón soldado rayado,Crevette édouard
LKX,Atractosteus spp,,,Garpiques nca
LKY,Lepidochelys kempii,Kemp's ridley turtle,Tortuga lora,Tortue de Kemp
LKZ,Lapemis curtus,Short sea snake,,
LLA,Lepidogalaxias salamandroides,Dwarf pencilfish,,
LLB,Lethrinus amboinensis,Ambon emperor,,
LLC,Lamprologus callipterus,,,
LLD,Lepidoblennius haplodactylus,Eastern jumping blenny,,
LLE,Leptobrama muelleri,Beachsalmon,,
LLF,Tellina linguafelis,Cat's tongue tellin,,Telline langue de chat
LLG,Leptochilichthys agassizii,,,
LLH,Alloclinus holderi,Island kelpfish,,
LLI,Lobulogobius omanensis,Oman goby,,
LLJ,Calliurichthys japonicus,,,
LLK,Callistoctopus arakawai,,,
LLL,Lophotus lacepede,Crested oarfish,,
LLM,Clariallabes attemsi,,,
LLN,Leptolebias minimus,Barredtail pearlfish,,
LLO,Lepisosteus osseus,Longnose gar,Catán aguja,Lépisosté osseux
LLP,Lepidosiren paradoxa,South American lungfish,,
LLQ,Palinurellus gundlachi,Caribbean furry lobster,Langostita del Caribe,Cacahouète des Caraïbes
LLR,Scartella cristata,Molly miller,,
LLS,Atractosteus spatula,Alligator gar,Catán,Garpique alligator
LLT,Lebiasina astrigata,,,
LLU,Lissonanchus lusheri,Streaky clingfish,,
LLV,Lagocephalus lunaris,Lunartail puffer,,
LLW,Palinurellus wieneckii,Indo-Pacific furry lobster,Langostita del Indo-Pacífico,Cacahouète indo-pacifique
LLX,Tellina palatam,Palate tellin,,Telline rugueuse
LLY,Callianassa tyrrhena,Sand ghost shrimp,,
LLZ,Leiocassis longirostris,Chinese longsnout catfish,,
LMA,Isurus paucus,Longfin mako,Marrajo carite,Petite taupe
LMB,Parataeniophorus brevis,,,
LMC,Cetomimoides parri,,,
LMD,Lamna ditropis,Salmon shark,Marrajo salmón,Requin-taupe saumon
LME,Mirapinna esau,Hairyfish,,
LMF,Lepidion microcephalus,Small-headed cod,,
LMG,Laemonema longipes,Longfin codling,,
LMH,Allolumpenus hypochromus,Y-prickleback,,
LMI,Limnocottus bergianus,,,
LMJ,Lumpenus fabricii,Slender eelblenny,,
LMK,Liopropoma eukrines,Wrasse bass,,
LML,Laemonema laureysi,Guinean codling,,
LMM,Lepomis macrochirus,Bluegill,Mojarra oreja azul,Crapet arlequin
LMN,Laemolyta taeniata,,,
LMO,Mitsukurina owstoni,Goblin shark,Tiburón duende,Requin lutin
LMP,Megachasma pelagios,Megamouth shark,Tiburón bocudo,Requin grande guele
LMQ,Palaemonetes antennarius,Pond shrimp,Camarón lacustre,Bouquet des étangs
LMR,Lumpenella longirostris,Longsnout prickleback,,
LMS,Panulirus polyphagus,Mud spiny lobster,Langosta fanguera,Langouste de vase
LMT,Lamiopsis temmincki,Broadfin shark,Tiburón aletón,Requin grandes ailes
LMU,Liosomadoras oncinus,Jaguar catfish,,
LMV,Lumpenopsis pavlenkoi,,,
LMW,Palaemon ritteri,Barred grass shrimp,Camarón de mareas,Bouquet des marées
LMX,Ataxolepis apus,,,
LMY,Limia caymanensis,Grand Cayman limia,,
LMZ,Lamniformes,Mackerel sharks,,
LNA,Lyconema barbatum,Bearded eelpout,,
LNB,Leptonotus blainvilleanus,Deep-bodied pipefish,,
LNC,Lichnochromis acuticeps,Malawi gar,,
LND,Silonia silondia,Silond catfish,,
LNE,Limnochromis abeelei,,,
LNF,Lobianchia dofleini,Dofleini's lantern fish,Japonés,Lanterne de Dofleini
LNG,Planctanthias longifilis,,,
LNH,Lonchopisthus higmani,,,
LNI,Lepidonectes bimaculata,Twinspot triplefin,,
LNJ,Laminaria japonica,Japanese kelp,Laminaria del Japón,Laminaire du Japon
LNK,Paracallionymus costatus,Ladder dragonet,,
LNL,Lonchurus lanceolatus,Longtail croaker,,
LNM,Selene vomer,Lookdown,Jorobado de penacho,Musso panache
LNN,Platygnathochromis melanonotus,Haplochromis yellow black line,,
LNO,Selene orstedii,Mexican moonfish,,
LNP,Selene peruviana,Peruvian moonfish,Jorobado espejo,Musso pacifique
LNQ,Leandrites indicus,Indian small prawn,,
LNR,Limnotilapia dardennii,,,
LNS,Clinitrachus argentatus,Cline,,
LNT,Cheiloprion labiatus,Big-lip damsel,,
LNU,Lethrinops albus,,,
LNV,Selene brevoortii,Hairfin lookdown,Jorobado antena,Musso corcovade
LNW,Selene browni,Caribbean moonfish,,
LNX,Solen grandis,Grand razor shell,,Grand couteau
LNY,Pseudopleuronectes yokohamae,Marbled flounder,,
LNZ,Molva spp,Lings nei,Marucas nep,Lingues nca
LOA,Panulirus cygnus,Australian spiny lobster,Langosta de Australia,Langouste d'Australie
LOB,Lobotes surinamensis,Tripletail,Dormilona,Croupia roche
LOC,Labeo victorianus,Ningu,,
LOD,Labeo sindensis,,,
LOE,Labeo rosae,,,
LOF,Jasus frontalis,Juan Fernandez rock lobster,Langosta de Juan Fernández,Langouste Juan Fernandez
LOG,Jasus verreauxi,Green rock lobster,Langosta de Oceanía,Langouste d'Océanie
LOH,Labeo pangusia,,,
LOI,Labeo microphthalmus,,,
LOJ,Panulirus longipes,Longlegged spiny lobster,Langosta duende,Langouste diablotin
LOK,Panulirus homarus,Scalloped spiny lobster,Langosta festoneada,Langouste festonnée
LOL,Labeo niloticus,,,
LOM,Labeo mesops,,,
LON,Labeo nandina,,,
LOO,Odontaspis ferox,Smalltooth sand tiger,Solrayo,Requin féroce
LOP,Lophotus capellei,Unicornfish,,
LOQ,Galatheidae,"Craylets, squat lobsters","Camaroncillos,langostinos,etc.",Galathées
LOR,Jasus edwardsii,Red rock lobster,Langosta roja,
LOS,Scyllaridae,Slipper lobsters nei,Cigarros nep,Cigales nca
LOT,Thunnus tonggol,Longtail tuna,Atún tongol,Thon mignon
LOU,Carcharias tricuspidatus,Indian sand tiger,,
LOV,Leptoscarus vaigiensis,Marbled parrotfish,,
LOW,Larus fuscus,Lesser black-backed gull,Gaviota sombría,Goéland brun
LOX,Reptantia,Lobsters nei,Langostas nep,"Langoustes, homards nca"
LOY,Panulirus regius,Royal spiny lobster,Langosta real,Langouste royale
LOZ,Lobotes pacificus,Pacific tripletail,Dormilona del Pacífico,Croupia roche du Pacifique
LPA,Lepidarchus adonis,Jellybean tetra,,
LPB,Leporinus obtusidens,,,
LPC,Leporinus fasciatus,Banded leporinus,,
LPD,Leporinus friderici,,,
LPE,Lepidion ensiferus,Patagonian codling,,
LPF,Pyrrhulina filamentosa,,,
LPG,Leptocypris guineensis,,,
LPH,Lepidion guentheri,,,
LPI,Luciopimelodus pati,Pati,,
LPJ,Lepidion lepidion,Mediterranean codling,,
LPK,Leucalburnus kosswigi,,,
LPL,Lampanyctus alatus,,,
LPM,Lepthoplosternum altamazonicum,,,
LPN,Leptocypris niloticus,,,
LPO,Leptocharacidium omospilus,,,
LPP,Piabucina panamensis,,,
LPQ,Lophiobagrus aquilus,,,
LPR,Leporinus granti,,,
LPS,Lepidion eques,North Atlantic codling,,
LPT,Lepidopygopsis typus,,,
LPU,Leporellus vittatus,,,
LPV,Lepidomeda vittata,Little Colorado spinedace,,
LPW,Lepophidium brevibarbe,Shortbeard cusk-eel,Perla barbacorta,Brotule barbiche
LPX,Liparidae,Snailfishes nei,Babosos nep,Limaces de mer nca
LPY,Lampanyctus ater,,,
LPZ,Patella spp,Limpets nei,Lapas nep,Patelles nca
LQA,Liocarcinus arcuatus,Arched swimming crab,Cangrejo arqueado,Étrille arquée
LQB,Lucinoma borealis,Northern lucina,Lucina boreal,Lucine boréale
LQC,Patella caerulea,Rayed mediterranean limpet,Lapa azulada,Patelle de la Méditerranée
LQD,Laminaria digitata,Tangle,,Laminaire digitée
LQF,Patella ferruginea,Ferreous limpet,Lapa ferruginea,Patelle foncée
LQG,Malletia gigantea,Kerguelen malletia,Maletia de Kerguelen,Malletia de Kerguelen
LQH,Lysiosquilla hoevenii,Lizard mantis,Galera gigante,Squille lézard géante
LQI,Limopsis marionensis,Antarctic airy limopsis,Limopsis antártica,Limopsis antarctique
LQJ,Lottia gigantea,Giant owl limpet,Acmea gigante,Patelle géante
LQK,Lithopoma caelata,Carved star-shell,Turbante tallado,Turban incisé
LQL,Pleuroncodes planipes,Pelagic red crab,Langostino pelágico,Galathée pélagique
LQM,Lysiosquillina maculata,Common banded mantis shrimp,,
LQN,Patella nigra,Black limpet,Lapa negra,Patelle de Safi
LQO,Lethrinus ornatus,Ornate emperor,Emperador ornado,Empereur orné
LQP,Lysiosquilla panamica,Striped mantis,Nape rayado,Squille rayée
LQQ,Haliotis planata,Planate abalone,,Ormeau aplati
LQR,Patella rustica,Rustic limpet,Lapa punteada,Patelle ponctuée
LQS,Lysiosquilla scabricauda,Smooth mantis shrimp,Galera lisa,Squille douce
LQT,Lottia limatula,File limpet,Acmea limadora,Acmée râpe
LQU,Loripes lucinalis,Pale lucina,Lucina palida,Lucine pale
LQV,Liocarcinus vernalis,Smooth swimcrab,Cangrejo costero,Étrille lisse
LQW,Haliotis varia,Variable abalone,,Ormeau bigarre
LQX,Laminaria saccharina,Sea belt,,Laminaire saccharine
LQY,Patella ulyssiponensis,Rough limpet,Lapa aspera,Patelle rude
LQZ,Liocarcinus spp,Liocarcinus swimcrabs nei,Cangrejos Liocarcinus nep,Étrilles Liocarcinus nca
LRA,Clarias alluaudi,,,
LRB,Pristipomoides sieboldii,Lavender jobfish,Panchito lavanda,Colas lavande
LRC,Paracaesio caerulea,Japanese snapper,Panchote japonés,Vivanette japonaise
LRD,Laridae,,,
LRE,Radiicephalus elongatus,Tapertail,,
LRF,Larimus effulgens,Shining drum,,
LRG,Paracaesio gonzalesi,Vanuatu snapper,Panchote vanuatú,Vivanette Vanuatu
LRH,Labeo rohita,Roho labeo,Labeo Roho,Labéo Roho
LRI,Pristipomoides multidens,Goldbanded jobfish,Panchito de bandas doradas,Colas à bandes dorées
LRJ,Larimus breviceps,Shorthead drum,,
LRK,Paracaesio kusakarii,Saddle-back snapper,Panchote sillevo,Vivanette sellée
LRL,Latris lineata,Striped trumpeter,,
LRM,Cleithracara maronii,Keyhole cichlid,,
LRN,Clarias ngamensis,Blunt-toothed African catfish,,
LRO,Selar boops,Oxeye scad,Jurel ojo de buey,Sélar oeil de boeuf
LRP,Leiarius marmoratus,,,
LRQ,Larabicus quadrilineatus,,,
LRR,Larimus argenteus,Silver drum,,
LRS,Liobranchia stria,Minute clingfish,,
LRT,Clarias theodorae,Snake catfish,,
LRU,Pristipomoides typus,Sharptooth jobfish,Panchito dentón,Colas dentu
LRV,Larimus acclivis,Steeplined drum,,
LRW,Clarias werneri,,,
LRX,Paracaesio xanthura,Yellowtail blue snapper,Panchote rabo amarillo,Vivanette queue jaune
LRY,Pristipomoides argyrogrammicus,Ornate jobfish,Panchito adornado,Colas orné
LRZ,Littoraria scabra,Rough periwinkle,,Littorine rugueuse
LSA,Leptosynanceia asteroblepa,,,
LSB,Leptostomias bilobatus,,,
LSC,Stylephorus chordatus,Tube-eye,,
LSD,Liposarcus pardalis,,,
LSE,Cephalocassis melanochir,,,
LSF,Alphestes afer,Mutton hamlet,Guaseta,Varech
LSG,Labrisomus gobio,Palehead blenny,,
LSH,Plesienchelys stehmanni,,,
LSI,Larimus pacificus,Pacific drum,,
LSJ,Alepes djedaba,Shrimp scad,Jurel subarí,Sélar subari
LSL,Lates microlepis,Forktail lates,,
LSM,Lates mariae,Bigeye lates,,
LSN,Alepes melanoptera,Blackfin scad,Jurel alinegro,Sélar aile noire
LSO,Lepidopsetta mochigarei,Dusky sole,,
LSQ,Latreutes laminirostris,Platenose shrimp,Camarón laminilla,Bouc nez lamelleux
LSR,Placidochromis electra,Deep-water hap,,
LSS,Leuresthes sardina,Gulf grunion,,
LST,Alphestes multiguttatus,Rivulated mutton hamlet,Guaseta rayado,Varech veiné
LSU,Labidesthes sicculus,Brook silverside,,
LSV,Alepes vari,Herring scad,Jurel arenque,Sélar harengule
LSW,Lissocampus bannwarthi,,,
LSX,Lophiosilurus alexandri,,,
LSZ,Lethenteron camtschaticum,Arctic lamprey,,
LTA,Euthynnus alletteratus,Little tunny(=Atl.black skipj),Bacoreta,Thonine commune
LTC,Leptodoras acipenserinus,,,
LTD,Alectis indicus,Indian threadfish,Pámpano de pluma,Cordonnier plume
LTE,Lethrinus enigmaticus,Blackeye emperor,,
LTF,Leptoichthys fistularius,Brush-tailed pipefish,,
LTG,Lates angustifrons,Tanganyika lates,,
LTH,Leiopotherapon aheneus,Fortescue grunter,,
LTI,Lethrinus laticaudis,Grass emperor,,
LTJ,Lutjanus vivanus,Silk snapper,Pargo de lo alto,Vivaneau soie
LTK,Lethrinus harak,Thumbprint emperor,Emperador San Pedro,Empereur Saint Pierre
LTL,Culter alburnus,,,
LTM,Limnothrissa miodon,Lake Tanganyika sardine,,
LTN,Lethrinus atlanticus,Atlantic emperor,Emperador atlántico,Empereur atlantique
LTO,Lates macrophthalmus,Albert lates,,
LTP,Lotella phycis,Beardie,,
LTQ,Lethrinus mahsena,Sky emperor,Emperador mahsena,Empereur mahsena
LTR,Lamontichthys maracaibero,,,
LTS,Lethrinus lentjan,Pink ear emperor,Emperador de lentejuelas,Empereur lentille
LTT,Lethrinus atkinsoni,Pacific yellowtail emperor,,
LTU,Alectrias alectrolophus,Stone cockscomb,,
LTV,Laetacara flavilabris,,,
LTW,Lethotremus awae,,,
LTX,Lestradea perspicax,,,
LTY,Lethrinus erythropterus,Longfin emperor,,
LTZ,Latreutes planirostris,Flatnose shrimp,Camarón romo,Bouc nez émoussé
LUA,Liauchenoglanis maculatus,,,
LUB,Lutjanus sebae,Emperor red snapper,Pargo imperial,Vivaneau bourgeois
LUC,Leuciscus cephaloides,,,
LUD,Leucaspius delineatus,Belica,,
LUE,Labiobarbus leptocheilus,,,
LUF,Lutjanus rufolineatus,Yellow-lined snapper,,
LUG,Clupisoma garua,,,
LUH,Leuciscus cephalus,Chub,,
LUI,Lucania goodei,Bluefin killifish,,
LUJ,Lutjanus vitta,Brownstripe red snapper,Pargo bitilla,Vivaneau à bande brune
LUK,Selene dorsalis,African moonfish,Jorobado africano,Musso africain
LUL,Lumbrineris latreilli,,Arena,
LUM,Cyclopterus lumpus,Lumpfish(=Lumpsucker),Liebre de mar,Lompe
LUN,Luciosudis normani,,,
LUO,Leptolucania ommata,Pygmy killifish,,
LUP,Leuciscus polylepis,,,
LUQ,Latreutes acicularis,Hoso shrimp,Camarón oso,Bouc oso
LUR,Leuciscus pyrenaicus,,,
LUS,Leuciscus souffia,Vairone,,
LUT,Amphilius platychir,Mountain barbel,,
LUU,Siluranodon auritus,,,
LUV,Lutjanus rivulatus,Blubberlip snapper,Pargo maorí,Vivaneau maori
LUW,Lauridromia indica,Cannonball sponge crab,,
LUX,Lucifuga dentatus,Toothed Cuban cusk-eel,,
LUY,Leuciscus borysthenicus,Dnieper chub,,
LUZ,Lucayablennius zingaro,Arrow blenny,,
LVA,Larus atricilla,Laughing gull,Gaviota reidora americana,Mouette atricille
LVB,Laurencia obtusa,Blunt laurenzia,Laurencia de cerezas,Laurencia-cerises
LVC,Laevicardium crassum,Norwegian egg cockle,Berberecho de Noruega,Coque lisse norvégienne
LVD,Zoarcidae,Eelpouts nei,Loquetas nep,Loquettes nca
LVE,Lavinia exilicauda,Hitch,,
LVF,Laurencia pacifica,Pacific laurenzia,Laurencia del Pacífico,Laurencia du Pacifique
LVG,Lutjanus goldiei,Papuan black snapper,Pargo de Papua,Vivaneau de Papua
LVH,Larus audouinii,Audouin's gull,Gaviota de Audouin,Goéland d'Audouin
LVI,Leviprora inops,,,
LVJ,Larus cachinnans,Yellow-legged gull,Gaviota patiamarilla,Goéland leucophée
LVK,Lutjanus kasmira,Common bluestripe snapper,Pargo de rayas azules,Vivaneau à raies bleues
LVL,Laevicardium elatum,Giant Pacific egg cockle,Berberecho gigante,Bucarde lisse géante
LVM,Luvarus imperialis,Luvar,,
LVN,Lutjanus fulgens,Golden African snapper,Pargo dorado africano,Vivaneau doré
LVO,Laevicardium oblongum,Oblong egg cockle,Berberecho liso,Coque lisse sillonnée
LVP,Lycodapus pachysoma,Stout slipskin,,
LVQ,Lepisosteus platostomus,Shortnose gar,,
LVS,Laurencia sinicola,Swollen laurenzia,Laurencia hinchada,Laurencia renflée
LVT,Lepisosteus oculatus,Spotted gar,Catán pinto,Lépisosté tacheté
LVU,Larus marinus,Great black-backed gull,Gavión atlántico,Goéland marin
LVV,Laevicardium laevigatum,Common egg cockle,Berberecho huevo,Bucarde lisse des Caraïbes
LVW,Larus glaucoides,Iceland gull,Gaviota groenlandesa,Goéland arctique
LVX,Alepes spp,,,
LVY,Larus hyperboreus,Glaucous gull,Gavión hiperbóreo,Goéland bourgmestre
LVZ,Larus sabini,Sabine's gull,Gaviota de Sabine,Mouette de Sabine
LWA,Pristipomoides auricilla,Goldflag jobfish,Panchito abanderado,Colas drapeau
LWB,Lycenchelys bellingshauseni,,,
LWD,Luciobarbus bocagei,,Barbo ibérico,
LWE,Lutjanus ehrenbergii,Blackspot snapper,Pargo manchado,Vivaneau encrier
LWF,Pristipomoides flavipinnis,Golden eye jobfish,Panchito de ojo dorado,Colas oeil doré
LWG,Lagowskiella czekanowskii,Czekanowski's minnow,,
LWI,Loweina interrupta,,,
LWJ,Lutjanus jordani,Jordan's snapper,Huachinango,Vivaneau huachinango
LWK,Luciobarbus comizo,,Barbo comizo,
LWL,Lutjanus lemniscatus,Yellowstreaked snapper,Pargo de raya amarillas,Vivaneau à raies jaunes
LWN,Lutjanus coeruleolineatus,Blueline snapper,Pargo estriado,Vivaneau strié
LWO,Lethrinus obsoletus,Orange-striped emperor,Emperador de bandes,Empereur à bandes oranges
LWP,Lutjanus peru,Pacific red snapper,Pargo gringo,Vivaneau garance
LWQ,Lutjanus quinquelineatus,Five-lined snapper,Pargo de cinco lineas,Vivaneau à cinq bandes
LWR,Paracaesio stonei,Cocoa snapper,Panchote cacao,Vivanette cacao
LWS,Lophelia pertusa,,,
LWT,Lutjanus timorensis,Timor snapper,Pargo de Timor,Vivaneau de Timor
LWX,Pristipomoides spp,Jobfishes nei,Panchito nep,Colas nca
LWY,Lycenchelys antarctica,,,
LWZ,Pristipomoides zonatus,Oblique-banded snapper,Panchito rayado,Colas bagnard
LXA,Latiaxis babelis,Babel's latiaxis,Torre de Babel,Coralliophile-tour de Babel
LXB,Lithoxus bovallii,,,
LXC,Luxilus chrysocephalus,Striped shiner,,
LXE,Lethrinus erythracanthus,Orange-spotted emperor,Emperador de manchas,Empereur capitaine
LXF,Lessonia fuscescens,Southern brown kelp,,Lessonie brunatre
LXN,Lethrinus xanthochilus,Yellowlip emperor,Emperador trompa amarilla,Empereur bec-de-cane
LXO,Luxilus cornutus,Common shiner,,
LXP,Leptoseris papyracea,Leaf coral,Coral foliaceo,Corail foliace
LXR,Platax orbicularis,Orbicular batfish,,
LXS,Lepisosteidae,Gars nei,Pejelagartos nep,Lépisostés nca
LXX,Myctophidae,Lanternfishes nei,Peces linterna nep,Lanternules nca
LXY,Lycodapus spp,,,
LXZ,Leporinus spp,,,
LYA,Ophthalmolycus amberensis,,,
LYB,Lyconus brachycolus,,,
LYC,Larimichthys croceus,Large yellow croaker,Corvina japonesa,Tambour à gros yeux
LYD,Lampanyctus crocodilus,Jewel lanternfish,Madre de la anchoa,Lanterne crocodile
LYE,Collybus drachme,,,
LYF,Lampanyctus festivus,,,
LYG,Lyconodes argenteus,,,
LYH,Amblydoras hancockii,Blue-eye catfish,,
LYI,Lampanyctus intricarius,,,
LYJ,Lampanyctus pusillus,,,
LYK,Lycodapus derjugini,,,
LYL,Lampanyctus lineatus,,,
LYM,Amblyceps mangois,,,
LYN,Lamprichthys tanganicanus,Tanganyika killifish,,
LYO,Lampanyctus macdonaldi,,,
LYP,Lampanyctus photonotus,,,
LYQ,Lysiosquilla desaussurei,Queen lizard mantis,Nape reina,Squille lézard reine
LYR,Lythrurus roseipinnis,Cherryfin shiner,,
LYS,Lythrurus snelsoni,Ouachita shiner,,
LYT,Linophryne algibarbata,,,
LYU,Lampanyctus cuprarius,,,
LYV,Lycenchelys brevimaxillaris,,,
LYW,Lyopsetta exilis,Slender sole,,
LYX,Latreutes anoplonyx,Medusa shrimp,Camarón medusa,Bouc méduse
LYY,Callionymus lyra,Dragonet,,
LYZ,Lycodapus antarcticus,,,
LZA,Lepidozygus tapeinosoma,Fusilier damselfish,,
LZB,Lycodichthys dearborni,,,
LZC,Loricariichthys anus,,,
LZD,Liza dumerili,Grooved mullet,,
LZE,Luzonichthys earlei,,,
LZF,Labiobarbus festivus,Signal barb,,
LZG,Lycozoarces regani,,,
LZI,Liza subviridis,Greenback mullet,Lisa lomo verde,Mulet dos vert
LZJ,Lutjanus sanguineus,Humphead snapper,Pargo cabezón,Vivaneau têtu
LZK,Liza klunzingeri,Klunzinger's mullet,,
LZM,Liza macrolepis,Largescale mullet,Lisa godeya,Mulet à grandes écailles
LZN,Leucozonia nassa,Chestnut latirus,Huso castana,Fuseau marron
LZO,Lepidisis olapa,Unbranched bamboo coral,,
LZP,Liza parsia,Goldspot mullet,Lisa mejilla dorada,Mulet joue d'or
LZQ,Labiobarbus fasciatus,,,
LZR,Liza richardsonii,South African mullet,,
LZS,Liza saliens,Leaping mullet,Galúa,Mulet sauteur
LZT,Liza tade,Tade gray mullet,Lisa tade,Mulet tade
LZU,Liza tricuspidens,,,
LZV,Liza vaigiensis,Squaretail mullet,Lisa mopiro,Mulet mopiro
LZW,Labiobarbus ocellatus,,,
LZX,Lethrinus spp,,,
LZY,Lycenchelys spp,,,
LZZ,Liza spp,,,
MAA,Scomber australasicus,Blue mackerel,Caballa pintoja,Maquereau tacheté
MAB,Mycteroperca bonaci,Black grouper,Cuna bonací,Badèche bonaci
MAC,Scomber scombrus,Atlantic mackerel,Caballa del Atlántico,Maquereau commun
MAD,Aldrichetta forsteri,Yellow-eye mullet,,
MAE,Aetobatus narinari,Spotted eagle ray,Chucho pintado,Aigle de mer léopard
MAF,Aetobatus flagellum,Longheaded eagle ray,,
MAG,Mactra glabrata,Smooth mactra,Mactra lisa,Mactre lisse
MAH,Macronectes halli,Hall's giant petrel,Petrel gigante de Hall,Pétrel de Hall
MAI,Macronectes giganteus,Antarctic giant petrel,Petrel gigante común,Pétrel géant
MAJ,Agonostomus telfairii,Fairy mullet,,
MAK,Isurus spp,Mako sharks,Marrajos,Taupes
MAL,Lutjanus malabaricus,Malabar blood snapper,Pargo malabárico,Vivaneau malabar
MAM,Mammalia,Aquatic mammals nei,Mamíferos acuáticos nep,Mammifères aquatiques nca
MAN,Mobulidae,"Mantas, devil rays nei","Mantas, diablos nep","Mantes, diables de mer nca"
MAO,Aetobatus ocellatus,,,
MAP,Magnisudis prionosa,Southern barracudina,Barracudina austral,Barracudine australe
MAQ,Metapenaeus anchistus,Spiny greasyback shrimp,,
MAR,Epinephelus malabaricus,Malabar grouper,Mero malabárico,Mérou malabar
MAS,Scomber japonicus,Chub mackerel,Estornino,Maquereau espagnol
MAT,Mactridae,Mactra surf clams nei,Mactras y pechinas nep,Mactres et spisules nca
MAV,Maurolicus muelleri,Silvery lightfish,,
MAW,Scomberomorus tritor,West African Spanish mackerel,Carite lusitánico,Thazard blanc
MAX,Scombridae,Mackerels nei,Caballas nep,Maquereaux nca
MAY,Mahidolia mystacina,Flagfin prawn goby,,
MAZ,Scomber spp,Scomber mackerels nei,Caballas scomber nep,Maquereaux scomber nca
MBA,Macrobrachium amazonicum,Amazonian river prawn,Camarón amazónico,Bouquet d'Amazone
MBB,Metapenaeus bennetae,Greentail shrimp,Camarón rabo verde,Crevette queue verte
MBC,Marleyella bicolorata,Comb flounder,,
MBD,Mauligobius maderensis,,,
MBE,Mugilogobius abei,,,
MBF,Mesogobius batrachocephalus,Knout goby,Gobio sapo,Gobie à tête plate
MBG,Ambassis gymnocephalus,Bald glassy,,
MBH,Amblyrhynchotes honckenii,Evileye blaasop,,
MBI,Amblychaeturichthys sciistius,,,
MBJ,Ambassis jacksoniensis,,,
MBK,Macrobrachium carcinus,Painted river prawn,Camarón pintado,Bouquet pintade
MBL,Amblygobius albimaculatus,Butterfly goby,,
MBM,Macrobrachium malcolmsonii,Monsoon river prawn,Camarón monzón,Bouquet mousson
MBN,Ambassis natalensis,Slender glassy,,
MBO,Cambarus bartonii,Appalachian brook grayfish,,
MBP,Chelon bispinosus,,,
MBQ,Strombus costatus,Milk conch,Cobo lechoso,Strombe laiteux
MBR,Ambassis productus,Longspine glassy,,
MBS,Minilabrus striatus,Minute wrasse,,
MBT,Mimoblennius atrocinctus,,,
MBU,Amblyeleotris aurora,Pinkbar goby,,
MBV,Malacanthus brevirostris,Quakerfish,,
MBW,Megabalanus tintinnabulum,,Claca,
MBX,Macronectes spp,Giant petrels nei,,
MBY,Maroubra yasudai,Orange pipefish,,
MBZ,Austromegabalanus psittacus,Giant barnacle,Picoroco gigante,Balane géante
MCA,Macquaria ambigua,Golden perch,,
MCB,Congresox talabon,Yellow pike conger,,
MCC,Macrourus carinatus,Ridge scaled rattail,,
MCD,Ceratoscopelus maderensis,Madeira lantern fish,Carpintero,Lanterne de Madère
MCE,Caelorinchus kermadecus,Kermadec rattail,,
MCF,Macroparalepis affinis,,,
MCG,Congresox talabonoides,Indian pike conger,,
MCH,Macrourus holotrachys,Bigeye grenadier,Granadero ojisapo,Grenadier à gros yeux
MCI,Microphotolepis multipunctata,,,
MCJ,Cleidopus gloriamaris,Pineapplefish,,
MCK,Caelorinchus kaiyomaru,Campbell whiptail,,
MCL,Scapharca subcrenata,Half-crenated ark,Arca japonesa,Arche crénelée
MCM,Coryphaenoides murrayi,Abyssal rattail,,
MCN,Malacosteus niger,Stoplight loosejaw,,
MCO,Macrochirichthys macrochirus,Long pectoral-fin minnow,,
MCP,Maccullochella peelii,Murray cod,,
MCQ,Chaenomugil proboscideus,Snouted mullet,,
MCR,Coryphaenoides serrulatus,Serrulate whiptail,,
MCS,Coryphaenoides subserrulatus,Longrayed whiptail,,
MCT,Caelorinchus matamua,Mahia whiptail,,
MCU,Myctophum nitidulum,,,
MCV,Macrhybopsis aestivalis,Speckled chub,,
MCW,Cestraeus oxyrhynchus,Sharp-nosed river mullet,,
MCX,Microthrissa royauxi,Royal sprat,,
MCY,Microrasbora erythromicron,,,
MCZ,Macoma nasuta,Bentnose macoma,Macoma de fango,Macome de vase
MDA,Medialuna californiensis,Halfmoon,,
MDB,Microspathodon bairdii,Bumphead damselfish,,
MDC,Megadontognathus cuyuniense,,,
MDD,Munida hispida,Bristle squat lobster,Munida hirsuta,Galathée gavroche
MDE,Mandibularca resinus,,,
MDF,Meda fulgida,Spikedace,,
MDG,Chiasmodon bolangeri,,,
MDH,Microdesmus aethiopicus,,,
MDI,Pinirampus pirinampu,Flatwhiskered catfish,,
MDJ,Metapenaeopsis dalei,Kishi velvet shrimp,Camarón gamuza kishi,Crevette chamois kishi
MDK,Monodacna colorata,Coloured lagoon cockle,Berberecho coloreado,Coque de lagune colorée
MDL,Pimelodus platicirris,,,
MDM,Pimelodus maculatus,,,
MDN,Pimelodus ornatus,,,
MDO,Acanthurus monroviae,Monrovia doctorfish,Navajón caniveta,Chirurgien chas-chas
MDP,Pimelodus pictus,,,
MDQ,Americardia media,Atlantic strawberry cockle,Berberecho fresa,Bucarde fraisine
MDR,Cygnodraco mawsoni,Mawson's dragonfish,,
MDS,Pimelodus spegazzinii,,,
MDT,Merodontotus tigrinus,Tigerstriped catfish,,
MDU,Piramutana piramuta,,,
MDW,Macrodontogobius wilburi,Largetooth goby,,
MDX,Monodonta nebulosa,Top shell,,
MDY,Mastacembelus dayi,,,
MDZ,Muraena spp,,,
MEB,Melanocharacidium blennioides,,,
MEC,Metanephrops challengeri,New Zealand lobster,Cigala de Nueva Zelandia,Langoustine de N.lle-Zélande
MED,Menticirrhus undulatus,California kingcroaker,,
MEE,Megalocottus platycephalus,Belligerent sculpin,,
MEF,Eutaeniophorus festivus,Festive ribbonfish,,
MEG,Lepidorhombus whiffiagonis,Megrim,Gallo del Norte,Cardine franche
MEH,Mesocottus haitej,,,
MEI,Mendosoma lineatum,Telescope fish,,
MEJ,Melanocetus johnsoni,Humpback anglerfish,,
MEK,Metapenaeus alcocki,Fire shrimp,Camarón foguete,Crevette étincelle
MEL,Melanostigma spp,,,
MEM,Menticirrhus panamensis,Panama kingcroaker,,
MEN,Melichthys niger,Black triggerfish,,
MEO,Menticirrhus ophicephalus,Snakehead kingcroaker,,
MEP,Mesoplodon spp,Beaked whales nei,,
MEQ,Metapenaeopsis lamellata,Humpback shrimp,Camarón jorobado,Crevette bossue
MER,Mesopristes argenteus,Silver grunter,,
MES,Ethmidium maculatum,Pacific menhaden,Machete,Menhaden du Pacifique
MET,Metapenaeus spp,Metapenaeus shrimps nei,Camarones Metapenaeus nep,Crevettes Metapenaeus nca
MEU,Menticirrhus nasus,Highfin king croaker,,
MEV,Milyeringa veritas,Cave gudgeon,,
MEW,Peponocephala electra,Melon-headed whale,Calderón pequeño,Péponocéphale
MEX,Metapenaeopsis toloensis,Tolo velvet shrimp,Camarón gamuza tolo,Crevette chamois tolo
MEY,Metynnis argenteus,,,
MEZ,Malea pomum,Grinning tun,,Tonnelet lippu
MFA,Amphistichus argenteus,Barred surfperch,,
MFB,Macropharyngodon bipartitus,Rare wrasse,,
MFC,Margaritifera falcata,Western pearlshell,,
MFD,Metanephrops sinensis,China lobster,Cigala de China,Langoustine de Chine
MFE,Semicossyphus reticulatus,,,
MFF,Eucinostomus melanopterus,Flagfin mojarra,Mojarrita de ley,Blanche drapeau
MFG,Macroramphosus gracilis,Slender snipefish,,
MFH,Metanephrops thomsoni,Red-banded lobster,,Langoustine à bande rouge
MFI,Metanephrops binghami,Caribbean lobster,Cigala del Caribe,Langoustine des Caraïbes
MFJ,Metanephrops japonicus,Japanese lobster,Cigala japonesa,Langoustine japonaise
MFK,Metanephrops sibogae,Siboga lobster,,
MFL,Metanephrops australiensis,Northwest lobster,Cigala del noroeste,Langoustine du Nord-Ouest
MFM,Metanephrops formosanus,Formosa lobster,Cigala acorazada,Langoustine cuirassée
MFN,Metanephrops neptunus,Neptune lobster,,Langoustine Neptune
MFO,Metanephrops boschmai,Bight lobster,,
MFP,Macrorhamphosodes platycheilus,Trumpetsnout spikefish,,
MFQ,Metanephrops sagamiensis,Okinawa sculptured lobster,Cigala esculpida de Okinawa,Langoustine sculptée d'Okinawa
MFR,Microgeophagus ramirezi,Ram cichlid,,
MFS,Metanephrops rubellus,Urugayian lobster,Cigala de Uruguay,Langoustine d'Uruguay
MFT,Metanephrops armatus,Armoured lobster,,
MFU,Metanephrops arafurensis,Arafura lobster,Cigala de Arafura,Langoustine d'Arafura
MFV,Metanephrops velutinus,Velvet lobster,,
MFW,Microcephalophis gracilis,Small-headed sea snake,,
MFX,Stomolophus meleagris,Cannonball jellyfish,,
MFY,Margaritifera margaritifera,Eastern pearlshell,,
MFZ,Marphysa sanguinea,,,
MGA,Liza aurata,Golden grey mullet,Galupe,Mulet doré
MGB,Myersglanis blythii,,,
MGC,Liza ramada,Thinlip grey mullet,Morragute,Mulet porc
MGD,Magosternarchus duccis,,,
MGE,Microglanis ater,,,
MGF,Megalonibea fusca,,,
MGG,Megalonema argentina,,,
MGH,Malea rigens,Pacific cask shell,Caracol bola,Tonnelet du Pacifique
MGI,Mugil incilis,Parassi mullet,Lisa rayada,Mulet parassi
MGJ,Mogurnda aiwasoensis,,,
MGK,Moolgarda pedaraki,Longfin mullet,,
MGL,Malacoglanis gelatinosus,,,
MGM,Margariscus margarita,Pearl dace,,
MGN,Nematogenys inermis,,,
MGO,Myoglanis collettii,,,
MGP,Megalechis personata,,,
MGQ,Metagrapsus messor,Shore crab,,
MGR,Argyrosomus regius,Meagre,Corvina,Maigre commun
MGS,Mugil spp,,,
MGT,Gavialiceps taeniola,,,
MGU,Mugil curema,White mullet,Lisa blanca,Mulet blanc
MGV,Malacocottus gibber,,,
MGW,Megalodoras irwini,,,
MGX,Microgadus proximus,Pacific tomcod,,Poulamon du Pacifique
MGY,Miuroglanis platycephalus,,,
MGZ,Melongena patula,Pacific melongena,Melongena coco,Mélongène coco
MHA,Brevoortia tyrannus,Atlantic menhaden,Lacha tirana,Menhaden tyran
MHB,Meiacanthus abditus,,,
MHC,Mylocheilus caurinus,Peamouth,,
MHD,Pempheris adspersus,,,
MHE,Crenimugil heterocheilus,Half fringelip mullet,,
MHF,Millepora platyphylla,Wello fire coral,,
MHG,Brevoortia patronus,Gulf menhaden,Lacha escamuda,Menhaden écailleux
MHH,Monochirus hispidus,Whiskered sole,,
MHI,Pempheris poeyi,Curved sweeper,,
MHJ,Halargyreus johnsonii,Slender codling,,
MHK,Myrichthys aki,,,
MHL,Pempheris oualensis,Silver sweeper,,
MHM,Mecaenichthys immaculatus,Immaculate damsel,,
MHN,Coryphaenoides nasutus,Largenose grenadier,,
MHO,Mylopharodon conocephalus,Hardhead,,
MHP,Brevoortia pectinata,Argentine menhaden,Lacha,Menhaden d'Argentine
MHQ,Macrophtalmus depressus,Mud crab,,
MHR,Microdontochromis rotundiventralis,,,
MHS,Brevoortia aurea,Brazilian menhaden,Savela,Menhaden du Brésil
MHT,Brevoortia smithi,Yellowfin menhaden,Lacha amarilla,Menhaden jaune
MHU,Myrophis punctatus,Speckled worm-eel,,
MHV,Pempheris vanicolensis,Vanikoro sweeper,,
MHW,Melanosuchus niger,Black caiman,,
MHX,Stomolophus nomurai,,,
MHY,Mystriophis porphyreus,,,
MHZ,Menippe rumphii,Maroon stone crab,,
MIA,Microchirus azevia,,,
MIB,Microsternarchus bilineatus,,,
MIC,Chionodraco myersi,Myers' icefish,,
MID,Micrognathus andersonii,Shortnose pipefish,,
MIE,Microcharacidium eleotrioides,,,
MIF,Mirolabrichthys flavoguttatus,,,
MIG,Microphis argulus,Flat-nosed pipefish,,
MIH,Miichthys miiuy,Mi-iuy (brown) croaker,,
MII,Mimagoniates inequalis,Croaking tetra,,
MIJ,Micrenophrys lilljeborgii,Norway bullhead,,
MIK,Micropogonias ectenes,Slender croaker,,
MIL,Chanos chanos,Milkfish,Chano,Chano
MIM,Minytrema melanops,Spotted sucker,,
MIN,Microlepidotus inornatus,Wavyline grunt,,
MIO,Mitotichthys mollisoni,Mollison's pipefish,,
MIP,Microstomus pacificus,Dover sole,Soya escurridiza,Limande sole du Pacifique
MIQ,Menippe nodifrons,Lumpy stone crab,Cangrejo jorobado,Crabe caillou guinéen
MIR,Microcanthus strigatus,Stripey,,
MIS,Microcottus sellaris,Brightbelly sculpin,,
MIT,Micropogonias altipinnis,Tallfin croaker,,
MIU,Micronemacheilus cruciatus,,,
MIV,Miracorvina angolensis,Angola croaker,,
MIW,Balaenoptera acutorostrata,Minke whale,Rorcual enano,Petit rorqual
MIY,Minyichthys myersi,Myers' pipefish,,
MIZ,Microchromis zebroides,,,
MJA,Myripristis jacobus,Blackbar soldierfish,,
MJB,Metapenaeopsis barbata,Whiskered velvet shrimp,Camarón gamuza barbudo,Crevette chamois barbulée
MJC,Microstomus achne,Slime flounder,,
MJD,Metapenaeopsis borradailei,Reef shrimp,Camarón de arrecife,Crevette des récifs
MJE,Metapenaeus intermedius,Middle shrimp,Camarón cintura,Crevette ceinture
MJF,Millerigobius macrocephalus,,,
MJG,Metapenaeopsis goodei,Caribbean velvet shrimp,Camarón gamuza del Caribe,Crevette chamois caraïbe
MJH,Melanochromis johannii,Bluegray mbuna,,
MJI,Metapenaeopsis crassissima,Scout velvet shrimp,Camarón gamuza toro,Crevette chamois gaill
MJJ,Metapenaeopsis hilarula,Minstrel shrimp,Camarón gamuza bardo,Crevette chamois ménestrel
MJK,Metapenaeus kutchensis,Ginger shrimp,Camarón jengibre,Crevette gingembre
MJL,Calamiana aliceae,,,
MJM,Moojenichthys myersi,,,
MJN,Miyakea nepa,Smalleyed squillid mantis shri,,
MJO,Ammotretis rostratus,Longsnout flounder,,
MJP,Maiopsis panamensis,Panamic spidercrab,Cangrejo araña de Panama,Crabe araignée du Panama
MJQ,Mitra cornicula,Horny miter,Mitra cornea,Mitre corniculaire
MJR,Ammotretis lituratus,Tudor's flounder,,
MJS,Metapenaeus insolitus,Emerald shrimp,Camarón esmeralda,Crevette émeraude
MJT,Melanochromis auratus,Golden mbuna,,
MJU,Micrometrus aurora,Reef perch,,
MJV,Metapenaeopsis acclivis,Tora velvet shrimp,Camarón gamuza tora,Crevette chamois tora
MJW,Hyas spp,"Toad, lyre crabs nei",,
MJX,Martesia striata,Striate martesia,,Martesie striée
MJY,Metapenaeus lysianassa,Bird shrimp,Camarón parancero,Crevette oiseau
MJZ,Mystacoleucus marginatus,,,
MKA,Marukawichthys ambulator,,,
MKB,Mochokus brevis,,,
MKC,Mycteroperca cidi,Venezuelan grouper,Cuna blanca,Badèche blanche
MKD,Macoma grandis,Grand macoma,Macoma americana,Macome américaine
MKE,Mekongina erythrospila,,,
MKF,Mycteroperca fusca,Island grouper,Mero abadejo,Mérou d'île
MKG,Microchirus variegatus,Thickback sole,,
MKH,Mycteroperca phenax,Scamp,Cuna garopa,Badèche galopin
MKI,Moenkhausia intermedia,,,
MKJ,Mycteroperca jordani,Gulf grouper,Mero baya,Mérou golfe
MKK,Macrobrachium lanchesteri,Riceland prawn,Camarón de arrozal,Bouquet rizière
MKL,Meuschenia australis,,,
MKM,Mycteroperca microlepis,Gag,Cuna aguají,Badèche baillou
MKN,Mycteroperca interstitialis,Yellowmouth grouper,Cuna amarilla,Badèche gueule jaune
MKO,Metapenaeopsis kishinouyei,Insular velvet shrimp,Camarón gamuza isleño,Crevette chamois insulaire
MKP,Mochokiella paynei,,,
MKQ,Mactra achatina,Agate troughshell,,Mactre achatine
MKR,Mycteroperca rosacea,Leopard grouper,Cabrilla sardinera,Mérou léopard
MKS,Mccoskerichthys sandae,Tufted blenny,,
MKT,Mycteroperca tigris,Tiger grouper,Cuna gata,Badèche tigre
MKU,Mycteroperca rubra,Mottled grouper,Gitano,Badèche rouge
MKV,Mycteroperca venenosa,Yellowfin grouper,Cuna de piedra,Badèche de roche
MKW,Malakichthys wakiyae,,,
MKY,Myaka myaka,Myaka,,
MKZ,Macoma secta,White sand macoma,Macoma blanca,Macome blanche
MLB,Acanthopagrus berda,Goldsilk seabream,Sargo picnic,Pagre berda
MLC,Micralestes acutidens,Sharptooth tetra,,
MLD,Mylossoma duriventre,,,
MLE,Mataeocephalus acipenserinus,Sturgeon grenadier,,
MLF,Melanotaenia affinis,North New Guinea rainbowfish,,
MLG,Melanonus gracilis,Pelagic cod,,
MLH,Mylossoma acanthogaster,,,
MLI,Macropleurodus bicolor,,,
MLJ,Melichthys indicus,Indian triggerfish,,
MLK,Maccullochella ikei,Eastern freshwater cod,,
MLL,Malacocephalus laevis,Softhead grenadier,,
MLM,Acanthopagrus schlegeli,Blackhead seabream,,Pagre tête noire
MLN,Macolor niger,Black and white snapper,Pargo blanco y negro,Vivaneau plat
MLO,Malacocephalus occidentalis,Western softhead grenadier,,
MLP,Metaloricaria paucidens,,,
MLQ,Maccullochella macquariensis,Trout cod,,
MLR,Chelon labrosus,Thicklip grey mullet,,Mulet lippu
MLS,Tetrapturus audax,Striped marlin,Marlín rayado,Marlin rayé
MLT,Mataeocephalus tenuicauda,Slendertail grenadier,,
MLU,Mylossoma aureum,,,
MLV,Microlepidium verecundum,Bighead mora,,
MLX,Metapenaeopsis lata,Broad velvet shrimp,Camarón gamuza espaldudo,Crevette chamois trappue
MLY,Melanorhinus cyanellus,Blackback silverside,,
MLZ,Mistichthys luzonensis,,,
MMA,Monopenchelys acuta,,,
MMB,Mugil rammelsbergii,,,
MMC,Muraena clepsydra,Hourglass moray,,
MMD,Metapenaeopsis andamanensis,Rice velvet shrimp,Camarón gamuza de arrozal,Crevette chamois des rizières
MME,Muraena melanotis,Honeycomb moray,,
MMF,Myomenippe fornasinii,Smooth stone crab,,
MMG,Momonatira globosus,Tadpole cod,,
MMH,Muraena helena,Mediterranean moray,,
MMI,Microstoma microstoma,Slender argentine,,
MMJ,Monocentris japonica,Pineconefish,,
MMK,Micromyzon akamai,,,
MML,Muraena lentiginosa,Jewel moray,,
MMM,Mancopsetta maculata,Antarctic armless flounder,Mancolenguado antártico,Mancoglosse antarctique
MMN,Membras analis,Backwaters silverside,,
MMO,Muraena robusta,Stout moray,,
MMP,Muraena pavonina,,,
MMQ,Metapenaeus moyebi,Moyebi shrimp,Camarón moyebi,Crevette moyebi
MMR,Muraena retifera,,,
MMS,Muraena australiae,,,
MMT,Melamphaes acanthomus,Slender bigscale,Melánfido,
MMU,Muraena argus,White-spotted moray,,
MMV,Palaemon maculatus,Zaire prawn,Camarón zairense,Bouquet Zaïre
MMW,Mugil trichodon,,,
MMX,Metapenaeopsis mineri,Mining shrimp,Camarón gauza minero,Crevette minière
MMY,Myctophum selenops,Wisner's lantern fish,,
MMZ,Macrobrachium mirabile,Shortleg river prawn,Camarón patojo,Bouquet tipattes
MNA,Nansenia ardesiaca,,,
MNB,Melanostomias biseriatus,,,
MNC,Monistiancistrus carachama,,,
MND,Monodonta labio,Labio monodont,,Monodonte lippue
MNE,Melanostomias tentaculatus,,,
MNF,Amniataba affinis,Tiger grunter,,
MNG,Metapenaeus stebbingi,Peregrine shrimp,Camarón peregrino,Crevette faucon
MNH,Myersina lachneri,,,
MNI,Cynomacrurus piriei,Dogtooth grenadier,Granadero dentón,Grenadier denté
MNJ,Macrospinosa cuja,,,
MNK,Monacanthus chinensis,Fan-bellied leatherjacket,,
MNL,Magnisudis atlantica,Duckbill barracudina,,
MNM,Melanostomias melanopogon,,,
MNN,Monocirrhus polyacanthus,Amazon leaffish,,
MNO,Minous coccineus,Onestick stingfish,,
MNP,Neonesthes capensis,,,
MNQ,Minous quincarinatus,,,
MNR,Menidia beryllina,Inland silverside,,
MNS,Mionorus bombonensis,,,
MNT,Manta spp,Manta rays,,
MNU,Maynea puncta,,,
MNV,Melanostomias valdiviae,Valdivia black dragon fish,,
MNW,Mangarinus waterousi,,,
MNX,Macrobrachium nipponense,Oriental river prawn,Camarón nipón,Bouquet nippon
MNY,Melaniris pachylepis,Thickscale silverside,,
MNZ,Lophius spp,Monkfishes nei,Rapes nep,Baudroies nca
MOA,Selene setapinnis,Atlantic moonfish,Jorobado lamparosa,Musso atlantique
MOB,Scolopsis spp,Monocle breams,Besugatos,Mamilas
MOC,Moapa coriacea,Moapa dace,,
MOD,Modiolus spp,Horse mussels nei,Mejillónes Modiolus nep,Modioles nca
MOE,Moxostoma erythrurum,Golden redhorse,,
MOF,Mollusca,Freshwater molluscs nei,Moluscos de agua dulce nep,Mollusques d'eau douce nca
MOG,Moxostoma congestum,Gray redhorse,,
MOH,Labeo chrysophekadion,Black sharkminnow,,
MOI,Moroco steindachneri,,,
MOJ,Gerres spp,Mojarras(=Silver-biddies) nei,Mojarras nep,Blanches nca
MOL,Mollusca,Marine molluscs nei,Moluscos marinos nep,Mollusques marins nca
MOM,Moxostoma macrolepidotum,Shorthead redhorse,,
MON,Lophius piscatorius,Angler(=Monk),Rape,Baudroie commune
MOO,Mene maculata,Moonfish,Lunero,Luneur
MOP,Mola spp,Sunfish,,
MOQ,Malvoliophis pinguis,,,
MOR,Moridae,Moras nei,Moras nep,Mores nca
MOS,Scomberomorus concolor,Monterey Spanish mackerel,Carite de Monterrey,Thazard de Monterey
MOT,Oxyconger leptognathus,Shorttail pike conger,,
MOU,Monodactylus argenteus,Silver moony,,
MOV,Mesonauta festivus,Flag cichlid,,
MOW,Nemadactylus spp,Morwongs,,
MOX,Mola mola,Ocean sunfish,Pez luna,Poisson lune
MOY,Muraenolepis microps,Smalleye moray cod,Gadimorena ojichica,Gadomurène petit oeil
MOZ,Palaemon concinnus,Mangrove prawn,Camarón de manglar,Bouquet mangrove
MPA,Pteromylaeus asperrimus,Rough eagle ray,,
MPB,Metapenaeus brevicornis,Yellow shrimp,Camarón amarillo,Crevette jaune
MPC,Malapterurus electricus,Electric catfish,,
MPD,Metapenaeus dobsoni,Kadal shrimp,Camarón kadal,Crevette kadal
MPE,Metapenaeus ensis,Greasyback shrimp,Camarón resbaloso,Crevette glissante
MPF,Macropetasma africana,Swimming shrimp,Camarón nadador,Crevette nageuse
MPG,Campostoma oligolepis,Largescale stoneroller,,
MPH,Amphichaetodon howensis,Lord Howe Island butterflyfish,,
MPI,Malapterurus microstoma,Smallmouth electric catfish,,
MPJ,Micropterus dolomieui,Smallmouth bass,,
MPK,Chelon persicus,Persian mullet,,
MPL,Campostoma anomalum,Central stoneroller,,
MPM,Metapenaeus macleayi,Eastern school shrimp,Camarón maclayo,Crevette de maclay
MPN,Metapenaeus monoceros,Speckled shrimp,Gamba moteada,Crevette mouchetée
MPO,Pteromylaeus bovinus,Bull ray,,
MPP,Megupsilon aporus,Catarina pupfish,,
MPQ,Palaemonetes paludosus,Eastern grass shrimp,Camarón yerbero,Bouquet oriental des herbiers
MPR,Microlophichthys microlophus,,,
MPS,Micropterus salmoides,Largemouth black bass,Perca atruchada,Achigan à grande bouche
MPT,Mustelus punctulatus,Blackspotted smooth-hound,Musola pimienta,Émissole pointilée
MPU,Pseudechidna brummeri,White ribbon eel,,
MPV,Cromileptes altivelis,Humpback grouper,Mero jorobado,Mérou bossu
MPW,Myomenippe hardwickii,Mangrove stone crab,,
MPX,Manupecten pesfelis,Cat's paw scallop,Mano de gato,Pétoncle-gibecière
MPY,Champsodon snyderi,,,
MPZ,Mesopaeneus tropicalis,Salmon shrimp,Camarón salmón,Crevette saumon
MQA,Macquaria australasica,Australian bass,,
MQB,Metapenaeopsis beebei,Beebe's velvet shrimp,Camarón gamuza de Beebe,Crevette chamois de Beebe
MQC,Meropesta capillacea,Maidenhair mactra,,Lutraire capillaire
MQD,Mactra discors,Discors trough shell,,
MQE,Metapenaeus eboracensis,York shrimp,Camarón york,Crevette york
MQF,Macoma brevifrons,Short macoma,,
MQG,Mactra iheringi,Ihering's trough shell,,
MQH,Mactra chinensis,Chinese trough shell,,
MQI,Semirossia equalis,Greater shining bobtail squid,Globito reluciente,Sépiole cracheuse
MQJ,Meropesta pellucida,Pellucid mactra,,Lutraire déprimée
MQK,Mactra lilacea,Lilac trough shell,,
MQL,Macropipus tuberculatus,Knobby swimcrab,Nécora nudosa,Étrille tuberculée
MQM,Mactra maculata,Maculated troughshell,,Mactre tachetée
MQN,Mactra cuneata,Wedge trough shell,,Mactre cunéiforme
MQO,Mactra murchisoni,Large trough shell,,
MQP,Matuta planipes,Flower moon crab,,
MQQ,Mactra petiti,Symmetrical trough shell,,
MQR,Mactra mera,Plain troughshell,,Mactre pure
MQS,Mactra isabelleana,Isabel surf clam,,
MQT,Metapenaeus tenuipes,Stork shrimp,Camarón cigueña,Crevette cicogne
MQU,Matuta lunaris,Moon crab,,
MQV,Matuta victor,Common moon crab,,
MQW,Mactra violacea,Violet troughshell,,Mactre violette
MQX,Mactra corallina,Rayed trough shell,Pechina lisa,Mactre coralline
MQY,Mactra glauca,Grey rough shell,Pechina blanca,Mactre fauve
MQZ,Mactra luzonica,Luzon troughshell,,Mactre de Lucon
MRA,Rhinoptera adspersa,Rough cownose ray,,
MRB,Rhinoptera bonasus,Cownose ray,,
MRC,Macruronus capensis,Cape grenadier,Granadero del Cabo,Grenadier du Cap
MRD,Muraenoclinus dorsalis,Nosestripe klipfish,,
MRE,Macrognathus aculeatus,,,
MRF,Mnierpes macrocephalus,Foureye rockskipper,,
MRG,Merluccius angustimanus,Panama hake,Merluza panameña,Merlu du Panama
MRH,Macropodus chinensis,Roundtail paradisefish,,
MRI,Macrouroides inflaticeps,,,
MRJ,Rhinoptera javanica,Flapnose ray,,
MRK,Microchirus ocellatus,Foureyed sole,,
MRL,Muraenolepis spp,Moray cods nei,Gadimorenas nep,Gadomurènes nca
MRM,Rhinoptera marginata,Lusitanian cownose ray,,
MRN,Rhinoptera neglecta,Australian cownose ray,,
MRO,Mirognathus normani,Norman's smooth-head,,
MRQ,Rhinomuraena quaesita,Ribbon moray,,
MRR,Rhinoptera brasiliensis,Ticon cownose ray,,
MRS,Rhinoptera steindachneri,Pacific cownose ray,,
MRT,Coryphaenoides thelestomus,,,
MRV,Malacoctenus versicolor,,,
MRW,Masturus lanceolatus,Sharptail mola,,
MRX,Metacrangon procax,Nutshell shrimp,Quisquilla dura,Crevette noisette
MRY,Rhinoptera jayakari,Oman cownose ray,,
MRZ,Coryphaenoides zaniophorus,Thickbeard grenadier,,
MSA,Siderea picta,Peppered moray,,
MSB,Mesobola brevianalis,River sardine,,
MSC,Aulacomya ater,Cholga mussel,Cholga,Moule cholga
MSD,Decapterus macarellus,Mackerel scad,Macarela caballa,Comète maquereau
MSE,Ambassis commersoni,,,
MSF,Arnoglossus laterna,Mediterranean scaldfish,Serrandell,Arnoglosse de Méditerranée
MSG,Mystacoleucus argenteus,,,
MSH,Ex Mollusca,Marine shells nei,Conchas marinas nep,Coquilles marines nca
MSI,Perna indica,Indian brown mussel,,
MSJ,Sicamugil hamiltonii,,,
MSK,Lamnidae,"Mackerel sharks,porbeagles nei","Jaquetones,marrajos nep",Requins taupe nca
MSL,Perna perna,South American rock mussel,Mejillón de roca sudamericano,Moule de roche sudaméricaine
MSM,Mytilus galloprovincialis,Mediterranean mussel,Mejillón mediterráneo,Moule méditerranéenne
MSN,Mesobius antipodum,Bathypelagic rattail,,
MSO,Mesoborus crocodilus,,,
MSP,Tetrapturus belone,Mediterranean spearfish,Marlín del Mediterráneo,Marlin de la Méditerranée
MSQ,Metapenaeus conjunctus,Wood shrimp,Camarón leña,Crevette bois
MSR,Mytilus platensis,River Plata mussel,Mejillón del Plata,Moule de la Plata
MSS,Strophidon sathete,Slender giant moray,,
MST,Siderea thyrsoidea,Greyface moray,,
MSU,Myleus pacu,,,
MSV,Perna viridis,Green mussel,Mejillón verde,Moule verte asiatique
MSW,Metapenaeus suluensis,Sulu shrimp,,
MSX,Mytilidae,Sea mussels nei,Mejillones nep,Moules nca
MSY,Metapenaeus demani,Demons prawn,Camarón diablo,Crevette diable
MSZ,Palaemonetes sinensis,Chinese grass shrimp,Camarón yerbero chino,Bouquet chinois des herbiers
MTA,Malthopsis annulifera,,,
MTB,Microstomatichthyoborus bashforddeani,,,
MTC,Melanostigma atlanticum,Atlantic soft pout,,
MTD,Metapenaeus dalli,Western school shrimp,Camarón dalí,Crevette dali
MTE,Mustelus mento,Speckled smooth-hound,Musola fina,Émissole fine
MTF,Malacoctenus africanus,,,
MTG,Metapenaeus elegans,Fine shrimp,Camarón fino,Crevette élégante
MTH,Thyrsoidea macrura,Giant slender moray,,
MTI,Mycteroperca acutirostris,Comb grouper,Cuna negra,Badèche peigne
MTJ,Metapenaeus affinis,Jinga shrimp,Camarón jinga,Crevette jinga
MTK,Malpulutta kretseri,Spotted gourami,,
MTL,Mustelus lenticulatus,Spotted estuary smooth-hound,Musola manchada,Émissole grivelée
MTM,Mustelus mosis,Arabian smooth-hound,Musola arábiga,Émissole d'Arabie
MTN,Monostroma nitidum,Green laver,Lechuga brillante,Laitue brillante
MTO,Margrethia obtusirostra,,,
MTP,Myctophum punctatum,Spotted lanternfish,,
MTQ,Metapenaeus papuensis,Papua shrimp,Camarón papuense,Crevette papou
MTR,Mustelus norrisi,Narrowfin smooth-hound,Musola viuda,Émissole veuve
MTS,Squilla mantis,Spottail mantis squillid,Galera ocelada,Squille ocellée
MTT,Micropterus punctulatus,Spotted bass,,
MTU,Platystomatichthys mucosus,,,
MTV,Mactra veneriformis,Globose clam,Mactra redonda,Clam sphérique
MTW,Metelectrona herwigi,,,
MTY,Cyttula macropus,,,
MTZ,Mustelus manazo,Starspotted smooth-hound,Musola celestial,Émissole étoilée
MUA,Joturus pichardi,Bobo mullet,Bobo,Mulet bobo
MUB,Mugil liza,Lebranche mullet,Lebranche,Mulet lebranche
MUC,Cirrhinus molitorella,Mud carp,Carpa de fango,Carpe de vase
MUD,Scylla serrata,Indo-Pacific swamp crab,Cangrejo de manglares,Crabe de palétuviers
MUE,Murex spp,Murex,Murices,Rochers
MUF,Mugil cephalus,Flathead grey mullet,Pardete,Mulet à grosse tête
MUH,Uropterygius macrocephalus,Needle-tooth moray,,
MUI,Muraenidae,Morays,Morenas,Murènes
MUJ,Mytilus californianus,Californian mussel,Mejillón californiano,Moule californienne
MUK,Mytilus coruscus,Korean mussel,Mejillón coreano,Moule coréenne
MUL,Mugilidae,Mullets nei,Lizas nep,Mulets nca
MUM,Mullidae,"Goatfishes, red mullets nei","Salmonetes, etc. nep","Rougets, etc. nca"
MUN,Mulinia spp,Taquilla clams,Taquillas,Mactres taquille
MUO,Mugil capurrii,Leaping African mullet,Galúa africana,Mulet sauteur d'Afrique
MUP,Mustelus palumbes,Whitespotted smooth-hound,Musola paloma,Émissole palombe
MUR,Mullus surmuletus,Surmullet,Salmonete de roca,Rouget de roche
MUS,Mytilus edulis,Blue mussel,Mejillón común,Moule commune
MUT,Mullus barbatus,Red mullet,Salmonete de fango,Rouget de vase
MUU,Mustelus lunulatus,Sicklefin smooth-hound,Musola segadora,Émissole mamon
MUV,Mulloidichthys flavolineatus,Yellowstripe goatfish,,Capucin à bande jaune
MUW,Mustelus whitneyi,Humpback smooth-hound,Musola prieta,Émissole piruche
MUX,Mullus spp,Surmullets(=Red mullets) nei,Salmonetes nep,Rougets nca
MUZ,Perna canaliculus,New Zealand mussel,Mejillón de Nueva Zelandia,Moule de Nouvelle-Zélande
MVA,Lophius vaillanti,Shortspine African angler,Rape africano,Baudroie africaine
MVB,Morus bassanus,Northern gannet,Alcatraz atlántico,Fou de bassan
MVC,Muraenolepis marmoratus,Marbled moray cod,Gadimorena jaspeada,Gadomurène marbrée
MVD,Hyas araneus,Atlantic lyre crab,,Araignée nordique
MVE,Microprosthema semilaeve,Crimson coral shrimp,,
MVF,Maravichromis formosus,,,
MVG,Mellita longifissa,Slitted sand dollar,Locha de playa fisurada,Galette de mer fissurée
MVH,Hyas coarctatus,Arctic lyre crab,,
MVI,Madrepora oculata,Madrepora coral,,
MVJ,Lophius gastrophysus,Blackfin goosefish,Rape pescador,Baudroie pêcheuse
MVK,Malakosaria sinclairii,,,
MVL,Microcosmus polymorphus,Rock violet,Violeta de roca,Violet de roche
MVM,Merulina ampliata,Merulina coral,,
MVN,Lophius litulon,Yellow goosefish,Rape chino,Baudroie chinoise
MVO,Lophius vomerinus,Devil anglerfish,Rape diablo,Baudroie diable
MVP,Microgobius brevispinis,Balboa goby,Gobio de Balboa,
MVQ,Mastocarpus pacificus,,,
MVR,Morus serrator,Australasian gannet,Alcatraz australiano,Fou austral
MVS,Megalonaias nervosa,Washboard,,
MVT,Mastocarpus stellatus,,,
MVU,Microcosmus vulgaris,Sand violet,Boniato de mar,Violet de sable
MVV,Molgula kerguelenensis,,,
MVW,Molgula malvinensis,,,
MVX,Brevoortia spp,Menhadens nei,Lachas nep,Menhadens nca
MVY,Minnivola pyxidata,Box scallop,,Coquille St-Jacques pyxide
MVZ,Molgula pedunculata,,,
MWA,Mya spp,Gaper nei,,Mye nca
MWB,Molgula sluiteri,,,
MWC,Eptatretus cirrhatus,Broadgilled hagfish,,
MWE,Morus capensis,Cape gannet,Alcatraz del Cabo,Fou du Cap
MWF,Metanephrops spp,Metanephrops lobsters nei,Cigalas Metanephrops nep,Langoustine Metanephrops nca
MWG,Melanostigma gelatinosum,Limp eelpout,,
MWL,Metapenaeopsis wellsi,Velvet shrimp,,
MWM,Melamphaes microps,,,
MWO,Muraenolepis orangiensis,Patagonian moray cod,Gadimorena patagónica,Gadomurène de Patagonie
MWP,Malacanthus plumieri,Sand tilefish,Matajuelo blanco,Matajuel blanc
MWQ,Mactra spp,Trough shells nei,Mactras nep,Mactres nca
MWR,Melanocetus rossi,,,
MWS,Muraenolepis microcephalus,Smallhead moray cod,Gadimorena microcéfala,Gadomurène microcéphale
MWT,Misgurnus fossilis,Weatherfish,Misgurno,Loche d'étang
MWU,Mullus argentinae,Argentine goatfish,Trilla,Rouget-barbet argentin
MWX,Myliobatis spp,,,
MWY,Mastacembelus erythrotaenia,Fire eel,,
MXA,Xenophthalmichthys danae,,,
MXB,Myxodagnus belone,,,
MXC,Myxodes cristatus,,,
MXE,Myxus elongatus,Sand grey mullet,,
MXF,Macrocystis integrifolia,,Huiro canutillo,
MXG,Monotaxis grandoculis,Humpnose big-eye bream,Emperador jorobado,Empereur bossu
MXH,Meretrix petechialis,Spotted hard clam,,
MXI,Mithrax spinosissimus,Channel-clinging crab,Cangrejo rey del Caribe,Crabe royal des Caraïbes
MXJ,Myoxocephalus jaok,Plain sculpin,,
MXK,Meretrix casta,Backwater hard clam,,
MXL,Meretrix lyrata,Lyrate hard clam,,Cythérée lyre
MXM,Monothrix mizolepis,,,
MXN,Melanocetidae,Black seadevils nei,,
MXO,Myoxocephalus octodecemspinosus,Longhorn sculpin,,
MXP,Agamyxis pectinifrons,Whitebarred catfish,,
MXR,Maxillicosta raoulensis,,,
MXS,Myxocyprinus asiaticus,Chinese sucker,,
MXT,Mithrax armatus,Harbour spidercrab,Araña porteña,Araignée portuaire
MXV,Myoxocephalus scorpius,Shorthorn sculpin,,Chaboisseau à épines courtes
MXW,Pimelodus spp,,,
MXX,Murex scolopax,Scalloped murex,,
MXY,Macrocystis pyrifera,Giant kelp,Cachiyuyo,Macrocyste
MYA,Mytilus planulatus,Australian mussel,Mejillón de Australia,Moule d'Australie
MYB,Eptatretus burgeri,Inshore hagfish,,
MYC,Mytilus chilensis,Chilean mussel,Chorito,Moule chilienne
MYD,Myliobatis tenuicaudatus,Eagle ray,,
MYE,Nemamyxine elongata,,,
MYF,Myliobatis californica,Bat eagle ray,,
MYG,Myxine glutinosa,Hagfish,Pez moco,Myxine
MYH,Myliobatis chilensis,,,
MYI,Microsynodontis batesii,,,
MYJ,Myliobatis tobijei,Japanese eagle ray,,
MYK,Microphysogobio koreensis,,,
MYL,Myliobatis aquila,Common eagle ray,Aguila marina,Aigle commun
MYM,Myliobatis freminvillii,Bullnose eagle ray,,
MYN,Mystus nemurus,Asian redtail catfish,,
MYO,Myliobatis goodei,Southern eagle ray,,
MYP,Paramyxine atami,Brown hagfish,,
MYQ,Campylonotus rathbunae,Sabre prawn,Camarón sable,Raguié sabre
MYR,Myliobatis australis,Australian bull ray,,
MYS,Mysticeti,Baleen whales nei,Ballenas mysticetas nep,Baleines mysticètes nca
MYT,Myliobatis longirostris,Snouted eagle ray,,
MYU,Eptatretus stoutii,Pacific hagfish,,
MYV,Mytilus spp,Mytilus mussels nei,Mejillónes Mytilus nep,Moules Mytilus nca
MYW,Marilyna darwinii,,,
MYX,Myxinidae,Hagfishes nei,Mixinos nep,Mixynes nca
MYY,Myliobatis hamlyni,Purple eagle ray,,
MYZ,Mugil soiuy,So-iuy mullet,Lisa so-iuy,Mulet so-iuy
MZH,Molpadia musculus,,,
MZJ,Zenion japonicum,,,
MZL,Mazzaella laminarioides,,Luga cuchara o corta,
MZM,Scinaia hormoides,Moniliform sea moss,,
MZP,Mystacoleucus padangensis,,,
MZS,Scorpaena maderensis,Madeira rockfish,Rascacio de Madeira,Rascasse de Madère
MZT,Microchirus theophila,Bastard sole,Acevía senegalesa,Sole-perdrix juive
MZU,Mormyrus spp,Bottlenose fishes nei,,
MZX,Malea spp,,,
MZY,Melanonus zugmayeri,Arrowtail,,
MZZ,Osteichthyes,Marine fishes nei,Peces marinos nep,Poissons marins nca
NAA,Nandus nandus,Gangetic leaffish,,
NAB,Naso brevirostris,Spotted unicornfish,,
NAC,Anarrhichthys ocellatus,Wolf-eel,,
NAE,Narcetes erimelas,,,
NAF,Anampses geographicus,Geographic wrasse,,
NAG,Pangio agma,,,
NAH,Parapenaeopsis hungerfordi,Dog shrimp,Camarón perro,Crevette chien
NAI,Naso lituratus,Orangespine unicornfish,,
NAJ,Pinna muricata,Prickly pen shell,,Jambonneau epineux
NAK,Parapenaeopsis acclivirostris,Hawknose shrimp,Camarón aguileño,Crevette aquiline
NAL,Nannocampus elegans,Elegant pipefish,,
NAM,Panna microdon,Panna croaker,,
NAN,Nansenia spp,,,
NAO,Nautichthys oculofasciatus,Sailfin sculpin,,
NAP,Parapenaeopsis sculptilis,Rainbow shrimp,Camarón arco iris,Crevette arc-en-ciel
NAQ,Anomalocardia squamosa,Squamose venus,,Vénus écailleuse
NAR,Monodon monoceros,Narwhal,Narval,Narval
NAS,Naso unicornis,Bluespine unicornfish,Berbero de aguijon azul,Nason à éperons bleus
NAT,Anacanthus barbatus,Bearded leatherjacket,,
NAU,Naucrates ductor,Pilotfish,Pez piloto,Poisson pilote
NAV,Nannosalarias nativitatus,Pygmy blenny,,
NAW,Parapenaeopsis hardwickii,Spear shrimp,Camarón lanzón,Crevette javelot
NAX,Parapenaeopsis maxillipedo,Torpedo shrimp,Camarón torpedo,Crevette torpille
NAY,Parapenaeopsis stylifera,Kiddi shrimp,Camarón kidi,Crevette kidi
NAZ,Nassarius gibbosulus,Gibbous nassa,Mugarida jorobada,Nasse bossue
NBA,Nibea maculata,Blotched croaker,,
NBB,Neogobius bathybius,,,
NBC,Notolabrus celidotus,Spotty,,
NBE,Nalbantichthys elongatus,,,
NBI,Acanthemblemaria spinosa,Spinyhead blenny,,
NBK,Prionobutis koilomatodon,Mud sleeper,,
NBM,Nebris microps,Smalleye croaker,,
NBO,Nebris occidentalis,Pacific smalleye croaker,,
NBP,Acanthemblemaria aspera,Roughhead blenny,,
NBR,Caranx bartholomaei,Yellow jack,Cojinua amarilla,Carangue grasse
NBS,Nibea semifasciata,Sharpnose croaker,,
NBT,Neobuccinum eatoni,Antarctic whelk,Bucino antártico,Buccin antarctique
NBU,Neogobius melanostomus,Round goby,,
NBX,Nassarius spp,,,
NBY,Nothobranchius cyaneus,,,
NBZ,Percnon gibbesi,Nimble spray crab,Araña plana,
NCA,Plectranthias altipinnatus,,,
NCB,Neoclinus blanchardi,Sarcastic fringehead,,
NCC,Chitala chitala,Clown knifefish,,
NCD,Nicholsina denticulata,Loosetooth parrotfish,,
NCE,Notoclinops caerulepunctus,Blue-dot triplefin,,
NCF,Nematocarcinus africanus,African spider shrimp,Camarón araña africano,Crevette araignée d'Afrique
NCG,Chitala lopis,Giant featherback,,
NCH,Notocheirus hubbsi,,,
NCI,Nacella concinna,Antarctic limpet,Patela antártica,Patelle antarctique
NCJ,Nacella edgari,Depressed limpet,Patela chata,Patelle plate
NCK,Lipkius holthuisi,Omega prawn,,
NCL,Paphia spp,Short neck clams nei,,
NCM,Notocrangon antarcticus,,,
NCN,Nannacara anomala,Goldeneye cichlid,,
NCO,Nematalosa come,Western Pacific gizzard shad,,
NCP,Nectoliparis pelagicus,Tadpole snailfish,,
NCQ,Acanthostracion quadricornis,Scrawled cowfish,,
NCR,Neocirrhites armatus,Flame hawkfish,,
NCS,Nanochromis consortus,,,
NCT,Anchichoerops natalensis,Natal wrasse,,
NCW,Chitala blanci,Indochina featherback,,
NCX,Chicoreus spp,,,
NCY,Acanthostracion polygonius,Honeycomb cowfish,,
NCZ,Nematocarcinus agassizii,Spider shrimp,Camarón araña peruano,Crevette araignée
NDA,Neoditrema ransonneti,,,
NDB,Neoglyphidodon bonang,Ocellated damsel,,
NDC,Anadara corbuloides,Basket ark,Arca canastillo,Arche corbeille
NDD,Pandalopsis dispar,Sidestripe shrimp,Camarón de banda,Crevette à flancs rayés
NDE,Anadara ferruginea,Rusty ark,,Arche rouillée
NDG,Nototodarus gouldi,Gould's flying squid,Pota australiana,Encornet éventail
NDH,Nototodarus hawaiiensis,Hawaiian flying squid,Pota hawaiana,Encornet bouquet
NDI,Sandelia bainsii,Rocky kurper,,
NDJ,Pandalopsis japonica,Morotoge shrimp,Camarón morotoje,Crevette morotoge
NDK,Nibea soldado,Soldier croaker,,
NDL,Anadara notabilis,Eared ark,Arca orejona,Arche auriculée
NDM,Anadara mazatlanica,Mazatlan's ark,Arca de Mazatlan,Arche de Mazatlan
NDN,Anadara grandis,Grand ark,Arca casco de burro,Arche pied d'âne
NDO,Anadara nodifera,Nodular ark,,Arche noduleuse
NDP,Pandalopsis spp,Pandalopsis shrimps nei,Camarones Pandalopsis nep,Crevettes Pandalopsis nca
NDQ,Anadara antiquata,Antique ark,,Arche antique
NDR,Andamia reyi,,,
NDS,Parapandalus spinipes,Oriental narwal shrimp,Camarón narval oriental,Crevette narval orientale
NDT,Anadara multicostata,Many ribbed ark,Arca piangua,Arche rayonnante
NDU,Scapharca biangulata,Sowerby's ark,Arca de Sowerby,Arche de Sowerby
NDV,Anadara diluvii,Diluvial ark,Arca del diluvio,Arche du déluge
NDW,Neolithodes diomedeae,,,
NDX,Natica spp,,,
NDY,Nodilittorina pyramidalis,Pyramidal prickly-winkle,,Littorine pyramidale
NDZ,Anadara ovalis,Blood ark,,Arche ovale
NEA,Metanephrops andamanicus,Andaman lobster,Cigala de Andamán,Langoustine andamane
NEB,Parapercis colias,New Zealand blue cod,,
NEC,Pseudophycis bachus,Red codling,Brotolilla,Morue rouge
NED,Tylosurus spp,Needlefishes nei,Maraos nep,Aiguilles nca
NEE,Neonoemacheilus labeosus,,,
NEF,Neoceratias spinifer,,,
NEG,Neophrynichthys angustus,Pale toadfish,,
NEH,Nephtys hombergii,,Blanca,
NEI,Neolissochilus blanci,,,
NEJ,Neohomaloptera johorensis,,,
NEK,Neorossia caroli,Carol bobtail squid,Globito de Carol,Sépiole de Carol
NEL,Nematabramis alestes,,,
NEM,Metanephrops mozambicus,Mozambique lobster,Cigala del Mozambique,Langoustine du Mozambique
NEN,Nesiarchus nasutus,Black gemfish,Escolar narigudo,Escolier long nez
NEO,Neobola moeruensis,,,
NEP,Nephrops norvegicus,Norway lobster,Cigala,Langoustine
NER,Nereis diversicolor,Ragworm,Titxare,
NES,Nephropsis stewarti,Indian Ocean lobsterette,Cigala del Océano índico,Langoustine indienne
NET,Nematobrycon lacortei,Rainbow tetra,,
NEU,Neogastromyzon nieuwenhuisii,,,
NEX,Nephropidae,"True lobsters,lobsterettes nei","Bogavantes, cigalas nep","Homards, langoustines nca"
NEY,Nemacheilus abyssinicus,,,
NEZ,Notosaria nigricans,,,
NFA,Strongylura marina,Atlantic needlefish,Agujón verde,Aiguillette verte
NFB,Norfolkia brachylepis,Tropical scaly-headed triplefi,,
NFC,Neoophorus catarinae,,,
NFE,Nephropsis ensirostris,Gladiator lobsterette,,
NFF,Paranephrops planifrons,Koura crayfish,,
NFG,Facciolella gilberti,Dogface witch-eel,,
NFH,Nephropsis malhaensis,Saya de Malha lobsterette,,
NFI,Nephropsis rosea,Two-toned lobsterette,,Langoustine bicolore
NFJ,Neoglyphea inopinata,Fenix lobster,,
NFK,Nephropsis acanthura,Spinetail lobsterette,,
NFL,Nephropsis sulcata,Grooved lobsterette,,
NFM,Nephropsis suhmi,Red and white lobsterette,Cigala roja y blanca,Langoustine rouge et blanche
NFN,Nephropsis neglecta,Ruby lobsterette,,
NFO,Nephropsis occidentalis,Pacific lobsterette,Cigala del Pacífico,Langoustine du Pacifique
NFP,Nephropsis carpenteri,Ridge-back lobsterette,,Langoustine à dos strié
NFR,Nephropides caribaeus,Mitten lobsterette,,Langoustine mitaine
NFS,Niphon spinosus,Ara,,
NFT,Nephropsis atlantica,Scarlet lobsterette,Cigala escarlata,Langoustine écarlate
NFU,Nephropsis aculeata,Florida lobsterette,Cigala de Florida,Langoustine de Floride
NFX,Melongena spp,,,
NFZ,Nephropsis agassizii,Prickly lobsterette,Cigala de grano,Langoustine épineuse
NGA,Negaprion acutidens,Sicklefin lemon shark,Tiburón segador,Requin limon faucille
NGB,Negaprion brevirostris,Lemon shark,Tiburón galano,Requin citron
NGC,Carangoides caeruleopinnatus,Coastal trevally,,
NGD,Carangoides dinema,Shadow trevally,,
NGE,Carangoides hedlandensis,Bumpnose trevally,,
NGF,Nagaichthys filipes,,,
NGG,Notograptus guttatus,,,
NGH,Carangoides chrysophrys,Longnose trevally,,
NGI,Nangra itchkeea,,,
NGJ,Carangoides bajad,Orangespotted trevally,Jurel lentejuela,Carangue lentigine
NGK,Melongena melongena,West Indian crown conch,Melongena antillana,Mélongène des Caraïbes
NGL,Nemuroglanis lanceolatus,,,
NGM,Carangoides humerosus,Duskyshoulder trevally,,
NGN,Carangoides otrynter,Threadfin jack,,
NGO,Carangoides oblongus,Coachwhip trevally,,
NGP,Notoglanidium pallidum,,,
NGQ,Carangoides equula,Whitefin trevally,,
NGR,Carangoides armatus,Longfin trevally,,
NGS,Carangoides malabaricus,Malabar trevally,Jurel malabárico,Carangue monique
NGT,Carangoides orthogrammus,Island trevally,,
NGU,Carangoides fulvoguttatus,Yellowspotted trevally,Jurel centellante,Carangue pailletée
NGV,Acentrogobius viridipunctatus,,,
NGX,Carangoides spp,,,
NGY,Carangoides gymnostethus,Bludger,,
NGZ,Notarius grandicassis,Thomas sea catfish,Bagre Tomás,Mâchoiron grondé
NHA,Merluccius productus,North Pacific hake,Merluza del Pacífico norte,Merlu du Pacifique nord
NHB,Nannatherina balstoni,Balston's pygmy perch,,
NHC,Neoheterandria cana,,,
NHD,Hoplunnis diomedianus,Blacktail pike-conger,,
NHE,Annelida,Annelid worms,,
NHG,Paranotothenia angustata,Maori chief,,
NHH,Halosauropsis macrochir,Abyssal halosaur,,
NHI,Acanthacaris tenuimana,Prickly deep-sea lobster,Cigala raspa,Langoustine spinuleuse
NHJ,Paranotothenia microlepidota,Black cod,,
NHK,Pennahia anea,Bigeye croaker,Corvina plomiza,Courbine grise
NHL,Ancistroteuthis lichtensteini,Angel squid,Luria paloma,Cornet archange
NHM,Pennahia macrocephalus,Big-head pennah croaker,,
NHN,Selenanthias analis,Pearl-spotted fairy basslet,,
NHO,Nannochloris atomus,,,
NHP,Halosaurus pectoralis,Australian halosaur,,
NHQ,Paranotothenia dewitti,,,
NHR,Canthidermis macrolepis,Largescale triggerfish,,
NHS,Neoniphon sammara,Sammara squirrelfish,Candil samara,Marignan tacheté
NHT,Acanthaphritis barbata,,,
NHU,Halosaurus ovenii,,,
NHV,Aldrovandia rostrata,,,
NHW,Pennahia pawak,Pawak croaker,,
NHX,Pennahia spp,,,
NHY,Paranotothenia spp,Paranotothenia nei,Paranotothenia nep,Paranotothenia nca
NIA,Penaeopsis balssi,Scythe shrimp,Camarón guadaña,Crevette fausse
NIB,Parapenaeopsis balli,Bally shrimp,Camarón bali,Crevette ballli
NID,Taningia danae,Dana octopus squid,Pulpota,Encornet poulpe dana
NIE,Penaeopsis eduardoi,Four-spined needle shrimp,,
NIG,Parapenaeopsis gracillima,Thin shrimp,,
NIL,Senilia senilis,Heavy African ark,Arca gruesa africana,Arche épaisse d'Afrique
NIM,Neoepinnula americana,American sackfish,Escolar americano,Escolier américain
NIN,Parapenaeopsis nana,Dwarf shrimp,Camarón enano,Crevette naine
NIP,Lates niloticus,Nile perch,Perca del Nilo,Perche du Nil
NIR,Notiocampus ruber,Red pipefish,,
NIS,Penaeopsis serrata,Megalops shrimp,Camarón megalops,Crevette mégalops
NIT,Parapenaeopsis tenella,Smoothshell shrimp,Camarón liso,Crevette glabre
NIU,Parapenaeopsis uncta,Uncta shrimp,Camarón unta,Crevette uncta
NIV,Parapenaeopsis venusta,Adonis shrimp,Camarón adonis,Crevette adonis
NIX,Nerita spp,,,
NJA,Nassarius arcularius,Cake nassa,,Nasse coffret
NJB,Natica broderipiana,Broderip's moon snail,Nática luna,Natice lune
NJC,Natica chemnitzii,Chemnitz's moon snail,Nática fanguera,Natice de vase
NJD,Nassarius dorsatus,Channeled nassa,,Nasse canaliculée
NJE,Nerita peloronta,Bleeding tooth,Nerita diente sangrante,Nérite dent saignante
NJG,Noetia gambiensis,Gambia ark,Arca de Gambia,Arche de Gambie
NJL,Natica lineata,Lined moon snail,,Natice lignée
NJN,Nassarius glans,Glans nassa,,Nasse rayée
NJO,Nassarius coronatus,Coronate nassa,,Nasse couronnée
NJP,Notostomus japonicus,Japanese spinyridge,,
NJR,Nassarius crematus,Burned nassa,,Nasse brûlée
NJS,Natica stellata,Starry moon snail,,Natice étoilée
NJT,Natica tigrina,Tiger moon snail,Nática atigrada,Natice tigrée
NJU,Natica gualteriana,Gualteri's moon snail,,Natice de Gualteri
NJV,Natica vitellus,Calf moon snail,,Natice châtain
NJX,Lithophaga spp,Date mussels nei,,
NKA,Natica adansoni,Adanson's moon snail,Nática de Adanson,Natice d'Adanson
NKB,Anomalocardia brasiliana,West Indian pointed venus,,
NKC,Nassarius cuvieri,Cuvier's nassa,Mugarida de Cuvier,Nasse de Cuvier
NKD,Naticarius dillwyni,Dillwyn's moon-shell,Nática de Dillwyn,Natice de Dillwyn
NKF,Annachlamys flabellata,Leopard scallop,,Pétoncle léopard
NKG,Nacella kerguelenensis,Kerguelen limpet,Patela de Kerguelen,Patelle de Kerguelen
NKH,Naticarius hebraeus,Hebrew moon-shell,Caracol de luna,Natice marbrée
NKK,Natica marochiensis,Morocco moon snail,Nática marroquí,Natice du Maroc
NKL,Ancistrocheirus lesueuri,Sharpear enope squid,Enoploluria rómbica,Encornet cachalot
NKM,Natica fulminea,Flamed moon snail,Nática flamante,Natice flammée
NKN,Nassarius corniculus,Horned nassa,Mugarida cornea,Nasse fasciée
NKO,Natica collaris,Collar moon snail,Nática engolada,Natice à collet
NKR,Meganyctiphanes norvegica,Norwegian krill,Krill de Noruega,Krill norvégien
NKS,Naticarius stercus-muscarum,Thousand-spotted moon-shell,Caracol milpuntos,Natice mille-points
NKT,Natica turtoni,Turton's moon snail,Nática deTurton,Natice de Turton
NKV,Naticarius vittatus,Ribboned moon-shell,Nática listada,Natice lancinée
NKX,Noetia spp,,,
NLA,Neolebias ansorgii,,,
NLB,Blenniella bilitonensis,,,
NLC,Nematopalaemon schmitti,Whitebelly prawn,Camarón cuac,Bouquet covac
NLD,Notopogon lilliei,Crested bellowfish,,
NLE,Neolithodes asperrimus,Rough king crab,Centolla aspera,Crabe royal grêle
NLG,Panulirus guttatus,Spotted spiny lobster,Langosta moteada,Langouste brésilienne
NLH,Nematopalaemon hastatus,West African estuarine prawn,Camarón estuarino africano,Bouquet étier
NLI,Panulirus marginatus,Banded spiny lobster,,Langouste bordée
NLJ,Panulirus stimpsoni,Chinese spiny lobster,Langosta chinesa,Langouste chinoise
NLK,Tonicella rubra,Northern red chiton,,
NLL,Natalichthys leptus,Pencil snakelet,,
NLM,Neolaeops microphthalmus,Crosseyed flounder,,
NLN,Nematopalaemon tenuipes,Spider prawn,Camarón araña Indo-Pacífico,Bouquet araignée
NLO,Nemalion helminthoides,Sea spaghetti,Espagueti de mar,Spaghetti de mer
NLP,Conniella apterygia,Mutant wrasse,,
NLQ,Panulirus pascuensis,Easter Island spiny lobster,,
NLS,Notolycodes schmidti,,,
NLT,Nealotus tripes,Black snake mackerel,Escolar oscuro,Escolier reptile
NLU,Neolumpenus unocellatus,,,
NLX,Anomia spp,,,
NLY,Nelusetta ayraudi,Chinaman-leatherjacket,,
NMA,Neomerinthe amplisquamiceps,,,
NMB,Nemadoras bachi,,,
NMC,Notemigonus crysoleucas,Golden shiner,,
NMD,Nemacheilus denisoni,,,
NME,Nemateleotris decora,Elegant firefish,,
NMF,Metapenaeopsis philippii,Philip velvet shrimp,Camarón gamuza Felipe,Crevette chamois philippe
NMG,Nomeus gronovii,Man-of-war fish,Pastorcillo,
NMH,Nematops chui,Narrow-body righteye flounder,,
NMI,Nematogobius ansorgii,,,
NMJ,Metapenaeopsis mogiensis,Mogi velvet shrimp,Camarón gamuza mogi,Crevette chamois mogi
NMK,Nematoscelis gracilis,,,
NML,Neomyxus leuciscus,Acute-jawed mullet,,
NMM,Nematoscelis megalops,,,
NMN,Metapenaeopsis palmensis,Southern velvet shrimp,Camarón gamuza sureño,Crevette chamois méridionale
NMP,Nematistius pectoralis,Roosterfish,,
NMQ,Metapenaeopsis rosea,Pink velvet shrimp,Camarón gamuza rosado,Crevette chamois rosée
NMR,Nemanthias carberryi,Threadfin anthias,,
NMS,Nemaclinus atelestos,Threadfin blenny,,
NMT,Neamia octospina,Eightspine cardinalfish,,
NMU,Metapenaeopsis novaeguineae,Northern velvet shrimp,Camarón gamuza norteño,Crevette chamois nordique
NMV,Nimbochromis fuscotaeniatus,Fuscotaeniatus,,
NMW,Nomeus spp,,,
NMX,Nyctiphanes simplex,,,
NMY,Metapenaeopsis stridulans,Fiddler shrimp,Camarón violinista,Crevette violoneux
NNA,Nannopetersius ansorgii,,,
NNB,Nannostomus beckfordi,Golden pencilfish,,
NNC,Nemipterus celebicus,Celebes threadfin bream,,
NND,Nemipterus tambuloides,Fivelined threadfin bream,,
NNE,Labichthys yanoi,,,
NNF,Nemipterus nematophorus,Doublewhip threadfin bream,,
NNG,Nettenchelys gephyra,,,
NNH,Nemipterus hexodon,Ornate threadfin bream,,
NNI,Nemipterus balinensis,Balinese threadfin bream,,
NNJ,Nemipterus japonicus,Japanese threadfin bream,Baga japonesa,Cohana japonaise
NNK,Nemipterus peronii,Notchedfin threadfin bream,Baga tolú,Cohana tolu
NNL,Lipogenys gillii,,,
NNM,Nemipterus marginatus,Red filament threadfin bream,,
NNN,Notacanthus chemnitzii,Spiny eel,,
NNO,Nemipterus mesoprion,Mauvelip threadfin bream,,
NNP,Polyacanthonotus rissoanus,,,
NNQ,Nemipterus nemurus,Redspine threadfin bream,,
NNR,Nemipterus gracilis,Graceful threadfin bream,,
NNS,Nettastoma solitarium,,,
NNT,Nemipterus bathybius,Yellowbelly threadfin bream,,
NNU,Nannaethiops unitaeniatus,Oneline tetra,,
NNV,Notolepis annulata,Ringed barracudina,Barracudina anillada,Barracudine annelée
NNW,Pinna rudis,Rough pen shell,Pina aspera,Jambonneau rude
NNX,Neosebastes entaxis,Orange-banded scorpionfish,,
NNY,Nototheniops nybelini,,,
NNZ,Nemipterus randalli,Randall's threadfin bream,,
NOA,Notothenia acuta,Triangular rockcod,Trama triangular,Bocasse triangulaire
NOB,Nocomis biguttatus,Hornyhead chub,,
NOC,Notothenia coriiceps,Black rockcod,Trama negra,Bocasse noire
NOD,Nototheniops nudifrons,Yellowfin notie,Doradillo pobre,Bocassette dégarnie
NOE,Notolepis spp,,,
NOF,Notothenia angustifrons,Narrowhead rockcod,Trama,Bocasse obtuse
NOG,Notothenia gibberifrons,Humped rockcod,Trama jorobada,Bocasse bossue
NOH,Nocomis leptocephalus,Bluehead chub,,
NOI,Nocomis micropogon,River chub,,
NOJ,Clinoporus biporosus,Ladder klipfish,,
NOK,Notothenia kempi,Striped-eyed rockcod,Trama ojirayada,Bocasse aux yeux rayés
NOL,Nototheniops larseni,Painted notie,Doradillo escribano,Bocassette écrivain
NOM,Paranotothenia magellanica,Magellanic rockcod,Trama común,Bocasse magellanique
NON,Notothenia neglecta,Yellowbelly rockcod,Trama amarilla,Bocasse jaune
NOO,Notoscopelus bolini,,,
NOP,Trisopterus esmarkii,Norway pout,Faneca noruega,Tacaud norvégien
NOQ,Anomia ephippium,Common jingle shell,Ostra de perro,Anomie pelure
NOR,Notothenia rossii,Marbled rockcod,Trama jaspeada,Bocasse marbrée
NOS,Notothenia squamifrons,Grey rockcod,Trama gris,Bocasse grise
NOT,Patagonotothen brevicauda,Patagonian rockcod,Trama patagónica,Bocasse de Patagonie
NOU,Clinostomus elongatus,Redside dace,,
NOV,Notolychnus valdiviae,,,
NOW,Anemonia sulcata,Snakelocks anemone,Anemona de mar común,Anemone de mer
NOX,Nototheniidae,"Antarctic rockcods, noties nei","Tramas, doradillos nep","Bocasses, bocassons nca"
NOZ,Nototheniops mizops,Toad notie,Ojo de sapo,Bocassette crapaud
NPA,Engraulis mordax,Californian anchovy,Anchoa de California,Anchois de Californie
NPB,Parapenaeopsis probata,Parole shrimp,Camarón parolo,Crevette parole
NPC,Pentapodus caninus,Small-toothed whiptail,,
NPD,Pentapodus paradiseus,Paradise whiptail,,
NPE,Notopogon endeavouri,,,
NPF,Neoplecostomus franciscoensis,,,
NPG,Neocentropogon aeglefinis,,,
NPH,Scomberomorus niphonius,Japanese Spanish mackerel,Carite oriental,Thazard oriental
NPI,Parapenaeopsis coromandelica,Coromandel shrimp,Camarón coromandel,Crevette coromandel
NPJ,Panopeus africanus,African mud crab,Canrejo de piedra africano,Crabe caillou africain
NPK,Neotropius khavalchor,,,
NPL,Chaenopsis alepidota,Orangethroat pikeblenny,,
NPM,Anoplocapros amygdaloides,Western smooth boxfish,,
NPN,Parapenaeopsis cornuta,Coral shrimp,Camarón coral,Crevette corail
NPO,Nannoperca oxleyana,Oxleyan pygmy perch,,
NPP,Parapenaeopsis spp,Parapenaeopsis shrimps nei,Camarones Parapenaeopsis nep,Crevettes Parapenaeopsis nca
NPQ,Neopycnodonte cochlear,Spoon oyster,Ostra del sur,Pycnodonte-cuillere
NPR,Notopogon fernandezianus,Orange bellowfish,,
NPS,Parascolopsis aspinosa,Smooth dwarf monocle bream,Besugato liso,Mamila lisse
NPT,Neoaploactis tridorsalis,Threefin velvetfish,,
NPU,Anoplarchus purpurescens,High cockscomb,,
NPV,Anomia peruviana,Peruvian jingle shell,Cascabel peruano,Anomie péruvienne
NPW,Neopataecus waterhousii,Whiskered prowfish,,
NPX,Notopogon xenosoma,Longspine bellowfish,,
NPY,Pentapodus emeryii,Double whiptail,,
NPZ,Neopomacentrus azysron,Yellowtail demoiselle,,
NQA,Monodonta articulata,Articulate monodont,Peonza,Monodonte articulée
NQB,Nerita albicilla,Oxpalate nerite,,Nérite brûlée
NQC,Nerita chameleon,Chameleon nerite,,Nérite caméléon
NQD,Mnemiopsis mccradyi,,,
NQE,Anodontia edentula,Toothless lucine,,Lucine edentule
NQI,Nerita picea,Pitchy nerite,,Nérite ébène
NQJ,Neritina turrita,Turreted nerite,,Nérite tourelle
NQK,Nerita costata,Costate nerite,,Nérite côtelée
NQL,Nerita planospira,Flatspired nerite,,Nérite à spire plate
NQM,Monodonta mutabilis,Mutable monodont,Peonza mutable,Monodonte intermediaire
NQN,Channa lucius,,,
NQO,Nerita polita,Polished nerite,,Nérite lustrée
NQP,Nerita plicata,Plicate nerite,,Nérite plissée
NQQ,Nerita squamulata,Scaly nerite,,Nérite écailleuse
NQR,Anadara reinharti,Reinhart's ark,Arca de Reinhart,Arche de Reinhart
NQS,Nerita senegalensis,Senegal nerite,Nerita senegalesa,Nérite du Sénégal
NQT,Anadara tuberculosa,Black ark,Arca negra,Arche noire
NQU,Monodonta turbinata,Turbinate monodont,Peonza fresa,Monodonte-fraise
NQX,Pentapodus spp,,,
NQY,Mnemiopsis leidyi,,,
NRA,Parapenaeus australiensis,Australian rose shrimp,Camarón rosado australiano,Crevette rose australienne
NRB,Centrodoras brachiatus,,,
NRC,Normanichthys crockeri,Mote sculpin,Mote camotillo,Mote
NRD,Notolepis rissoi,Spotted barracudina,Barracudina pintada,Barracudine pintade
NRE,Anaora tentaculata,Tentacled dragonet,,
NRF,Parapenaeus fissurus,Neptune rose shrimp,Camarón rosado neptuno,Crevette neptune
NRG,Parapenaeus longipes,Flamingo shrimp,Camarón flamenco,Crevette flamande
NRH,Palinurus charlestoni,Cape Verde spiny lobster,Langosta de Cabo Verde,Langouste de Cap Vert
NRI,Parapenaeus investigatoris,Explorer rose shrimp,Camarón explorador,Crevette rose chercheuse
NRJ,Parapenaeopsis arafurica,Arafura shrimp,Camarón arafura,Crevette arafura
NRK,Parapenaeus lanceolatus,Lancer rose shrimp,Camarón rosado lanzón,Crevette rose lancier
NRL,Nerophis lumbriciformis,Worm pipefish,,
NRM,Nerophis maculatus,,,
NRN,Neetroplus nematopus,,,
NRO,Nerophis ophidion,Straightnose pipefish,,
NRP,Parapenaeus politus,Rose shrimp,,Crevette rose
NRQ,Anadara similis,Brown ark,Arca prieta,Arche brune
NRR,Parapenaeus sextuberculatus,Domino shrimp,Camarón dominó,Crevette domino
NRS,Notropis signipinnis,Flagfin shiner,,
NRT,Notropis stramineus,Sand shiner,,
NRU,Neolamprologus boulengeri,,,
NRV,Notropis volucellus,Mimic shiner,,
NRX,Notropis texanus,Weed shiner,,
NRY,Parapenaeus spp,Parapenaeus shrimps nei,Camarones Parapenaeus nep,Crevettes Parapenaeus nca
NSA,Neosilurus argenteus,Silver tandan,,
NSB,Neosilurus brevidorsalis,Shortfin tandan,,
NSC,Scolopsis bilineatus,Two-lined monocle bream,Besugato rayado,Mamila griffée
NSD,Notacanthus sexspinis,Spiny-back eel,Espinudo del Cabo,Tapir du Cap
NSE,Scolopsis taeniopterus,Lattice monocle bream,,
NSF,Nassa francolina,Francolina jopas,,Jopas francolin
NSG,Scolopsis ghanam,Arabian monocle bream,Besugato de Arabia,Mamila arabe
NSH,Neoscorpis lithophilus,Stone-bream,,
NSI,Scolopsis bimaculatus,Thumbprint monocle bream,Besugato de San Pedro,Mamila Saint Pierre
NSJ,Neosynchiropus ijimai,Japanese dragonet,,
NSK,Amanses scopas,Broom filefish,,
NSL,Phocarctos hookeri,New Zealand sea lion,Léon marino de Nueva Zelandia,Lion de mer de N.lle-Zélande
NSM,Neoscopelus macrolepidotus,Large-scaled lantern fish,,
NSN,Nes longus,Orangespotted goby,,
NSO,Scolopsis monogramma,Monogrammed monocle bream,,
NSP,Scolopsis vosmeri,Whitecheek monocle bream,Besugato cariblanco,Mamila joues blanches
NSQ,Nassarius mutabilis,Changeable nassa,Mugarida lisa,Nasse-ceinture
NSR,Neostethus amaricola,,,
NSS,Saurenchelys stylurus,,,
NST,Neosilurus ater,Narrowfront tandan,,
NSU,Notesthes robusta,Bullrout,,
NSV,Scaevius milii,Green-striped coral bream,,
NSW,Neoscombrops pacificus,,,
NSX,Nassa serta,Wreath jopas,,Jopas guirlande
NSY,Neoscombrops cynodon,Silver splitfin,,
NSZ,Nansenia antarctica,,,
NTA,Notropis atherinoides,Emerald shiner,,
NTB,Notropis bairdi,Red River shiner,,
NTC,Notorynchus cepedianus,Broadnose sevengill shark,Cañabota gata,Platnez
NTD,Notropis dorsalis,Bigmouth shiner,,
NTE,Notropis heterodon,Blackchin shiner,,
NTF,Pantomus affinis,Hinged shrimp,Camarón bisagra,Crevette charnière
NTG,Notropis girardi,Arkansas River shiner,,
NTH,Temera hardwickii,,,
NTI,Notropis rupestris,Bedrock shiner,,
NTJ,Acanthopsetta nadeshnyi,Scale-eye plaice,,
NTK,Acanthacaris caeca,Atlantic deep-sea lobster,Cigala de fondo,Langoustine arganelle
NTL,Notropis longirostris,Longnose shiner,,
NTM,Acanthodoras spinosissimus,Talking catfish,,
NTN,Notropis lutipinnis,Yellowfin shiner,,
NTO,Notolepis coatsi,Antarctic jonasfish,Barracudina antártica,Barracudine antarctique
NTP,Notropis boops,Bigeye shiner,,
NTQ,Notropis rubellus,Rosyface shiner,,
NTR,Notropis heterolepis,Blacknose shiner,,
NTS,Notropis nubilus,Ozark minnow,,
NTT,Typhlonarke tarakea,Oval electric ray,,
NTU,Notropis hudsonius,Spottail shiner,,
NTV,Notocetichthys trunovi,,,
NTW,Pennatulacea,Sea pens,,
NTX,Antalis entale,Occidental tuskshell,,
NTY,Typhlonarke aysoni,Blind electric ray,,
NTZ,Natica euzona,Beautifully-banded moon snail,,Natice à belles bandes
NUA,Clinus acuminatus,Sad klipfish,,
NUB,Netuma barba,White sea catfish,,
NUC,Chalcalburnus chalcoides,Danube bleak,,
NUD,Aspidontus dussumieri,Lance blenny,,
NUE,Panulirus echinatus,Brown spiny loster,Langosta marrón,Langouste brune
NUF,Prionurus biafraensis,Biafra doctorfish,,
NUG,Panulirus gracilis,Green spiny lobster,Langosta barbona,Langouste verte
NUH,Paracanthurus hepatus,Palette surgeonfish,,
NUI,Triacanthus biaculeatus,Short-nosed tripodfish,,
NUJ,Panulirus japonicus,Japanese spiny lobster,Langosta japonesa,Langouste japonaise
NUK,Nautilus pompilius,Emperor nautilus,Nautilo común,Nautile flammé
NUL,Panulirus laevicauda,Smoothtail spiny lobster,Langosta verde,Langouste indienne
NUM,Neoeucirrhichthys maydelli,,,
NUN,Antennablennius adenensis,Aden blenny,,
NUO,Blennius ocellaris,Butterfly blenny,,
NUP,Panulirus penicillatus,Pronghorn spiny lobster,Langosta horquilla,Langouste fourchette
NUQ,Anomura,Anomuran decapods nei,Decápodos anomura nep,Décapodes anomura nca
NUR,Panulirus ornatus,Ornate spiny lobster,Langosta ornamentada,Langouste ornée
NUS,Nudiantennarius subteres,Deep-water frogfish,,
NUT,Panulirus interruptus,Mexican spiny loster,Langosta mexicana,Langouste mexicaine
NUU,Panulirus inflatus,Blue spiny lobster,Langosta azul,Langouste bleue
NUV,Panulirus versicolor,Painted spiny lobster,Langosta colorete,Langouste barriolée
NUW,Blennius spp,,,
NUX,Nautilus macromphalus,Bellybutton nautilus,Nautilo ombligo,Nautile bouton
NUY,Nuttallia obscurata,Varnish clam,,
NUZ,Ctenocidaris nutrix,,,
NVA,Neverita albumen,Eggwhite moon snail,,Natice blanc d'oeuf
NVC,Naevochromis chrysogaster,,,
NVE,Neverita peselephanti,Elephant's-foot moon snail,,Natice patte-d'éléphant
NVH,Novumbra hubbsi,Olympic mudminnow,,
NVJ,Neverita josephinia,Josephine's moon-shell,Caracol Josefina,Natice de Josephine
NVM,Novaculichthys macrolepidotus,Seagrass wrasse,,
NVP,Venefica proboscidea,Whipsnout sorcerer,,
NVX,Liponema spp,,,
NWD,Niwaella delicata,,,
NWP,Transennella pannosa,Fine clam,Concha fina,
NWS,Scolopsis taeniatus,Black-streaked monocle bream,,Mamila dos noir
NWX,Lepidotheca spp,Spiny white hydrocorals nei,,
NXA,Nannocharax altus,,,
NXB,Neoodax balteatus,,,
NXC,Caranx caballus,Green jack,,
NXD,Echinotrix diadema,Crowned sea urchin,,
NXF,Nexilosus latifrons,Coquito sergeant,,
NXH,Caranx heberi,Blacktip trevally,,
NXI,Caranx ignobilis,Giant trevally,Jurel gigante,Carangue têtue
NXK,Echinotrix calamaris,Harpooner sea urchin,,
NXL,Caranx latus,Horse-eye jack,,
NXM,Caranx melampygus,Bluefin trevally,Jurel de aleta azul,Carangue aîle bleue
NXN,Caranx caninus,Pacific crevalle jack,,
NXO,Notothenia spp,Notothenia nei,Notothenia nep,Notothenia nca
NXP,Caranx papuensis,Brassy trevally,,
NXS,Caranx senegallus,Senegal jack,,
NXT,Caranx tille,Tille trevally,,
NXU,Caranx lugubris,Black jack,,
NXV,Neaxius vivesi,Small pink lobster,Langostilla rosada,Petite langouste rose
NXX,Pododesmus spp,,,
NYA,Tanyemblemaria alleni,Slender blenny,,
NYB,Nyassachromis breviceps,,,
NYC,Pleuronichthys cornutus,Ridged-eye flounder,,
NYD,Pleuronichthys decurrens,Curlfin sole,Platija aleta de rizo,
NYE,Sciadonus cryptophthalmus,,,
NYH,Notothenia cyanobrancha,Blue rockcod,,
NYJ,Nymphon brachyrhynchum,,,
NYK,Nybelinella erikssoni,,,
NYL,Ancylopsetta cycloidea,Cyclope flounder,,
NYM,Notothenia marionensis,Lobe-lip notothen,,
NYN,Hanleya hanleyi,Eastern hanleya,,
NYO,Neatypus obliquus,Western footballer,,
NYP,Nyctiphanes capensis,,,
NYR,Ancylopsetta dendritica,Three-spot flounder,Lenguado tres ojos,Rite à trois yeux
NYS,Nanichthys simulans,Dwarf saury,,
NYU,Nyctiphanes australis,,,
NYV,Pleuronichthys verticalis,Hornyhead turbot,,
NYX,Nematocarcinus spp,Spider prawns nei,,
NYY,Nedystoma dayi,Day's catfish,,
NYZ,Nephtheidae,,,
NZA,Nezumia aequalis,Common Atlantic grenadier,Granadero liso,Grenadier lisse
NZB,Nezumia bairdi,Marlin-spike grenadier,Granadero narizón,Grenadier de Baird
NZC,Nezumia condylura,,,
NZD,Nezumia duodecim,Twelve-rayed grenadier,,
NZE,Nezumia stelgidolepis,California grenadier,,
NZH,Neanthes kerguelensis,,,
NZI,Nezumia liolepis,Smooth grenadier,,
NZK,Nitzschia closterium,,,
NZL,Nezumia latirostrata,Broadsnout grenadier,,
NZM,Nezumia micronychodon,Smalltooth grenadier,,
NZN,Neozoarces steindachneri,,,
NZO,Nezumia convergens,Peruvian grenadier,,
NZP,Nezumia proxima,Short-tail grenadier,,
NZR,Nezumia loricata,Parrot grenadier,,
NZS,Nezumia sclerorhynchus,Roughtip grenadier,,
NZT,Nezumia orbitalis,Spectacled grenadier,,
OAA,Acanthonus armatus,,,
OAB,Pomatoschistus bathi,,,
OAC,Tonna canaliculata,Channeled tun,,Tonne canaliculée
OAD,Apagesoma delosommatus,,,
OAE,Allosmerus elongatus,Whitebait smelt,,
OAF,Colisa fasciatus,Banded gourami,,
OAG,Abyssobrotula galatheae,,,
OAH,Ostrea atherstonei,Red flat oyster,,
OAI,Pomacanthus imperator,Emperor angelfish,,
OAJ,Solenocera algoensis,Algoa shrimp,,
OAK,Saccostrea kegaki,Kegaki oyster,,
OAL,Solea senegalensis,Senegalese sole,Lenguado senegalés,Sole du Sénégal
OAM,Solea impar,Adriatic sole,,
OAN,Pomacanthus annularis,Bluering angelfish,,
OAO,Solea ovata,Ovate sole,,
OAP,Palaemon pandaliformis,Potitinga prawn,Camarón potitinga,Bouquet potitinga
OAQ,Ostreola equestris,Crested oyster,,
OAR,Caprichthys gymnura,Rigid boxfish,,
OAS,Solea nasuta,Snouted sole,,
OAT,Homola barbata,Homole crab,Homola,Homole
OAU,Aracana aurita,Striped cowfish,,
OAV,Pomacanthus asfur,Arabian angelfish,,
OAW,Osilinus atratus,,Burgado hembra,
OAX,Polydactylus sextarius,Blackspot threadfin,Barbudo de mancha negra,Barbure à tâche noire
OAY,Oman ypsilon,Oman blenny,,
OAZ,Pomacanthus maculosus,Yellowbar angelfish,,
OBA,Obliquichthys maryannae,Oblique-swimming triplefin,,
OBB,Brienomyrus brachyistius,,,
OBC,Osteobrama cotio,,,
OBD,Pomatoschistus microps,Common goby,,Gobie commun
OBE,Bathylychnops exilis,Javelin spookfish,,
OBF,Ostrea puelchana,,,
OBG,Bassogigas gillii,,,
OBH,Heteroscyllium colcloughi,Bluegray carpetshark,Tiburón ciego gris,Requin aveugle gris-bleu
OBI,Barathrites iris,,,
OBJ,Scomberoides tol,Needlescaled queenfish,Jurel saltarín,Sauteur leurre
OBK,Brotula clarki,,,
OBL,Osteobrama belangeri,,,
OBM,Scomberoides commersonnianus,Talang queenfish,Jurel saltador,Sauteur talang
OBN,Scrobicularia plana,Peppery furrow,Almeja de perro,Lavignon poivre
OBO,Bassozetus compressus,,,
OBP,Bathyonus laticeps,,,
OBQ,Procambarus spp,Procambarus crayfishes nei,Cangrejos río Procambarus nep,Écrevisses Procambarus nca
OBR,Benthocometes robustus,,,
OBS,Scombrops boops,Gnomefish,,
OBT,Scomberoides tala,Barred queenfish,Jurel carsia,Sauteur carsia
OBU,Rosenblattia robusta,,,
OBV,Brotulotaenia brevicauda,,,
OBW,Brachaelurus waddi,Blind shark,Tiburón ciego de roca,Requin aveugle des roches
OBX,Ocenebra erinacea,Hedge hog murex,Cornetilla,Murex érinace
OBY,Scomberoides lysan,Doublespotted queenfish,Jurel sable,Sauteur sabre
OBZ,Pomatoschistus minutus,Sand goby,Gobio de arena,Gobie des sables
OCA,Otocinclus affinis,Golden otocinclus,,
OCB,Apocryptes bato,,,
OCC,Octopus vulgaris,Common octopus,Pulpo común,Pieuvre
OCD,Chaenophryne draco,Smooth dreamer,,
OCE,Ochetobius elongatus,,,
OCF,Poecilopsetta colorata,Coloured righteye flounder,,
OCG,Orinocodoras eigenmanni,,,
OCH,Ostrea chilensis,Chilean flat oyster,Ostra chilena,Huître plate chilienne
OCI,Oreochromis malagarasi,,,
OCJ,Pteroctopus tetracirrhus,Fourhorn octopus,Pulpo cuatro cuernos,Poulpe à quatre cornes
OCK,Occella kasawai,,,
OCL,Cherublemma emmelas,Black brotula,,
OCM,Eledone spp,Horned and musky octopuses,Pulpos blancos y almizclados,Élédones communes et musquées
OCN,Octopus macropus,White-spotted octopus,Pulpo patudo,Poulpe tacheté
OCO,Oceanites oceanicus,Wilson's storm petrel,Paíño de Wilson,Océanite de Wilson
OCP,Ocosia apia,,,
OCQ,Octopus conispadiceus,Chestnut octopus,Pulpo espadaña,Poulpe casse-noix
OCR,Poroclinus rothrocki,Whitebarred prickleback,,
OCS,Carcharhinus longimanus,Oceanic whitetip shark,Tiburón oceánico,Requin océanique
OCT,Octopodidae,"Octopuses, etc. nei","Pulpitos, pulpos nep","Pieuvres, poulpes nca"
OCU,Apocryptodon madurensis,,,
OCV,Apodocreedia vanderhorsti,Longfin burrower,,
OCW,Octopus neglectus,,,
OCX,Orectolobiformes,Carpet sharks,,
OCY,Chilara taylori,Spotted cusk-eel,,
OCZ,Octopus spp,Octopuses nei,Pulpos nep,Poulpes nca
ODA,Odontocharacidium aphanes,,,
ODB,Dolichopteryx binocularis,,,
ODC,Odonteleotris macrodon,,,
ODD,Ocypode cordimanus,Common ghost crab,,
ODE,Ostrea denticulata,Denticulate rock oyster,Ostra denticulada,Huître plate de Guinée
ODF,Odontanthias flagris,,,
ODG,Odontostilbe gracilis,,,
ODH,Odontaspis noronhai,Bigeye sand tiger shark,Solrayo ojigrande,Requin noronhai
ODI,Dicrolene intronigra,,,
ODJ,Choerodon schoenleinii,Blackspot tuskfish,,
ODK,Ocypode ceratophthalmus,Horned ghost crab,,
ODL,Oedalechilus labeo,Boxlip mullet,,
ODM,Odontostomops normalops,,,
ODN,Odontoceti,Toothed whales nei,Ballenas odontocetas nep,Baleines odontocètes nca
ODO,Opsodoras boulengeri,,,
ODP,Polydactylus opercularis,Yellow bobo,Barbudo amarillo,Barbure jaune
ODQ,Pododesmus cepio,Abalone jingle shell,Cascabel abalon,Anomie cascabelle
ODR,Odontesthes regia,Chilean silverside,Pejerrey de mar,Athérine chilienne
ODS,Polydactylus plebeius,Striped threadfin,Barbudo rayado,Barbure rayé
ODT,Dannevigia tusca,Australian tusk,,
ODU,Odontomacrurus murrayi,Roundhead grenadier,,
ODV,Podophthalmus vigil,Periscope crab,,
ODW,Ostrea denselamellosa,Japanese flat oyster,,
ODX,Odontoscion xanthops,Yelloweye croaker,,
ODY,Odontodactylus scyllarus,Reef odontoactylid mantis shri,,
ODZ,Oedalechilus labiosus,Hornlip mullet,Lisa morruda,Mulet labéon
OEA,Oreochromis aureus,Blue tilapia,Tilapia azul,
OEB,Doederleinia berycoides,,,
OEC,Capoeta capoeta,,,
OED,Capoeta damascina,,,
OEE,Oedemognathus exodon,,,
OEF,Epetriodus freddyi,,,
OEG,Oreochromis angolensis,,,
OEH,Oreochromis hunteri,,,
OEI,Oreochromis lidole,,,
OEJ,Oreochromis jipe,,,
OEK,Capoetobrama kuschakewitschi,Sharpray,,
OEL,Oreochromis alcalicus,Magadi tilapia,,
OEM,Oreochromis amphimelas,,,
OEN,Carassioides cantonensis,,,
OEO,Oreochromis karongae,,,
OEP,Oreochromis lepidurus,,,
OEQ,Euryalida,Basket stars,,
OER,Oreochromis karomo,Karomo,,
OES,Oreochromis esculentus,,,
OET,Oreochromis leucostictus,,,
OEU,Oreochromis chungruruensis,,,
OEV,Oreochromis variabilis,,,
OEW,Oreochromis korogwe,,,
OEX,Solen rostriformis,Rostrate jackknife,Navaja rostrada,Couteau rostre
OEY,Mormyridae,Elephantsnout fishes nei,,
OEZ,Choerodon azurio,,,
OFA,Ophisternon aenigmaticum,Obscure swamp eel,Anguila falsa,
OFB,Ophthalmotilapia boops,,,
OFC,Ommastrephes caroli,Webbed flying squid,Pota velera,Encornet carol
OFD,Choerodon robustus,Robust tuskfish,Vieja robusta,Maldague robuste
OFE,Ommastrephes pteropus,Orangeback flying squid,Pota naranja,Encornet dos orange
OFF,Ophiogobius ophicephalus,,,
OFG,Otopharynx argyrosoma,,,
OFH,Porphyra umbilicalis,Pink laver,,
OFI,Pontophilus spinosus,Spiny shrimp,Camarón espinudo,Crevette épine
OFJ,Ommastrephes bartrami,Neon flying squid,Pota saltadora,Encornet volant
OFK,Porphyra dioica,,,
OFL,Coryphopterus alloides,Barfin goby,,
OFM,Ophiocara macrolepidota,,,
OFN,Porphyra linearis,Ribboned nori,Cinta colorada,Nori-lancette
OFO,Ostrea lurida,Yaquina oyster,Ostra yaquina,Huître plate yaquina
OFP,Ophieleotris aporos,Snakehead gudgeon,,
OFQ,Porphyra purpurea,Purple laver,,
OFR,Omegophora armilla,Ringed toadfish,,
OFT,Ophioblennius atlanticus,,,
OFU,Porphyra leucosticta,Spotted nori,Lechuga roja,Nori mosaique
OFV,Apodichthys flavidus,Penpoint gunnel,,
OFW,Choerodon spp,Tuskfishes nei,Viejas nep,Maldagues nca
OFX,Porphyra laciniata,,,
OFY,Octopus fangsiao,,,
OGA,Apogonops anomalus,Three-spined cardinalfish,,
OGB,Loligo beka,Beka squid,Calamar beka,Calmar cracheur
OGC,Oregonichthys crameri,Oregon chub,,
OGD,Oreoglanis delacouri,,,
OGE,Pronotogrammus eos,Bigeye bass,,
OGF,Apogon fasciatus,Broadbanded cardinalfish,,
OGG,Onigocia grandisquama,,,
OGH,Porogobius schlegelii,,,
OGI,Coryogalops adamsoni,Adamson's goby,,
OGJ,Glyptophidium japonicum,,,
OGK,Loligo bleekeri,Spear squid,Calamar lanceolado,Calmar lancette
OGL,Corcyrogobius liechtensteini,,,
OGM,Osteogeneiosus militaris,Soldier catfish,,
OGN,Gymnarchus niloticus,Aba,,
OGO,Ogcocephalus corniger,Longnose batfish,,
OGP,Pogonoperca punctata,,,
OGQ,Ostrea angasi,Australian mud oyster,,
OGR,Ogyrides orientalis,Telescope shrimp,Camarón telescopio,Crevuche télescope
OGS,Apogon semilineatus,Half-lined cardinal,,
OGT,Apogon imberbis,Cardinal fish,Salmonete real,Coq
OGU,Oligolepis acutipennis,Sharptail goby,,
OGV,Pinnoctopus cordiformis,,,
OGW,Odontesthes spp,,,
OGX,Apogonichthys perdix,Perdix cardinalfish,,
OGY,Ogilbia cayorum,Key brotula,,
OGZ,Crassostrea gasar,Gasar cupped oyster,Ostión gasar,Huître creuse gasar
OHA,Hiodon tergisus,Mooneye,,
OHB,Scleropages formosus,Asian bonytongue,Pez lengüihueso malayo,Scléropage d'Asie
OHC,Oreichthys cosuatis,,,
OHD,Ophioscion adustus,,,
OHE,Holcomycteronus aequatoris,,,
OHF,Ophthalmolycus bothriocephalus,,,
OHG,Hoplobrotula gnathopus,False kinglip,,
OHH,Arothron hispidus,White-spotted puffer,,
OHI,Oreochromis pangani,,,
OHJ,Pomachromis fuscidorsalis,Tahitian reef-damsel,,
OHK,Oreochromis saka,,,
OHL,Ochmacanthus alternus,,,
OHM,Orthodon microlepidotus,Sacramento blackfish,,
OHN,Hypopleuron caninum,,,
OHO,Oreochromis mortimeri,Kariba tilapia,,
OHP,Ophioscion punctatissimus,Spotted croaker,,
OHQ,Aporrhais pespelecani,Common pelican-foot,Pie de pelicano,Pied de pélican
OHR,Homostolus acer,,,
OHT,Bothus constellatus,Pacific eyed flounder,,
OHU,Oreochromis placidus,Black tilapia,,
OHW,Oreochromis rukwaensis,,,
OHX,Aporrhais serresianus,Serre's pelican-foot,Pie de ganso,Anserine de Serres
OHY,Coranthus polyacanthus,,,
OHZ,Ophthalmolycus spp,,,
OIA,Anostomoides laticeps,,,
OIB,Oidiphorus brevis,,,
OIC,Aesopia cornuta,Unicorn sole,,
OID,Opisthocentrus dybowskii,,,
OIE,Scorpis aequipinnis,Sea sweep,,
OIF,Soletellina diphos,Diphos sanguin,,Sanguinolaire diphos
OIG,Colistium guntheri,,,
OIH,Oreochromis shiranus,,,
OII,Cloridopsis dubia,Mud mantis,Galera de estero,Squille de lagune
OIJ,Moroteuthis ingens,Greater hooked squid,Lurión común,Cornet commun
OIK,Solieria chordalis,False sea pine,Falso pino de mar,Fausse épinette
OIL,Ruvettus pretiosus,Oilfish,Escolar clavo,Rouvet
OIM,Pocillopora damicornis,Cauliflower coral,Coral coliflor,Corail choufleur
OIN,Colistium nudipinnis,,,
OIO,Poecilopsetta albomaculata,,,
OIP,Oreochromis upembae,,,
OIQ,Oreochromis squamipinnis,,,
OIR,Cloridopsis scorpio,Spotted squillid mantis shrimp,,
OIS,Oreochromis salinicola,,,
OIT,Oreochromis tanganicae,,,
OIU,Opistognathus aurifrons,Yellowhead jawfish,,
OIV,Scorpis violacea,Blue maomao,,
OIW,Oreochromis schwebischi,,,
OIX,Pocillopora verrucosa,Rasp coral,Coral raspa,Corail lime
OIY,Pocillopora eydouxi,Elkhorn cora,Cuerno de anta,Corne d'elan
OIZ,Ophioderma longicauda,,,
OJA,Austrorossia antillensis,Antilles bobtail squid,Globito antillano,Sépiole mignonne
OJB,Austrorossia bipapillata,Big-eyed bobtail squid,Globito ojos grandes,Sépiole à gros yeux
OJC,Oxyjulis californica,Señorita,,
OJD,Loligo duvauceli,Indian squid,Calamar índico,Calmar indien
OJE,Loligo edulis,Swordtip squid,Calamar espada,Calmar épée
OJF,Ophiocten amitinum,,,
OJG,Austrorossia australis,Big bottom bobtail squid,Globito austral,Sépiole australe
OJH,Loligo chinensis,Mitre squid,Calamar mitrado,Calmar mitre
OJI,Loligo sibogae,Siboga squid,Calamar siboga,Calmar siboga
OJJ,Loligo japonica,Japanese squid,Calamar japonés,Calmar japonais
OJK,Loligo kobiensis,Kobi squid,Calamar kobí,Calmar kobi
OJL,Loligo ocula,Bigeye inshore squid,Calamar ojigrande,Calmar à gros yeux
OJM,Loligo surinamensis,Surinam squid,Calamar surinamés,Calmar du Surinam
OJN,Uroteuthis singhalensis,Long barrel squid,Calamar buril,Calmar baril
OJO,Loligo plei,Slender inshore squid,Calamar flecha,Calmar flèche
OJP,Rossia pacifica,North Pacific bobtail squid,Globito del Pacífico boreal,Sépiole du Pacifique boréal
OJQ,Pocillopora meandrina,Brocoli coral,Coral brocoli,Corail brocoli
OJR,Loligo roperi,Island inshore squid,Calamar insular,Calmar créole
OJS,Loligo sanpaulensis,Sao Paulo squid,Calamar de Sao Paulo,Calmar de Sao Paulo
OJT,Rossia tortugaensis,Tortuga bobtail squid,Globito de Tortugas,Sépiole de la Tortue
OJU,Rossia bullisi,Bully bobtail squid,Globito cabezudo,Sépiole bouledogue
OJV,Ophiomisidium speciosum,,,
OJX,Oplegnathus spp,,,
OJY,Loligo uyii,Little squid,Calamar balilla,Calmar mignon
OJZ,Ombellula spp,,,
OKA,Ornithoteuthis antillarum,Atlantic bird squid,Pota pajara,Encornet oiseau
OKB,Ompok bimaculatus,Butter catfish,,
OKC,Macoma constricta,Constricted macoma,,
OKD,Loliolopsis diomedeae,Dart squid,Calamar dardo,Calmar fléchette
OKE,Octopus tetricus,Gloomy octopus,Pulpo tétrico,Poulpe sombre
OKF,Solieria filiformis,,,
OKG,Plocamium cartilagineum,Plocamium,Plocamio,Plocamium
OKH,Octopus tehuelchus,Tehuelche octopus,Pulpo tehuelche,Poulpe téhuelche
OKI,Orconectes immunis,Calico crayfish,,
OKJ,Octopus variabilis,Whiparm octopus,Pulpo antenado,Poulpe fouet
OKK,Tonicia schrammi,Gold-flecked chiton,,
OKL,Ornithoteuthis volatilis,Shiny bird squid,Pota planeadora,Encornet planeur
OKM,Polinices mammilla,Pear-shaped moon snail,,Natice pyriforme
OKN,Orconectes nais,,,
OKO,Orconectes propinquus,Northern clearwater crayfish,,
OKP,Ompok pabda,,,
OKQ,Pterocladiella capillacea,Spanish agar,Agar plumoso,Agar penne
OKR,Orconectes rusticus,Rusty crayfish,,
OKS,Octopoteuthis sicula,Ruppell's octopus squid,Pulpito volador,Encornet-poulpe de Ruppell
OKT,Octopus tenuicirrus,,,
OKU,Polinices melanostomus,Blackmouth moon snail,,Natice bouche-noire
OKV,Orconectes virilis,Virile crayfish,,
OKW,Coreoperca kawamebari,,,
OKX,Oneirodidae,Dreamers nei,,
OKY,Polinices didyma,Bladder moon snail,,Natice bicolore
OKZ,Octopus zonatus,Atlantic banded octopus,Pulpo acebrado,Poulpe zèbre
OLA,Lepophidium aporrhox,,Perla lucia,Brotule sombre
OLB,Lamprogrammus brunswigi,,,
OLC,Polymetme corythaeola,,,
OLD,Collichthys lucidus,,,
OLE,Polycentropsis abbreviata,African leaffish,,
OLF,Oplegnathus fasciatus,,,
OLG,Oligoplites refulgens,Shortjaw leatherjacket,Zapatero raspa balsa,Sapater violine
OLH,Oligosarcus hepsetus,,,
OLI,Oligoplites saurus,Leatherjacket,Zapatero sietecueros,Sauteur cuir
OLJ,Solea humilis,,,
OLK,Solea bleekeri,Blackhand sole,,
OLL,Leuropharus lasiops,Acned snake-eel,,
OLM,Pollichthys mauli,,,
OLN,Collichthys niveatus,,,
OLO,Lactoria cornuta,Longhorn cowfish,,
OLP,Oligoplites palometa,Maracaibo leatherjacket,Zapatero palometa,Sauteur palomette
OLQ,Portlandia isonota,Kerguelen nut shell,Portlandia de Kerguelen,Portlandia de Kerguelen
OLR,Luciobrotula bartschi,,,
OLS,Oligoplites saliens,Castin leatherjacket,Zapatero castín,Sauteur castin
OLT,Oligoplites altus,Longjaw leatherjacket,Zapatero sierrita,Sauteur pelon
OLU,Oloplotosus luteus,Pale yellow tandan,,
OLV,Paromola cuvieri,Paromola,Paromola,Paromole
OLW,Ophionotus hexactis,,,
OLX,Polydactylus sexfilis,Sixfinger threadfin,Barbudo de seis dedos,Barbure à six doigts
OLY,Oligocottus snyderi,Fluffy sculpin,,
OLZ,Polinices sebae,Seba's moon snail,,Natice de Seba
OMA,Marcusenius macrolepidotus,Bulldog,,
OMB,Boulengeromyrus knoepffleri,,,
OMC,Campylomormyrus elephas,,,
OMD,Pollimyrus isidori,,,
OME,Petrocephalus catostoma,Churchill,,
OMF,Muraenichthys gymnotus,Indo-Pacific slender worm-eel,,
OMG,Genyomyrus donnyi,,,
OMH,Gnathonemus petersii,Elephantnose fish,,
OMI,Isichthys henryi,,,
OMJ,Paramormyrops jacksoni,Ghost stonebasher,,
OMK,Pomacentrus bankanensis,Speckled damselfish,,
OML,Ocynectes maschalis,,,
OMM,Ommastrephes spp,Flying squids nei,Potas voladoras nep,Faux encornets nca
OMN,Monomitopus agassizii,,,
OMO,Mormyrus rume,,,
OMP,Hippopotamyrus discorhynchus,Zambesi parrotfish,,
OMQ,Macropinna microstoma,Barreleye,,
OMR,Marcusenius abadii,,,
OMT,Stomatorhinus ater,,,
OMU,Hyperopisus bebe,,,
OMV,Ivindomyrus opdenboschi,,,
OMW,Omosudis lowei,Omosudid,,
OMX,Solemya togata,Mediterranean awning clam,Navaja dentada,Solemye méditerranéenne
OMY,Heteromormyrus pauciradiatus,,,
OMZ,Ommastrephidae,Ommastrephidae squids nei,Potas Ommastrephidae nep,Encornets Ommastrephidae nca
ONA,Oncorhynchus aguabonita,Golden trout,,Truite dorée
ONB,Odondebuenia balearica,Coralline goby,,
ONC,Oncorhynchus clarki,Cutthroat trout,,
OND,Neenchelys daedalus,,,
ONE,Neocyttus helgae,,,
ONF,Spondylus calcifer,Donkey thorny oyster,Ostra espinosa burrica,Spondyle épineux
ONG,Oncorhynchus gilae,Gila trout,,
ONH,Oncorhynchus apache,Apache trout,,
ONI,Odonus niger,Red-toothed triggerfish,,
ONJ,Solenocera acuminata,,,
ONK,Solen lamarckii,Lamarck's razor shell,,Couteau de Lamarck
ONL,Onychostoma alticorpus,Taiwan ku fish,,
ONM,Arothron mappa,Map puffer,,
ONN,Notopterus notopterus,Bronze featherback,,
ONO,Oreonectes anophthalmus,,,
ONP,Papyrocranus afer,Reticulate knifefish,,
ONQ,Palaemon northropi,Caribbean bait prawn,Camarón cebador,Bouquet zélateur caraïbe
ONR,Oncorhynchus rhodurus,,,
ONS,Neobythites analis,Black-edged cusk-eel,,
ONT,Conta conta,,,
ONU,Polynemus paradiseus,Paradise threadfin,Barbudo paraíso,Barbure paradis
ONV,Neocyttus rhomboidalis,Spiky oreo,,
ONW,Oncopterus darwinii,Remo flounder,,
ONX,Xenomystus nigri,African knifefish,,
ONY,Oncorhynchus chrysogaster,Mexican golden trout,,
ONZ,Pontocaris lacazei,Hardshell shrimp,Camarón de casco,Crevette crâne
OOA,Ophidion barbatum,Snake blenny,,
OOB,Osteoglossum bicirrhosum,Arawana,,
OOC,Otophidium chickcharney,,,
OOD,Oplopomops diacanthus,Hole goby,,
OOE,Osopsaron natalensis,,,
OOF,Ocypode africana,African ghost crab,Capuco africano,Ocypode africain
OOG,Ophichthus gomesii,Shrimp eel,,
OOH,Ophichthus remiger,Punctuated snake-eel,Tieso punteado,Serpenton pointillé
OOI,Opisthoproctus grimaldii,Mirrorbelly,,
OOJ,Palaemon ortmanni,Gladiator prawn,Camarón gladiador,Bouquet gladiateur
OOK,Ocypode cursor,Tufted ghost crab,Capuco de mechon,Ocypode pénicillée
OOL,Opisthoproctus soleatus,Barrel-eye,,
OOM,Ophisurus macrorhynchus,,,
OON,Oneirodes acanthias,Spiny dreamer,,
OOO,Omobranchus anolius,,,
OOP,Crossosalarias macrospilus,Tripplespot blenny,,
OOQ,Spondylus squamosus,Ducal thorny oyster,,Spondyle ducal
OOR,Ophichthus rufus,Rufus snake-eel,,
OOS,Ophisurus serpens,Serpent eel,,
OOT,Oreosoma atlanticum,Ox-eyed oreo,,
OOU,Odontobutis obscura,,,
OOV,Oneirodes notius,,,
OOW,Saloptia powelli,Golden grouper,Mero dorado,Mérou d'or
OOX,Solenosteira gatesi,Gates' goblet,Caracolillo de Gates,Buccin de Gates
OOY,Ophiurida,Brittle and snake stars,,
OPA,Paraletharchus pacificus,Sailfin eel,,
OPB,Pantodon buchholzi,Freshwater butterflyfish,,
OPC,Cirrhoscyllium expolitum,Barbelthroat carpetshark,Alfombrera barbuda,Requin carpette à moustache
OPD,Opsariichthys bidens,,,
OPE,Parascyllium ferrugineum,Rusty carpetshark,Alfombrera mohosa,Requin carpette roux
OPF,Cirrhoscyllium formosanum,Taiwan saddled carpetshark,Alfombrera de Taiwan,Requin carpette chin
OPG,Opaeophacus acrogeneius,,,
OPH,Ophidiidae,"Cusk-eels, brotulas nei","Brótulas, congribadejos nep","Abadèches, brotules nca"
OPI,Pisodonophis cancrivorus,Longfin snake-eel,,
OPJ,Cirrhoscyllium japonicum,Saddle carpetshark,Alfombrera japonesa,Requin carpette chat
OPK,Parophidion schmidti,Dusky cusk-eel,Congriperla parda,
OPL,Opsaridium microlepis,Lake salmon,,
OPM,Opisthonema medirastre,Middling thread herring,Machuelo hebra mediana,Chardin pinchague
OPN,Opostomias micripnus,,,
OPO,Phaenomonas cooperae,Short-maned sand-eel,,
OPP,Sebastes alutus,Pacific ocean perch,Gallineta del Pacífico,Sébaste du Pacifique
OPQ,Opsopoeodus emiliae,Pugnose minnow,,
OPR,Pisodonophis boro,Rice-paddy eel,Tieso de los arrozales,Serpenton des rizières
OPS,Pseudomyrophis atlanticus,,,
OPT,Macrozoarces americanus,Ocean pout,,Loquette d'Amérique
OPU,Opisthonema bulleri,Slender thread herring,Machuelo hebra crinudo,Chardin crin
OPV,Parascyllium variolatum,Necklace carpetshark,Alfombrera colarina,Requin carpette à collier
OPW,Penopus microphthalmus,,,
OPX,Phyllophichthus xenodontus,Flappy snake-eel,,
OPY,Parascyllium collare,Collared carpetshark,Alfombrera collareja,Requin carpette à collarette
OPZ,Copadichromis azureus,,,
OQA,Crella incrustans,Orange frond sponge,,
OQB,Octopus lobensis,Lobed octopus,Pulpo lobero,Poulpe séganliou
OQC,Octopus cyaneus,Big blue octopus,Pulpo azulón,Gros poulpe bleu
OQD,Octopus defilippi,Lilliput longarm octopus,Pulpito patilargo,Poulpe à longs bras
OQE,Oratosquillina perpensa,Common squillid mantis shrimp,,
OQF,Octopus dolfleini,North Pacific giant octopus,Pulpo gigante,Poulpe géant
OQG,Oratosquillina gravieri,Vietnamese squillid mantis shr,,
OQH,Octopus hummelincki,Bumblebee octopus,Pulpo abejorro,Poulpe bourdon
OQI,Octopus minor,,,
OQJ,Octopus joubini,Pygmy octopus,Pulpo pigmeo,Poulpe pygmé
OQL,Octopus globosus,Globe octopus,Pulpo globoso,Poulpe globe
OQM,Oratosquilla massavensis,Red sea mantis shrimp,Galera del mar Rojo,Squille de la mer rouge
OQN,Octopus selene,Moon octopus,Pulpo lunero,Poulpe lune
OQO,Oratosquilla oratoria,Japanese squillid mantis shrim,,
OQP,Quassiremus polyclitellum,,,
OQQ,Oratosquillina quinquedentata,Fivespined squillid mantis shr,,
OQR,Octopus membranaceus,Webfoot octopus,Pulpo membranoso,Poulpe à quatre yeux
OQS,Oratosquillina solicitans,Variable squillid mantis shrim,,
OQT,Octopus salutii,Spider octopus,Pulpo arana,Poulpe de Saluzzi
OQU,Octopus dollfusi,Marbled octopus,Pulpo marmóreo,Poulpe nain
OQV,Octopus oliveri,,,
OQW,Ophiura ambigua,,,
OQX,Chiloscyllium spp,Bamboosharks nei,,
OQY,Octopus maya,Mexican four-eyed octopus,Pulpo mexicano,Poulpe mexicain
ORA,Chiloscyllium arabicum,Arabian carpetshark,Bamboa arábiga,Requin-chabot camot
ORB,Chiloscyllium punctatum,Brownbanded bambooshark,Bamboa estriada,Requin-chabot bambou
ORC,Oncorhynchus spp,Pacific salmons nei,Salmones del Pacífico nep,Saumons du Pacifique nca
ORD,Oreosomatidae,Oreo dories nei,Oreós nep,Oréos nca
ORE,Eucrossorhinus dasypogon,Tasselled wobbegong,Tapicero barbudo,Requin-tapis barbu
ORF,Hemiscyllium freycineti,Indonesia speckled carpetshark,Bamboa jaspeada,Requin-chabot grivelé
ORG,Tubipora musica,Organpipe coral,,
ORH,Chiloscyllium plagiosum,Whitespotted bambooshark,Bamboa punteada,Requin-chabot taches blanches
ORI,Chiloscyllium indicum,Slender bambooshark,Bamboa elegante,Requin-chabot élégant
ORJ,Orectolobus japonicus,Japanese wobbegong,Tapicero japonés,Requin-tapis moustache
ORK,Hemiscyllium hallstromi,Papuan epaulette shark,Bamboa hombrera,Requin-chabot épaulette
ORL,Orconectes limosus,Spinycheek crayfish,,Écrevisse américaine
ORM,Oreochromis macrochir,Longfin tilapia,,
ORN,Hemiscyllium ocellatum,Epaulette shark,Bamboa ocellada,Requin-chabot ocellé
ORO,Orectolobus ornatus,Ornate wobbegong,Tapicero ornamentado,Requin-tapis paste
ORP,Chiloscyllium caerulopunctatum,Bluespotted bambooshark,Bamboa estrellada,Requin-chabot à taches bleues
ORQ,Hemiscyllium strahani,Hooded carpetshark,Bamboa capuchona,Requin-chabot moine
ORR,Chiloscyllium griseum,Grey bambooshark,Bamboa gris,Requin-chabot gris
ORS,Sutorectus tentaculatus,Cobbler wobbegong,Tapicero zapatudo,Requin-tapis cordonnier
ORT,Orectolobus maculatus,Spotted wobbegong,Tapicero manchado,Requin-tapis tacheté
ORU,Oreochromis urolepis,Wami tilapia,,
ORV,Orectolobus wardi,Northern wobbegong,Tapicero zapatilla,Requin-tapis savetier
ORW,Hemiscyllium trispeculare,Speckled carpetshark,Bamboa moteada,Requin-chabot marquéterie
ORX,Ginglymostoma brevicaudatum,Short-tail nurse shark,Gata nodriza rabicorta,Requin nourrice à queue courte
ORY,Hoplostethus atlanticus,Orange roughy,Reloj anaranjado,Hoplostète orange
ORZ,Nebrius ferrugineus,Tawny nurse shark,Gata nodriza atezada,Requin nourrice fauve
OSA,Ariopsis assimilis,Mayan sea catfish,,
OSB,Aporops bilinearis,,,
OSC,Schultzidia johnstonensis,Johnston snake-eel,,
OSD,Osteodiscus cascadiae,Bigtail snailfish,,
OSE,Osteochilus melanopleurus,,,
OSF,Stegostoma fasciatum,Zebra shark,Tiburón acebrado,Requin zèbre
OSG,Spectrunculus grandis,,,
OSH,Ex Pinctada spp,Pearl oyster shells nei,Conchas de ostras perleras nep,Coquilles d'huîtres perl. nca
OSI,Sirembo imberbis,,,
OSJ,Scleropages jardinii,Australian bonytongue,,
OSK,Palaemon serrifer,Carpenter prawn,Camarón carpintero,Bouquet charpentier
OSL,Schismorhynchus labialis,,,
OSM,Scytalichthys miurus,Short-tailed viper-eel,,
OSN,Orthosternarchus tamandua,,,
OSO,Odontostomias masticopogon,,,
OSQ,Portunus hastatus,Lancer swimcrab,Jaiba cornuda,Étrille nageuse
OSR,Corematodus shiranus,,,
OSS,Osteochilus spilurus,,,
OST,Ostreidae,Flat and cupped oysters nei,Ostras y ostiones nep,Huîtres plates et creuses nca
OSU,Spottobrotula amaculata,,,
OSW,Osteolaemus tetraspis,African dwarf crocodile,,
OSX,Portunus gibbesii,Iridescent swimming crab,Jaiba iridescente,Crabe iridescent
OSY,Spirinchus thaleichthys,Longfin smelt,,
OSZ,Tonna sulcosa,Banded tun,,Tonne fasciée
OTA,Porcostoma dentata,Dane seabream,,
OTB,Otolithoides biauritus,Bronze croaker,,
OTC,Protemblemaria bicirris,Warthead blenny,,
OTD,Otolithoides pama,Pama croaker,,
OTE,Othos dentex,,,
OTG,Arothron meleagris,Guineafowl puffer,,
OTI,Protonibea diacanthus,Blackspotted croaker,,
OTJ,Ostracion cubicus,Yellow boxfish,,
OTK,Arothron nigropunctatus,Blackspotted puffer,,
OTL,Bothus lunatus,,,
OTM,Lutra felina,Marine otter,Nutria de mar,Loutre de mer
OTN,Bostrychus sinensis,,,
OTO,Rondeletiola minor,Lentil bobtail squid,Globito pequeño,Sépiole bobie
OTP,Orthrias panthera,,,
OTQ,Octopus briareus,Caribbean reef octopus,Pulpo de arrecife,Poulpe ris
OTR,Orthopristis ruber,Corocoro grunt,,
OTS,Enhydra lutris,Sea otter,Nutria marina,Loutre de mer d'Amérique Nord
OTT,Orthonopias triacis,Snubnose sculpin,,
OTU,Parapocryptes rictuosus,,,
OTV,Arothron stellatus,Stellate puffer,,
OTW,Protosciaena trewavasae,New Grenada drum,,
OTX,Portieria hornemannii,Clawed sea moss,,
OTY,Octopus burryi,Brownstriped octopus,Pulpo granuloso,Poulpe à rayures bleues
OTZ,Oropallene dimorpha,,,
OUA,Scopelarchus analis,,,
OUB,Bothus podas,Wide-eyed flounder,,
OUC,Oplopomus caninoides,,,
OUD,Oxuderces dentatus,,,
OUE,Portunus asper,Rough swimcrab,Jaiba aspera,Étrille rugueuse
OUF,Oxyurichthys formosanus,,,
OUG,Orestias chungarensis,,,
OUH,Oreoleuciscus handlirschi,,,
OUI,Palaemon pacificus,Indian bait prawn,Camarón celador indio,Bouquet zélateur indien
OUJ,Octopus aegina,Sandbird octopus,Pulpo reticulado,Poulpe des sables
OUK,Alloteuthis africana,African squid,Calamarín africano,Casseron africain
OUL,Alloteuthis subulata,European common squid,Calamarín picudo,Casseron commun
OUM,Alloteuthis media,Midsize squid,Calamarín menor,Casseron bambou
OUN,Bothus pantherinus,Leopard flounder,Lenguado leopardo,Rombou léopard
OUO,Bothus ocellatus,Eyed flounder,,
OUP,Ospatulus palaemophagus,,,
OUQ,Spondylus princeps,Pacific thorny oyster,Ostra espinosa del Pacífico,Spondyle princier
OUR,Cryptotomus roseus,Bluelip parrotfish,,
OUS,Protogrammus sousai,,,
OUT,Opua atherinoides,,,
OUU,Cotylopus acutipinnis,,,
OUV,Oligocarpa megalorchis,,,
OUW,Alloteuthis spp,Alloteuthis squids nei,Puntillas nep,Casserons nca
OUX,Portunus xantusii,Xantus swimcrab,Jaiba de Xantus,Étrille de Xantus
OVA,Antedon bifida,,,
OVC,Oliva caeerulea,Purplemouth olive,,Olive épiscopale
OVD,Oculina virgosa,,,
OVE,Optivus elongatus,Slender roughy,,
OVF,Oliva porphyria,Tent olive,Oliva veteada,Olive marbrée
OVG,Oliva tigrina,Tiger olive,,
OVI,Oliva miniacea,Redmouth olive,,Olive à bouche rouge
OVK,Ophidion holbrooki,Band cusk-eel,Congriperla de bajos,Brotule de banc
OVL,Oliva reticularis,Netted olice,Oliva reticulada,Olive réticulée
OVM,Corvula macrops,Vacuocua croaker,,
OVN,Oliva annulata,Amethyst olive,,Olive mouchetée
OVO,Ovula ovum,Common egg cowrie,,Ovule commune
OVP,Ovalipes punctatus,Sand crab,,
OVQ,Leptometra phalangium,,,
OVR,Oliva reticulata,Blood olive,,olive sanguine
OVS,Oliva sayana,Lettered olive,Oliva escribana,Olive écriture
OVT,Oliva tricolor,Tricolor olive,,Olive tricolore
OVU,Oliva vidua,Black olive,,Olive noire
OVV,Oliva oliva,Common olive,,Olive commune
OVW,Ophioplinthus carinata,,,
OVX,Macoma spp,,,
OWG,Owstonia grammodon,,,
OWH,Pallenopsis vanhoeffeni,,,
OWM,Odontesthes smitti,,Pejerrey de aleta amarilla,
OWP,Ophiuroidea,"Basket, brittle, snake stars",Ofiuroideos,Ophiures
OWT,Winteria telescopa,,,
OWX,Ophichthidae,Snake eels nei,"Tiesos, serpentones nep",Serpentons nca
OXA,Oxygaster anomalura,,,
OXB,Oxynotus bruniensis,Prickly dogfish,Cerdo marino agujeta,Centrine aiguille
OXC,Oxynotus caribbaeus,Caribbean roughshark,Tiburón ojinoto,Centrine antillaise
OXD,Ostracoberyx dorygenys,,,
OXE,Oxycheilinus arenatus,Speckled maori wrasse,,
OXF,Onuxodon fowleri,,,
OXH,Palaemon xiphias,Posidonia prawn,Camarón posidonia,Bouquet posidonie
OXI,Oxylebius pictus,Painted greenling,,
OXJ,Oxydoras niger,Ripsaw catfish,,
OXK,Oxydoras kneri,,,
OXL,Odaxothrissa losera,Losera fangtooth pellonuline,,
OXM,Xyelacyba myersi,,,
OXN,Oxynotus paradoxus,Sailfin roughshark,Cerdo marino velero,Humantin
OXO,Oxylapia polli,,,
OXP,Odax pullus,"Butterfish, greenbone",,
OXQ,Oligoplites spp,Leatherjackets nei,,
OXR,Xyrias revulsus,,,
OXS,Omox biporos,Omox blenny,,
OXT,Odontopyxis trispinosa,Pygmy poacher,,
OXU,Oxycirrhites typus,Longnose hawkfish,,
OXV,Oxyporhamphus convexus,Halfbeak,,
OXX,Oliva spp,,,
OXY,Oxynotus centrina,Angular roughshark,Cerdo marino,Centrine commune
OXZ,Oxynotus japonicus,Japanese roughshark,,
OYA,Crassostrea virginica,American cupped oyster,Ostión virgínico,Huître creuse américaine
OYB,Olyra burmanica,Longtail catfish,,
OYC,Crassostrea spp,Cupped oysters nei,Ostiones nep,Huîtres creuses nca
OYD,Leptomelanosoma indicum,Indian threadfin,Barbudo indio,Barbure indien
OYE,Polyamblyodon germanum,German seabream,,
OYF,Ostrea edulis,European flat oyster,Ostra europea,Huître plate européenne
OYG,Crassostrea gigas,Pacific cupped oyster,Ostión japonés,Huître creuse du Pacifique
OYH,Ostreola conchaphila,Olympia oyster,Ostra Olimpia,Huître plate Olympie
OYI,Crassostrea madrasensis,Indian backwater oyster,,
OYJ,Oryzias javanicus,Javanese ricefish,,
OYK,Yirrkala kaupii,,,
OYL,Crassostrea belcheri,Lugubrious cupped oyster,,
OYM,Crassostrea rhizophorae,Mangrove cupped oyster,Ostión de mangle,Huître creuse des Caraïbes
OYN,Saccostrea echinata,Spiny rock oyster,,
OYO,Polydactylus approximans,Blue bobo,Barbudo azul,Barbure bleu
OYQ,Ocypode rotundata,Rounded ghost crab,,
OYR,Crassostrea corteziensis,Cortez oyster,Ostra de Cortez,Huître creuse de Cortez
OYS,Saccostrea commercialis,Sydney cupped oyster,Ostra australiana,Huître creuse d'Australie
OYT,Rhynchohyalus natalensis,,,
OYU,Crassostrea rivularis,Suminoe oyster,,
OYX,Ostrea spp,Flat oysters nei,Ostras nep,Huîtres plates nca
OYY,Oxymetopon compressus,,,
OZA,Posidonia angustifolia,,,
OZB,Ophiacantha imago,,,
OZC,Ophiacantha pentactis,,,
OZD,Ophiacantha vivipara,,,
OZG,Ozius guttatus,Spottedbelly rock crab,,
OZL,Ophioderma brevispinum,,,
OZO,Posidonia oceanica,Neptune-grass,Alga de vidrieros,Posidonie méditerranéenne
OZT,Ozius tuberculosus,Beaded rock crab,,
OZU,Posidonia australis,,,
OZV,Ozius verreauxii,Punched stone crab,Cangrejo de piedra perforado,Crabe caillou perfore
OZX,Saccostrea spp,,,
OZZ,Paramaretia peloria,Microsoft mouse,,
PAA,Palaemon adspersus,Baltic prawn,Camarón báltico,Bouquet balte
PAB,Pagothenia brachysoma,Stocky rockcod,Austrobacalao mocho,Bocasson trapu
PAC,Pagellus erythrinus,Common pandora,Breca,Pageot commun
PAD,Paramisgurnus dabryanus,,,
PAE,Parmaturus macmillani,McMillan's cat shark,,
PAF,Paramphilius firestonei,,,
PAG,Paralomis granulosa,Softshell red crab,Centollón,Crabe royal hérisson
PAH,Parmaturus campechiensis,Campeche catshark,Pejegato campechano,Holbiche campèchoise
PAI,Paralomis spp,,,
PAJ,Pararasbora moltrechti,,,
PAK,Parhomaloptera microstoma,,,
PAL,Palaemonidae,Palaemonid shrimps nei,Camarones palemónidos nep,Crevettes palémonides nca
PAM,Polyodon spathula,Mississippi paddlefish,Espátula,Spatule d'Amérique
PAN,Pandalus spp,Pandalus shrimps nei,Camarones Pandalus nep,Crevettes Pandalus nca
PAO,Parona signata,Parona leatherjacket,Parona,Sauteur parone
PAP,Scomberomorus multiradiatus,Papuan seerfish,Carite papuense,Thazard papou
PAQ,Pseudancistrus barbatus,,,
PAR,Pagellus bellottii,Red pandora,Breca chata,Pageot à tache rouge
PAS,Ammodytes personatus,Pacific sandlance,Lanzón del Pacífico,Lançon du Pacifique
PAT,Patagonotothen ramsayi,Longtail Southern cod,Nototenia coluda,Notothénia queue longue
PAU,Paphia undulata,Undulate venus,,Palourde ondulée
PAV,Parmaturus melanobranchius,Blackgill catshark,Pejegato de agallas negras,Holbiche à joues noires
PAW,Parmaturus pilosus,Salamander shark,Pejagato salamandra,Holbiche salamandre
PAX,Pagellus spp,Pandoras nei,Brecas nep,Pageots nca
PAY,Parmaturus xaniurus,Filetail catshark,Pejegato lima,Holbiche râpe
PAZ,Mancopsetta milfordi,Finless flounder,,
PBA,Penaeus merguiensis,Banana prawn,Langostino banana,Crevette banane
PBB,Prolabeo batesi,,,
PBC,Barbantus curvifrons,Palebelly searsid,,
PBD,Pantolabus radiatus,Fringefin trevally,,
PBE,Paraplesiops bleekeri,,,
PBF,Thunnus orientalis,Pacific bluefin tuna,Atún aleta azul del Pacífico,Thon bleu du Pacifique
PBG,Pterolebias hoignei,,,
PBH,Poblana alchichica,,,
PBI,Pomadasys branickii,Sand grunt,,
PBJ,Pomadasys bayanus,Purplemouth grunt,,
PBK,Plectrogenium barsukovi,,,
PBL,Pangasius bocourti,,,
PBM,Prolabeops melanhypoptera,,,
PBN,Prognichthys brevipinnis,Shortfin flyingfish,,
PBO,Parablennius cornutus,,,
PBP,Parabrotula plagiophthalma,,,
PBQ,Pterobranchia,Pterobranchs,,
PBR,Pseudophycis barbata,Southern bastard codling,,
PBS,Pallasina barbata,Tubenose poacher,,
PBT,Phreatobius cisternarum,,,
PBU,Parabembras curtus,,,
PBV,Pseudophycis breviuscula,Northern bastard codling,,
PBW,Pangasius nasutus,,,
PBX,Plectorhinchus spp,"Sweetlips, rubberlips nei",,
PBY,Paraliparis bathybius,,,
PBZ,Photoblepharon steinitzi,Flashlight fish,,
PCA,Plecoglossus altivelis,Ayu sweetfish,Ayu,Ayu
PCB,Pollicipes pollicipes,Barnacle,Percebe,Pouce-pied
PCC,Procambarus acutus,White crawfish,,
PCD,Potamalosa richmondia,Australian freshwater herring,,
PCE,Procypris merus,,,
PCF,Pycnocraspedum fulvum,,,
PCG,Pseudocetopsis gobioides,,,
PCH,Parachaenichthys charcoti,,,
PCI,Procellaria cinerea,Grey petrel,Pardela gris,Puffin gris
PCJ,Paraliparis copei,,,
PCK,Paracottus knerii,Stone sculpin,,
PCL,Pacifastacus leniusculus,Signal crayfish,,Écrevisse signal
PCM,Poecilothrissa moeruensis,Lake Mweru sprat,,
PCN,Procellaria conspicillata,Spectacled petrel,Petrel mentón blanco,Pétrel à lunettes
PCO,Gadus macrocephalus,Pacific cod,Bacalao del Pacífico,Morue du Pacifique
PCP,Pareuchiloglanis poilanei,,,
PCQ,Phycodurus eques,Leafy seadragon,,
PCR,Chionoecetes spp,Tanner crabs nei,Cangrejos Pacíf. de las nieves,Crabes des neiges du Pac. nca
PCS,Petacara dolichurus,,,
PCT,Platyurosternarchus macrostomus,,,
PCU,Prosopium coulteri,Pygmy whitefish,,
PCV,Plecodus elaviae,,,
PCW,Procellaria westlandica,Westland petrel,Pardela de Westland,Puffin du Westland
PCX,Muraenesox spp,Pike-congers nei,Morenocios nep,Murénésoces nca
PCY,Prosopium cylindraceum,Round whitefish,,
PCZ,Pomacentrus agassizi,Creole damsel,,
PDA,Phocoenoides dalli,Dall's porpoise,Marsopa de Dall,Marsouin de Dall
PDB,Pseudocurimata boulengeri,,Dica,
PDC,Pseudepapterus cucuhyensis,,,
PDD,Paradistichodus dimidiatus,,,
PDE,Pseudogobio esocinus,,,
PDF,Pseudacanthicus fordii,,,
PDG,Paradiplospinus gracilis,Slender escolar,Escolar magro,Escolier élégant
PDH,Pseudoperilampus hondae,,,
PDI,Paracheirodon innesi,Neon tetra,,
PDJ,Pseudolaubuca jouyi,,,
PDK,Pseudonezumia cetonuropsis,,,
PDL,Pseudaspius leptocephalus,Redfin,,
PDM,Pterodroma macroptera,Great-winged petrel,Petrel aligrande,Pétrel noir
PDN,Pseudopungtungia nigra,,,
PDO,Parodon pongoensis,Pongo characin,,
PDP,Pseudorasbora parva,Stone moroko,,
PDQ,Pseudomugil connieae,Popondetta blue-eye,,
PDR,Paralonchurus peruanus,Peruvian banded croaker,Lambe coco,Bourrugue coco
PDS,Pseudobarbus asper,Smallscale redfin,,
PDT,Pseudanos trimaculatus,Threespot headstander,,
PDU,Pseudecheneis sulcatus,,,
PDV,Pseudotatia parva,,,
PDW,Parascorpaena aurita,,,
PDX,Paracheirodon axelrodi,Cardinal tetra,,
PDY,Pseudophoxinus stymphalicus,,,
PDZ,Pandalidae,Pandalid shrimps nei,Camarones pandálidos nep,Crevettes pandalides nca
PEA,Eridacnis radcliffei,Pygmy ribbontail catshark,Tollo coludo pigmeo,Requin chat pygmée
PEB,Eridacnis barbouri,Cuban ribbontail catshark,Tollo coludo cubano,Requin chat cubain
PEC,Erpetoichthys calabaricus,Reedfish,,
PED,Eridacnis sinuans,African ribbontail catshark,Tollo coludo africano,Requin chat à rubans
PEE,Littorina littorea,Common periwinkle,Bígaro,Bigorneau
PEF,Psychrolutes macrocephalus,,,
PEG,Petitella georgiae,False rummynose tetra,,
PEH,Phractocephalus hemioliopterus,Redtail catfish,,
PEI,Perinereis spp,,Coreano,
PEJ,Papilloculiceps longiceps,Tentacled flathead,,
PEK,Poeciliopsis hnilickai,,,
PEL,Osteichthyes,Pelagic fishes nei,Peces pelágicos nep,Poissons pélagiques nca
PEM,Pliosteostoma lutipinnis,Yellowfin herring,Arenquillo aleta amarilla,Poisson-papier jaune
PEN,Penaeus spp,Penaeus shrimps nei,Langostinos Penaeus nep,Crevettes Penaeus nca
PEO,Pellona ditchela,Indian pellona,Sardineta índica,Alose-écaille indienne
PEQ,Pellona flavipinnis,Yellowfin river pellona,Sardinata de río,Alose-écaille fluviale
PER,Littorina spp,Periwinkles nei,Bígaros nep,Bigorneaux nca
PES,Diplectrum formosum,Sand perch,Serrano arenero,Serran de sable
PET,Pentanemus quinquarius,Royal threadfin,Barbudo real,Capitaine royal
PEU,Pentanchus profundicolus,Onefin catshark,Pejegato velero,Holbiche voile
PEV,Prionodraco evansii,,,
PEW,Morone americana,White perch,Lubina blanca,Bar blanc d'Amérique
PEX,Lates spp,Freshwater perches nei,Percas de agua dulce nep,Perches d'eau douce nca
PEY,Scopelarchidae,"Pearleyes, etc. nei",,
PEZ,Penaeidae,Penaeid shrimps nei,Camarones peneídos nep,Crevettes pénéidés nca
PFA,Pellisolus facilis,,,
PFB,Platycephalus bassensis,Sand flathead,,
PFC,Puffinus carneipes,Flesh-footed shearwater,Pardela paticlara,Puffin à pieds pâles
PFD,Plataplochilus cabindae,,,
PFE,Phyllophryne scortea,Smooth anglerfish,,
PFF,Platycephalus arenarius,Northern sand flathead,,
PFG,Puffinus griseus,Sooty shearwater,Pardela sombría,Puffin fuligineux
PFH,Profundulus hildebrandi,Chiapas killifish,,
PFI,Neophocaena phocaenoides,Finless porpoise,Marsopa lisa o sin aleta,Marsouin aptère
PFJ,Puffinus gavia,Fluttering shearwater,Pardela gavia,Puffin volage
PFK,Pseudophallus starksii,,,
PFL,Poecilia reticulata,Guppy,,
PFM,Pristipomoides filamentosus,Crimson jobfish,Panchito hebra,Colas fil
PFN,Potamorrhaphis eigenmanni,,,
PFO,Percopsis omiscomaycus,Trout-perch,,
PFP,Pseudaphritis porosus,,,
PFQ,Puffinus huttoni,Huttons shearwater,Pardela de Hutton,Puffin de Hutton
PFR,Porifera,,,
PFS,Parasudis fraserbrunneri,,,
PFT,Puffinus tenuirostris,Short-tailed shearwater,Pardela de Tasmania,Puffin à bec grêle
PFU,Pamphorichthys araguaiensis,,,
PFV,Plectorhinchus flavomaculatus,Lemonfish,,
PFW,Pogonophryne dewitti,,,
PFX,Phallichthys fairweatheri,,,
PFY,Pteroidichthys godfreyi,,,
PFZ,Puffinus pacificus,Wedge-tailed shearwater,Pardela cola cuña,Puffin fouquet
PGA,Pterogymnus laniarius,Panga seabream,Sargo panga,Spare panga
PGB,Pseudolaguvia tuberculatus,,,
PGC,Pogonichthys macrolepidotus,Splittail,,
PGD,Pygidianops eigenmanni,,,
PGE,Parachaenichthys georgianus,,,
PGF,Pseudostegophilus nemurus,,,
PGG,Parauchenoglanis guttatus,Dotted catfish,,
PGH,Pungtungia herzi,,,
PGI,Parauchenoglanis akiri,,,
PGJ,Pangasius larnaudii,Spot pangasius,,
PGK,Pangasius micronemus,Shortbarbel pangasius,,
PGL,Phenagoniates macrolepis,,,
PGM,Pogonophryne marmorata,Marbled plunderfish,,
PGN,Phenacogrammus aurantiacus,,,
PGO,Parauchenoglanis macrostoma,Flatnose catfish,,
PGP,Pangasius pangasius,Pangas catfish,,
PGQ,Pugnaso curtirostris,Pug-nosed pipefish,,
PGR,Pogonophryne permitini,Plunderfish,,
PGS,Pangasius hypophthalmus,Striped catfish,Panga,Silure requin
PGT,Pagothenia spp,Pagothenia nei,Pagothenia nep,Pagothenia nca
PGU,Paragoniates alburnus,,,
PGV,Pegasus volitans,Longtail seamouth,,
PGW,Pogonopoma wertheimeri,,,
PGX,Pingalla lorentzi,Lorentz's grunter,,
PGY,Pogonopomoides parahybae,,,
PGZ,Pangasius spp,Pangas catfishes nei,,
PHA,Merluccius gayi,South Pacific hake,Merluza del Pacífico sur,Merlu du Pacifique sud
PHB,Pachycara brachycephalum,,,
PHC,Parachela cyanea,,,
PHD,Pareiorhina rudolphi,,,
PHE,Phoebetria palpebrata,Light-mantled sooty albatross,Albatros oscuro de manto claro,Albatros fuligineux
PHF,Scaphirhynchus platorynchus,Shovelnose sturgeon,,
PHG,Paraphago rostratus,,,
PHH,Cephalakompsus pachycheilus,,,
PHI,Platycephalus richardsoni,Tiger flathead,,
PHJ,Phago boulengeri,,,
PHK,Phenacobius catostomus,Riffle minnow,,
PHL,Alepocephalus longiceps,,,
PHM,Pachychilon macedonicum,,,
PHN,Holtbyrnia anomala,Bighead searsid,,
PHO,Alepocephalus rostratus,Risso's smooth-head,Talisman,
PHP,Photostylus pycnopterus,Starry smooth-head,,
PHQ,Paracrossochilus acerus,,,
PHR,Phocoena phocoena,Harbour porpoise,Marsopa común,Marsouin commun
PHS,Scaphirhynchus albus,Pallid sturgeon,,
PHT,Opisthopterus tardoore,Tardoore,Arenquillo tardore,Poisson-papier tarture
PHU,Phoebetria fusca,Sooty albatross,Albatros ahumado,Albatros brun
PHV,Physoschistura brunneanus,,,
PHW,Phenacoscorpius adenensis,,,
PHX,Saccopharynx ampullaceus,,,
PHY,Aphredoderus sayanus,Pirate perch,,
PHZ,Parastegophilus maculatus,,,
PIA,Sardinops ocellatus,Southern African pilchard,Sardina de Africa austral,Pilchard de l'Afrique australe
PIB,Paraliparis meridionalis,,,
PIC,Spicara spp,Picarels nei,"Chuclas, carameles nep","Mendoles, picarels nca"
PID,Piabucus dentatus,,,
PIE,Ilisha melastoma,Indian ilisha,Sardineta índica escamuda,Alose indienne
PIF,Ilisha filigera,Coromandel ilisha,,
PIG,Orthopristis chrysoptera,Pigfish,Corocoro burro,Goret mule
PIH,Parapterois heterurus,Blackfoot firefish,,
PII,Plotosus lineatus,Striped eel catfish,,
PIJ,Paricelinus hopliticus,Thornback sculpin,,
PIK,Phytichthys chirus,Ribbon prickleback,,
PIL,Sardina pilchardus,European pilchard(=Sardine),Sardina europea,Sardine commune
PIM,Ilisha megaloptera,Bigeye ilisha,Sardineta ojigrande,Alose à gros yeux
PIN,Oncorhynchus gorbuscha,Pink(=Humpback)salmon,Salmón rosado,Saumon rose
PIO,Pareiodon microps,,,
PIP,Ilisha pristigastroides,Javan ilisha,,
PIQ,Palaemon longirostris,Delta prawn,Camarón delta,Bouquet delta
PIR,Paralepis coregonoides,,,
PIS,Pontinus accraensis,Ghanean rockfish,,
PIT,Pardiglanis tarabinii,,,
PIU,Ilisha furthii,Pacific ilisha,Sardineta chata,Alose lame
PIV,Paraliparis terraenovae,,,
PIW,Globicephala melas,Long-finned pilot whale,Calderón común,Globicéphale commun
PIX,Petricola spp,,,
PIY,Paratherina cyanea,,,
PIZ,Pisania striata,Striate pisania,Caracolillo estriado,Buccin truite
PJA,Pavoraja alleni,Allens skate,,
PJB,Percina caprodes,Logperch,,
PJC,Peristedion cataphractum,African armoured searobin,,
PJD,Pristotis jerdoni,Gulf damselfish,,
PJE,Penaeopsis rectacuta,Needle shrimp,Camarón aguja,Crevette aiguille
PJF,Pavoraja spinifera,Prickly deep-sea skate,,
PJG,Ptilichthys goodei,Quillfish,,
PJH,Projasus bahamondei,Chilean jagged lobster,Langosta de Chile,Langouste chilienne
PJJ,Projasus parkeri,Cape jagged lobster,,
PJK,Pandalus jordani,Ocean shrimp,Camarón oceánico,Crevette océanique
PJL,Pentaprion longimanus,Longfin mojarra,,
PJM,Trachurus symmetricus,Pacific jack mackerel,Chicharro ojotón,Chinchard gros yeux
PJN,Pavoraja nitida,Peacock skate,,
PJO,Percis japonicus,,,
PJP,Pinjalo pinjalo,Pinjalo,Pinjalo,Pinjalo
PJQ,Pinna rugosa,Rugose pen shell,Pina hacha larga,Jambonneau hachette
PJR,Pinguipes brasilianus,Brazilian sandperch,Chanchito,Pinge brésilien
PJS,Pavoraja asperula,Smooth deep-sea skate,,
PJT,Parascorpis typus,,,
PJU,Ptarmus jubatus,Crested scorpionfish,,
PJV,Platygillellus altivelis,Sailfin stargazer,,
PJW,Percilia gillissi,,,
PJX,Pavoraja laxipella,,,
PJY,Pristigenys meyeri,,,
PJZ,Pterodroma arminjoniana,Trindade petrel,Petrel de la Trinidade,Pétrel de la Trinité du Sud
PKA,Parakysis anomalopteryx,,,
PKB,Parika scaber,Velvet leatherjacket,,Bourse lisse
PKC,Parakuhlia macrophthalmus,Dara,,
PKD,Parma kermadecensis,Kermadec scalyfin,,
PKE,Pomadasys perotaei,Parrot grunt,,
PKF,Plectorhinchus schotaf,Minstrel sweetlips,,Diagramme ménestrel
PKG,Paraploactis kagoshimensis,,,
PKH,Petricola pholadiformis,False angel wing,Falso ala de ángel,Petricole fausse pholade
PKI,Perca schrenkii,Balkhash perch,,
PKJ,Pillaia khajuriai,,,
PKK,Pomadasys suillus,,,
PKL,Pomadasys maculatus,Saddle grunt,,
PKM,Pseudosynanceia melanostigma,Blackfin stonefish,,
PKN,Pomadasys macracanthus,Longspine grunt,,
PKO,Pomadasys opercularis,Smallspotted grunt,,
PKP,Plectorhinchus pictus,Trout sweetlips,Burro trucha,Diagramme truité
PKQ,Pontocaris pennata,Feather shrimp,Camarón de pluma,Crevette emplumée
PKR,Pomadasys crocro,Burro grunt,,
PKS,Pomadasys stridens,Striped piggy,Ronco de tres bandas,Goret à trois bandes
PKT,Pomadasys multimaculatum,Cock grunter,,
PKU,Haemulopsis leuciscus,Raucous grunt,Ronco ruco,Gorette ronco
PKV,Pomadasys olivaceus,Olive grunt,,
PKW,Pandaka lidwilli,,,
PKX,Praescutata viperina,Viperine sea snake,,
PKY,Pronothobranchius kiyawensis,,,
PKZ,Pterocladiella caerulescens,,,
PLA,Hippoglossoides platessoides,Amer. plaice(=Long rough dab),Platija americana,Balai(=Plie canadienne)
PLB,Paraplotosus albilabris,Whitelipped eel catfish,,
PLC,Platygobio gracilis,Flathead chub,,
PLD,Lagenorhynchus australis,Peale's dolphin,Delfín austral,Dauphin de Peale
PLE,Pleuronectes platessa,European plaice,Solla europea,Plie d'Europe
PLF,Artedidraconidae,Barbeled plunderfishes nei,Pilladores barbudos nep,Pillard barbus nca
PLG,Paraliparis gracilis,,,
PLH,Plectrochilus erythrurus,,,
PLI,Plagiognathops microlepis,Smallscale yellowfin,,
PLJ,Paulicea jahu,,,
PLK,Paulicea luetkeni,Jaú,,
PLL,Prochilodus lineatus,Streaked prochilod,Sábalo rayado,Prochilode rayé
PLM,Plectropomus maculatus,Spotted coralgrouper,Mero con pintas,Vieille Saint-Silac
PLN,Coregonus lavaretus,European whitefish,Lavareto,Corégone lavaret
PLO,Pellonula leonensis,Smalltoothed pellonula,Sardinita guineana,Spratelle de Guinée
PLP,Platanichthys platana,River Plate sprat,,
PLQ,Phallocottus obtusus,Spineless sculpin,,
PLR,Prochilodus reticulatus,Netted prochilod,Boquichico reticulado,Prochilode réticulé
PLS,Dasyatis violacea,Pelagic stingray,,Pastenague violette
PLT,Plagopterus argentissimus,Woundfin,,
PLU,Phyllonemus typus,Spatula-barbeled catfish,,
PLV,Pelsartia humeralis,,,
PLW,Pseudoplesiops howensis,,,
PLX,Platypharodon extremus,,,
PLY,Polysteganus spp,Polystegan seabreams nei,Dentones polistéganos nep,Dentés polystéganes nca
PLZ,Pleuronectidae,Righteye flounders nei,Platijas nep,Plies nca
PMA,Pagetopsis macropterus,,,
PMB,Pimelodus albicans,,,
PMC,Poromitra crassiceps,Crested bigscale,,
PMD,Pimelodus clarias,Mandi,,
PME,Apomatoceros alleni,,,
PMF,Prionobrama filigera,Glass bloodfin,,
PMG,Pimelodella gracilis,Graceful pimelodella,,
PMH,Pimelodella hasemani,,,
PMI,Pimelodus grosskopfii,Capaz,,
PMJ,Pimelodus jivaro,,,
PMK,Porochilus meraukensis,Merauke tandan,,
PML,Pimelodella laticeps,,,
PMM,Pimelodus fur,,,
PMN,Phenacorhamdia anisura,,,
PMO,Normichthys operosus,Multipore searsid,,
PMP,Pimephales promelas,Fathead minnow,,
PMQ,Platynematichthys notatus,Coroatá,,
PMR,Mentodus crassus,,,
PMS,Pimelodus altissimus,,,
PMT,Pimelodus altipinnis,,,
PMU,Maulisia acuticeps,,,
PMV,Parapimelodus valenciennis,,,
PMW,Palaemon paucidens,Lake prawn,Camarón de lago,Bouquet de lac
PMX,Haemulopsis axillaris,Yellowstripe grunt,Ronco callana,Gorette catalinète
PMY,Pimelodella yuncensis,,,
PMZ,Palaemon macrodactylus,Migrant prawn,Camarón emigrante,Bouquet migrateur
PNA,Odontognathus mucronatus,Guiana longfin herring,Arenquillo cuchilla,Poisson-papier guyanais
PNB,Penaeus brasiliensis,Redspotted shrimp,Camarón rosado con manchas,Crevette royale rose
PND,Percarina demidoffi,Percarina,Percarina,Percarina
PNE,Photonectes albipennis,,,
PNF,Pinctada fucata,Japanese pearl oyster,Ostra perlera japonesa,Huître perlière japonaise
PNG,Pangasius gigas,Mekong giant catfish,,
PNH,Plectorhinchus cinctus,Crescent sweetlips,,
PNI,Penaeus indicus,Indian white prawn,Langostino blanco de la India,Crevette blanche des Indes
PNJ,Penaeus marginatus,Aloha prawn,Camarón aloha,Crevette aloha
PNK,Plotosus nkunga,Stinging eel catfish,,
PNL,Potamorhina laticeps,,,
PNM,Pinctada margaritifera,Blacklip pearl oyster,,Pintadine à lèvre noire
PNN,Catoprion mento,Wimple piranha,,
PNO,Perrunichthys perruno,Leopard catfish,,
PNP,Penaeus plebejus,Eastern king prawn,Langostino real oriental,Crevette royale orientale
PNQ,Palaemon elegans,Rockpool prawn,Camarón de poza,Bouquet flaque
PNR,Neoopisthopterus tropicus,Tropical longfin herring,Sardinela pelada,Menhaden plat
PNS,Penaeus stylirostris,Blue shrimp,Camarón azul,Crevette bleue
PNT,Penaeus schmitti,Southern white shrimp,Langostino blanco sureño,Crevette ligubam du Sud
PNU,Penaeus subtilis,Southern brown shrimp,Camarón café sureño,Crevette grise du Sud
PNV,Penaeus vannamei,Whiteleg shrimp,Camarón patiblanco,Crevette pattes blanches
PNW,Pangasius sanitwongsei,Giant pangasius,,
PNX,Pinctada maxima,Silverlip pearl oyster,Ostra perlera,Huître perlière
PNY,Pungitius platygaster,Southern ninespine stickleback,,
PNZ,Pseudorinelepis agassizii,,,
POA,Brama brama,Atlantic pomfret,Japuta,Grande castagnole
POB,Parastromateus niger,Black pomfret,Palometa negra,Castagnoline noire
POC,Boreogadus saida,Polar cod,Bacalao polar,Morue polaire
POD,Trisopterus minutus,Poor cod,Capellán,Capelan de Méditerranée
POE,Poroderma marleyi,Barbeled catshark,Alitán de barbilla,Roussette barbichette
POF,Poeciloconger fasciatus,,,
POG,Pogonophryne spp,,,
POH,Poroderma pantherinum,Leopard catshark,Alitán leopardo,Roussette panthère
POI,Pontinus kuhlii,Offshore rockfish,Rascacio de fuera,Rascasse du large
POJ,Plotosus limbatus,Darkfin eel catfish,,
POK,Pollachius virens,Saithe(=Pollock),Carbonero(=Colín),Lieu noir
POL,Pollachius pollachius,Pollack,Abadejo,Lieu jaune
POM,Trachinotus carolinus,Florida pompano,Pámpano amarillo,Pompaneau sole
PON,Leiognathidae,Ponyfishes(=Slipmouths) nei,Motambos nep,Sapsap nca
POO,Trachinotus blochii,Snubnose pompano,Pámpano lunero,Pompaneau lune
POP,Trachinotus ovatus,Pompano,Pámpano blanco,Palomine
POQ,Porotergus compsus,,,
POR,Lamna nasus,Porbeagle,Marrajo sardinero,Requin-taupe commun
POS,Micromesistius australis,Southern blue whiting,Polaca austral,Merlan bleu austral
POU,Poroderma africanum,Striped catshark,Alitán listado,Roussette rubanée
POV,Poptella brevispina,,,
POW,Poecilocharax weitzmani,Black morpho tetra,,
POX,Trachinotus spp,Pompanos nei,Pámpanos(=Palometas) nep,Pompaneaux nca
POY,Leiognathus spp,Ponyfishes(=Slipmouths),Motambos,Sapsap
POZ,Poecilia amazonica,,,
PPB,Protopterus aethiopicus,Marbled lungfish,,
PPC,Pristiophorus cirratus,Longnose sawshark,Tiburón sierra trompudo,Requin scie à long nez
PPD,Polypterus endlicheri,,,
PPE,Potamotrygon laticeps,,,
PPF,Macrobrachium spp,River prawns nei,Camarones de agua dulce nep,Bouquets d'eau douce nca
PPG,Protopterus annectens,West African lungfish,,
PPH,Pristiophorus schroederi,Bahamas sawshark,Tiburón sierra americano,Requin scie d'Amérique
PPI,Potamotrygon scobina,,,
PPJ,Pristiophorus japonicus,Japanese sawshark,Tiburón sierra japonés,Requin scie moustache
PPK,Persparsia kopua,,,
PPL,Trachinotus goodei,Great pompano,Palometa(=Pámpano listado),Pompaneau guatie
PPM,Potamotrygon magdalenae,,,
PPN,Paraliparis antarcticus,,,
PPO,Peprilus simillimus,Pacific pompano,Palometa plateada,Stromaté argenté
PPP,Potamotrygon yepezi,,,
PPQ,Plotosus papuensis,Papuan eel-catfish,,
PPR,Potamotrygon motoro,South American freshwater stin,,
PPS,Penaeus paulensis,Sao Paulo shrimp,Langostino de Sao Paulo,Crevette de Sao Paulo
PPT,Potamotrygon constellata,,,
PPU,Pristiophorus nudipinnis,Shortnose sawshark,Tiburón sierra ñato,Requin scie à nez court
PPV,Polypterus senegalus,,,
PPW,Pliotrema warreni,Sixgill sawshark,Tiburón sierra del Cabo,Requin scie flutien
PPX,Perciformes,Pelagic percomorphs nei,Percomorfos pelágicos nep,Percomorphes pélagiques nca
PPY,Potamotrygon hystrix,,,
PPZ,Palaemonidae,"Freshwater prawns, shrimps nei","Gambas,camaron.(agua dulce)nep",Crevettes d'eau douce nca
PQA,Prionotus alatus,Spiny searobin,,
PQB,Pinna nobilis,Noble pen shell,Nacar,Jambonneau hérissé
PQC,Prionotus carolinus,Northern searobin,,
PQD,Pelates quadrilineatus,Fourlined terapon,Baraonga aurora,Violon crépuscule
PQE,Parequula melbournensis,Silverbelly,,
PQF,Pareques fuscovittatus,Fusco drum,,
PQG,Pleuroncodes monodon,Carrot squat lobster,Langostino colorado,Galathée orange
PQH,Podothecus thompsoni,,,
PQI,Pristipomoides aquilonaris,Wenchman,Panchito voraz,Colas vorace
PQJ,Perna picta,African mussel,Mejillón africano,Moule d'Afrique
PQK,Pectinia lactuca,Lettuce coral,,
PQL,Peristedion longispatha,,,
PQM,Parapristipomoides squamimaxillaris,Scalemouth jobfish,Panchito escamudo,Colas écailleux
PQN,Panaque nigrolineatus,Royal panaque,,
PQO,Physiculus spp,,,
PQP,Prionotus paralatus,Mexican searobin,,
PQQ,Spisula aequilatera,Equal-sized surf clam,,
PQR,Priacanthus arenatus,Atlantic bigeye,,
PQS,Parasquilla similis,Three spined mantis,Galera tres espinas,Squille trois épines
PQT,Prionotus punctatus,Bluewing searobin,,
PQU,Prionotus nudigula,Red searobin,,
PQV,Panopea aldovrandi,Aldovrandi's panope,Panopea de Aldovrandi,Panopée d'Aldovrandi
PQW,Puffinus spp,Shearwaters nei,,
PQX,Patella flexuosa,Star-shaped limpet,,Patelle flexueuse
PQY,Priacanthus tayenus,Purple-spotted bigeye,,
PQZ,Pangasius djambal,,,
PRA,Pandalus borealis,Northern prawn,Camarón norteño,Crevette nordique
PRB,Penaeus esculentus,Brown tiger prawn,Langostino tigre marrón,Crevette tigrée sombre
PRC,Percoidei,Percoids nei,Percoideos nep,Percoides nca
PRD,Pareledone spp,Antarctic octopuses,Pulpos antárticos,Élédones antarctiques
PRE,Protomyctophum tenisoni,,,
PRF,Macrobrachium rosenbergii,Giant river prawn,Langostino de río,Bouquet géant
PRG,Calamus spp,Porgies,Plumas,Daubenets
PRH,Porphyra haitanensis,,,
PRI,Priacanthidae,"Bigeyes,glasseyes,bulleyes nei","Catalufas, etc. nep","Beauclaires, etc. nca"
PRJ,Probarbus jullieni,Isok barb,,
PRK,Procellaria parkinsoni,Parkinson's petrel,Pardela de Parkinson,Puffin de Parkinson
PRL,Prochilodus spp,Prochilods nei,Sábalos sudamericanos nep,Prochilodes nca
PRM,Protomyctophum bolini,,,
PRN,Pristigaster cayana,Amazon hatchet herring,,
PRO,Procellaria aequinoctialis,White-chinned petrel,Pardela gorgiblanca,Puffin à menton blanc
PRP,Promethichthys prometheus,Roudi escolar,Escolar prometeo,Escolier clair
PRQ,Priapella bonita,,,
PRR,Sparisoma cretense,Parrotfish,Loro viejo,Perroquet vieillard
PRS,Protosalanx hyalocranius,Clearhead icefish,,
PRT,Porphyra tenera,Laver (Nori),Lechuga nori,Algue nori
PRU,Raconda russeliana,Raconda,,
PRV,Paralepis brevirostris,,,
PRW,Pseudopoecilia austrocolumbiana,,,
PRX,Procellariidae,Petrels and shearwaters nei,,
PRY,Protomyctophum choriodon,,,
PRZ,Procatopus aberrans,,,
PSA,Sagamichthys abei,Shining tubeshoulder,,
PSB,Psettodes bennettii,Spiny turbot,Lenguado espinudo,Turbot épineux
PSC,Psenes cyanophrys,Freckled driftfish,Pastorcillo amarillento,
PSD,Pseudomugilidae,Blue eyes,,
PSE,Pseudotolithus elongatus,Bobo croaker,Corvina bobo,Otolithe bobo
PSF,Pseudoscaphirhynchus kaufmanni,Amu Darya sturgeon,,
PSG,Psychroteuthis glacialis,Glacial squid,Luria glacial,Encornet austral
PSH,"Pandalus spp, Pandalopsis spp",Pacific shrimps nei,Camarones Océano Pacífico nep,Crevettes océan Pacifique nca
PSI,Psilorhynchus sucatio,,,
PSJ,Physiculus japonica,Japanese codling,,
PSK,Pseudocarcharias kamoharai,Crocodile shark,Tiburón cocodrilo,Requin crocodile
PSL,Palinurus mauritanicus,Pink spiny lobster,Langosta mora,Langouste rose
PSM,Hypomesus olidus,Pond smelt,Eperlano de estanque,Éperlan à petite bouche
PSN,Pseudoscaphirhynchus hermanni,Dwarf sturgeon,,
PSO,Searsia koefoedi,Koefoed's searsid,,
PSP,Pseudophichthys splendens,Purplemouthed conger,,
PSQ,Paraliparis trilobodon,,,
PSR,Psilodraco breviceps,,,
PSS,Pseudotolithus senegalensis,Cassava croaker,Corvina casava,Otolithe sénégalais
PST,Penaeus setiferus,Northern white shrimp,Camarón blanco norteño,Crevette ligubam du Nord
PSU,Pecten sulcicostatus,Groovesided scallop,,
PSV,Pseudotrichonotus altivelis,,,
PSW,Physiculus dalwigki,Black codling,,
PSX,Parauchenipterus albicrux,,,
PSY,Phasmatocottus ctenopterygius,,,
PSZ,Psectrogaster amazonica,,,
PTA,Platybelone argalus,Keeltail needlefish,Agujón de quilla,Orphie carénée
PTB,Barbus barbus,Barbel,Barbo común,Barbeau fluviatile
PTC,Trematomus pennellii,Sharp-spined notothenia,,
PTD,Poropuntius deauratus,,,
PTE,Pteria penguin,Penguin wing oyster,Ostra perlera viuda,Huître perlière ailée
PTF,Pataecus fronto,,,
PTG,Barbonymus gonionotus,Silver barb,Barbo plateado,Barbeau argenté
PTH,Alopias pelagicus,Pelagic thresher,Zorro pelágico,Renard pélagique
PTI,Ptychocheilus grandis,Sacramento squawfish,,
PTJ,Ptychidio jordani,,,
PTK,Parotocinclus britskii,,,
PTL,Coptostomabarbus bellcrossi,,,
PTM,Pseudotriakis microdon,False catshark,Musolón de aleta larga,Requin à longue dorsale
PTN,Petersius conserialis,,,
PTO,Ptychobarbus conirostris,,,
PTP,Tor putitora,Putitor mahseer,,
PTQ,Peristedion liorhynchus,Armoured gurnard,,
PTR,Tragularius mesalirus,,,
PTS,Protothaca staminea,Pacific littleneck clam,Almejuela común,Palourde commune
PTT,Tor tor,Tor barb,Barbo tor,Barbeau tor
PTU,Potamothrissa acutirostris,Sharpnosed sawtooth pellonul.,,
PTV,Paracanthopoma parva,,,
PTW,Petalichthys capensis,Cape needlefish,,
PTX,Pristella maxillaris,X-ray tetra,,
PTY,Pseudotolithus typus,Longneck croaker,Corvina bosoro,Otolithe nanka
PTZ,Procellaria spp,Petrels nei,,
PUA,Sphoeroides spp,Atlantic puffers nei,Tamboriles del Atlántico nep,Compères de l'Atlantique nca
PUB,Paralaubuca barroni,,,
PUC,Puffinus creatopus,Pink-footed shearwater,Pardela pata rosada,Puffin à pieds roses
PUD,Puntius orphoides,,,
PUE,Photostomias guernei,,,
PUF,Sphoeroides maculatus,Northern puffer,Tamboril norteño,Compère bigaré
PUG,Puffinus gravis,Great shearwater,Pardela capirotada,Puffin majeur
PUH,Puntius amphibius,,,
PUI,Puntius binotatus,Spotted barb,,
PUJ,Hypselobarbus jerdoni,Jerdon's carp,,
PUK,Raiamas ansorgii,,,
PUL,Parluciosoma labiosa,,,
PUM,Puntius filamentosus,Blackspot barb,,
PUN,Plotosus canius,Gray eel-catfish,,
PUO,Puntius conchonius,Rosy barb,,
PUP,Takifugu vermicularis,Purple puffer,Tamboril rojo,Compère rouge
PUQ,Puntioplites bulu,,,
PUR,Puntius sophore,Pool barb,,
PUS,Puntius sarana,,,
PUT,Puntius tetrazona,Sumatra barb,,
PUU,Puntius arulius,Arulius barb,,
PUV,Porocottus tentaculatus,,,
PUW,Puntius ticto,Ticto barb,,
PUX,Tetraodontidae,Puffers nei,Tamboriles nep,Compères nca
PUY,Porogadus abyssalis,,,
PUZ,Pseudoblennius zonostigma,,,
PVA,Pseudochromis aldabraensis,Orange dottyback,,
PVB,Pterodroma brevirostris,Kerguelen petrel,Petrel de las Kerguelen,Pétrel de Kerguelen
PVC,Pseudovergatus aluco,Aluco vergatus,,Cérithe aluco
PVD,Plectobranchus evides,Bluebarred prickleback,,
PVE,Pentherichthys venustus,,,
PVF,Spheniscidae,Penguins nei,Pingüinos nep,Manchots nca
PVG,Pavoclinus graminis,Grass klipfish,,
PVH,Pterodroma inexpectata,Mottled petrel,Petrel moteado,Pétrel maculé
PVI,Penicipelta vittiger,Toothbrush leatherjacket,,
PVJ,Parapandalus narval,Narwal shrimp,Camarón narval,Crevette narval
PVK,Palaemon gravieri,Chinese ditch prawn,Camarón chino de acequia,Bouquet chinois des canaux
PVL,Pervagor alternans,Yelloweye filefish,,
PVM,Paraliparis meganchus,,,
PVN,Pavona gigantea,Pillar coral,Coral pilar,Corail pilier
PVO,Paraliparis devriesi,,,
PVP,Protomyctophum spp,,,
PVQ,Portunus validus,Senegalese smooth swimcrab,Jaiba satinada,Étrille lisse du Sénégal
PVR,Palaemonetes varians,Atlantic ditch shrimp,Camarón de acequia atlántico,Bouquet atlantique des canaux
PVS,Pavona clavus,Shoulderblade coral,Coral escapular,Corail scapulaire
PVT,Pavona decussata,Cactus coral,,
PVU,Pseudochromis olivaceus,Olive dottyback,,
PVV,Palaemonetes vulgaris,Marsh shrimp,Camarón de fangal,Bouquet des marais
PVW,Pavona varians,Fungus coral,Coral callampa,Corail champignon
PVX,Paravandellia oxyptera,,,
PVY,Phthanophaneron harveyi,Gulf flashlightfish,,
PVZ,Paraliparis spp,,,
PWA,Pterodroma leucoptera,Gould's Petrel,Petrel de Gould,Pétrel de Gould
PWB,Peristedion weberi,,,
PWC,Procottus gurwici,,,
PWD,Pachyptila desolata,Antarctic prion,Pato-petrel antártico,Prion de la Désolation
PWE,Phrynichthys wedli,,,
PWF,Petalonia fascia,Brown leafweed,Petalo oliva,Petale olive
PWG,Psammoperca waigiensis,Waigieu seaperch,,
PWH,Parachaenichthys spp,,,
PWI,Prosopium williamsoni,Mountain whitefish,,
PWJ,Pycnogonida,Sea spiders,,
PWK,Pinniwallago kanpurensis,,,
PWL,Pterodroma lessonii,White-headed petrel,Petrel cabeciblanco,Pétrel de Lesson
PWM,Parawaous megacephalus,,,
PWN,Pseudohowella intermedia,,,
PWO,Pterodroma solandri,Providence petrel,Petrel de Solander,Pétrel de Solander
PWP,Pagodroma nivea,Lesser snow petrel,Petrel blanco,Pétrel des neiges
PWQ,Platichthys stellatus,Starry flounder,,Flet étoilé
PWR,Pachycara spp,,,
PWS,Pristiophorus spp,Sawsharks nei,Tiburónes sierra nep,Requins scies nca
PWT,Scaridae,Parrotfishes nei,Loros nep,Perroquets nca
PWU,Pterodroma cervicalis,White-necked petrel,Petrel cuello blanco,Pétrel à col blanc
PWV,Pachyptila turtur,Fairy prion,Pato-petrel piquicorto,Prion colombe
PWW,Pagodroma spp,Snow petrels nei,Petreles blancos nep,Pétrels des neiges nca
PWX,Pachyptila spp,Prions nei,,
PWY,Pandalus platyceros,Spot shrimp,Camarón manchado,Crevette tache
PWZ,Pagodroma confusa,Greater snow petrel,Gran petrel blanco,Grand pétrel des neiges
PXA,Phoxinellus adspersus,,,
PXB,Parexocoetus brachypterus,Sailfin flyingfish,,
PXC,Phoxinus cumberlandensis,Blackside dace,,
PXD,Paraliparis tetrapteryx,,,
PXE,Phoxinus eos,Northern redbelly dace,,
PXF,Paralabrax maculatofasciatus,Spotted sand bass,,
PXG,Pomoxis nigromaculatus,Black crappie,,
PXH,Petrotyx hopkinsi,Velvetnose brotula,,
PXI,Parvilux ingens,,,
PXJ,Polymixia japonica,,,
PXK,Paralabrax clathratus,Kelp bass,,
PXL,Phoxocampus belcheri,Rock pipefish,,
PXM,Paralabrax albomaculatus,Camotillo,,
PXN,Phoxinus neogaeus,Finescale dace,,
PXO,Pachypanchax omalonotus,,,
PXP,Phoxinus phoxinus,Eurasian minnow,,
PXQ,Patella mexicana,Giant Mexican limpet,Patela mexicana,Patelle mexicaine
PXR,Pomoxis annularis,White crappie,Crapet,Crapet calicot
PXS,Pantanodon podoxys,,,
PXT,Phyllopteryx taeniolatus,Common seadragon,,
PXU,Penetopteryx nanus,,,
PXV,Polymixia nobilis,Stout beardfish,Chivato de fondo,Poisson chèvre robuste
PXY,Phoxinus erythrogaster,Southern redbelly dace,,
PYA,Platytroctes apus,Legless searsid,,
PYB,Pectenocypris balaena,,,
PYC,Platyclarias machadoi,,,
PYD,Pygoscelis adeliae,Adelie penguin,Pingüino de Adelia,Manchot d'Adélie
PYE,Pygocentrus nattereri,Red piranha,,
PYF,Pterocryptis afghana,,,
PYG,Pterygoplichthys anisitsi,Snow pleco,,
PYH,Protomyzon aphelocheilus,,,
PYI,Phreatichthys andruzzii,Somalian cavefish,,
PYJ,Pyramodon punctatus,Dogtooth pearlfish,,
PYK,Procetichthys kreffti,,,
PYL,Physopyxis lyra,,,
PYM,Platytroctegen mirus,Leaf searsid,,
PYN,Pygoscelis antarctica,Chinstrap penguin,Pingüino barbijo,Manchot à jugulaire
PYO,Platyallabes tihoni,,,
PYP,Pygoscelis papua,Gentoo penguin,Pingüino guanito,Manchot papou
PYQ,Polyipnus aquavitus,,,
PYR,Pseudocorynopoma doriae,Dragonfin tetra,,
PYS,Platydoras costatus,Raphael catfish,,
PYT,Parapsilorhynchus tentaculatus,,,
PYU,Pygopristis denticulata,Lobetoothed piranha,,
PYV,Protomyctophum andriashevi,,,
PYW,Kogia breviceps,Pygmy sperm whale,Cachalote pigmeo,Cachalot pygmée
PYX,Pandalus hypsinotus,Coonstripe shrimp,Camarón malacho,Crevette à front rayé
PYY,Pygocentrus piraya,San Francisco piranha,,
PZA,Priapichthys annectens,,,
PZB,Paralepididae,Barracudinas nei,Barracudinas nep,Barracudines nca
PZC,Alepocephalidae,,,
PZD,Paraliparis andriashevi,,,
PZE,Perryena leucometopon,,,
PZF,Paraliparis fuscolingua,,,
PZG,Puzanovia virgata,,,
PZH,Parazanclistius hutchinsi,Short boarfish,,
PZI,Parachela oxygastroides,,,
PZJ,Pogonophryne phyllopogon,,,
PZK,Pagetopsis spp,,,
PZL,Paramuricea spp,,,
PZM,Pontinus macrocephalus,Large-headed scorpionfish,,
PZN,Paraliparis macrocephalus,,,
PZO,Pterois volitans,Red lionfish,,
PZP,Parazen pacificus,Parazen,,
PZQ,Paraliparis rossi,,,
PZR,Pterois radiata,Radial firefish,,
PZS,Pagetopsis maculatus,,,
PZT,Pterois antennata,Broadbarred firefish,,
PZU,Pterois russelii,Plaintail turkeyfish,,
PZV,Parazacco vuquangensis,,,
PZX,Pterois sphex,Hawaiian turkeyfish,,
PZY,Palaemonetes zariquieyi,Ebro shrimp,Camarón del Ebro,Bouquet de l'Ebre
QAA,Pseudechinus flemingi,Fleming’s urchin,,
QAB,Psolidium poriferum,,,
QAC,Pennatula aculeata,,,
QAD,Pennatula borealis,,,
QAE,Pseudopterogorgia elisabethae,Sea plume,,
QAF,Pennatula phosphorea,,,
QAG,Psolus ephippifer,,,
QAH,Psammocinia hawere,Rubber sponge,,
QAI,Portunus haanii,,Cangrejo mandarín,
QAJ,Pseudopallene glutus,,,
QAK,Psolus paradubiosus,,,
QAL,Poecillastra laminaris,Fibreglass cup sponge,,
QAM,Pseudoscaphirhynchus fedtschenkoi,Syr Darya sturgeon,,
QAN,Scaphirhynchus suttkusi,Alabama sturgeon,,
QAP,Plutonaster knoxi,Abyssal star,,
QAQ,Psilaster acuminatus,Geometric star,,
QAS,Astrea spirata,Spirate turban,Turbante espiral,Turban spiral
QAT,Astrea turbanica,Rockpile turban,Turbante de rodados,Turban des éboulis
QAU,Astrea undosa,Wavy turban,Caracol panocha,Turban ondulé
QAX,Oplophorus spp,,,
QBJ,Pyrosoma atlanticum,,,
QBR,Stylocordyla borealis,,,
QBT,Odontaster meridionalis,,,
QBU,Odontaster benhami,Pentagonal tooth-star,,
QBW,Suberites caminatus,,,
QBX,Opisthoteuthis spp,Umbrella octopus nei,,
QCB,Equichlamys bifrons,Bifrons scallop,,
QCE,Cinachyra antarctica,,,
QCX,Gorgonocephalus spp,Gorgons head basket-stars nei,,
QDB,Porania antarctica,,,
QDH,Colossendeis enigmatica,,,
QDI,Colossendeis robusta,,,
QDP,Pelecanoides georgicus,South Georgia diving petrel,Potoyunco de Georgia del Sur,Puffinure de Géorgie du Sud
QDT,Pagophila eburnea,Ivory gull,Gaviota marfileña,Mouette blanche
QDV,Rissa tridactyla,Black-legged kittiwake,Gaviota tridáctila,Mouette tridactyle
QDX,Colossendeis spp,Giant sea spiders nei,,
QEW,Caberea darwinii,,,
QEX,Potamotrygon,,,
QEY,Pseudostichopus peripatus,,,
QFX,Lepidisis spp,,,
QFY,Chrysogorgiidae,,,
QGA,Spongia agaricina,Elephant ear,Oreja de elefante,Oreille d'éléphant
QGB,Spongia barbara,Yellow sponge,,
QGG,Spongia graminea,Glove sponge,,
QGN,Spongia nitens,Shiny sponge,Esponja mamelonada,Éponge mammelonnée
QGO,Spongia officinalis,Greek bathing sponge,Esponja de bano griega,Éponge fine grecque
QGT,Spongia tubilifera,Reef sponge,,
QGX,Spongia spp,,,
QGZ,Spongia zimocca,Leather sponge,Esponja zimoca,Chimousse
QHO,Paradota marionensis,,,
QIW,Pemmatoporella marginata,,,
QKZ,Stephanocyathus platypus,,,
QLA,Squilla aculeata,Kicking mantis shrimp,Galera pateadora,Squille frappeuse
QLB,Squilla biformis,Sorcerer mantis shrimp,Galera bruja,Squille sorcière
QLC,Squilla cadenati,Angolan mantis srimp,Galera de Angola,Squille angolaise
QLE,Squilla empusa,Rough mantis shrimp,Galera carenada,Squille rugueuse
QLM,Squilla mantoidea,Catalina mantis,Galera catalina,Squille catalina
QLP,Squilla panamensis,Panama mantis shrimp,Galera panameña,Squille panaméenne
QLV,Squilla parva,Small mantis shrimp,Galera langostina,Squille naine
QLW,Squilla bigelowi,Bigelow mantis shrimp,Galera de Bigelow,Squille de Bigelow
QMB,Psammobatis bergi,Blotched sand skate,Raya reticulada,
QMT,Psammobatis normani,Shortfin sand skate,Raya marrón claro,
QND,Nototodarus spp,Nototodarus flying squids nei,Potas Nototodarus nep,Encornets Nototodarus nca
QNR,Promachocrinus kerguelensis,,,
QNS,Solanometra antarctica,,,
QOE,Primnoa resedaeformis,Red trees,,
QON,Primnoidae,,,
QOS,Ostreola stentina,Dwarf oyster,Morruncho,Huître naine
QPB,Perissodonta mirabilis,Subantarctic struthiolaria,Strutiolaria subantarctica,Struthiolaire subantarctique
QPF,Aequipecten felipponei,Felippone's scallop,,
QPH,Polybius henslowii,Henslow’s swimming crab,Patelo,Crabe à sardine
QPM,Patella miniata,Cinnabar limpet,,
QPP,Paralichthys patagonicus,Patagonian flounder,Lenguado de Patagonia,Cardeau patagonien
QPT,Aequipecten tehuelchus,Tehuelche scallop,,
QPX,Palaemon spp,Palaemon shrimps nei,Camarones Palaemon nep,Bouquets Palaemon nca
QRG,Serripes groenlandicus,Greenland smoothcockle,Berberecho de Groenlandia,Coque lisse du Groenland
QRQ,Eleutheronema rhadinum,E. Asian fourfinger threadfin,Barbudo cuatro dedos de Asia,Barbure à quatre doigts d'Asie
QRR,Filimanus hexanema,Javanese threadfin,Barbudo javanés,Barbure de Java
QRS,Filimanus perplexa,Splendid threadfin,Barbudo espléndido,Barbure magnifique
QRT,Filimanus sealei,Eightfinger threadfin,Barbudo de ocho dedos,Barbure à huit doigts
QRU,Filimanus similis,Indian sevenfinger threadfin,Barbudo de siete dedos índico,Barbure sept doigts des Indes
QRW,Filimanus xanthonema,Yellowthread threadfin,Barbudo de dedos amarillos,Barbure à doigts oranges
QRY,Parapolynemus verekeri,Dwarf paradise fish,Barbudo paraíso enano,Barbure paradis nain
QRZ,Polydactylus bifurcus,Slender fivefinger threadfin,Barbudo esbelto,Barbure svelte
QSA,Strombus aurisdianae,Diana conch,,Strombe de Diane
QSB,Strombus bulla,Bubble conch,,Strombe tacheté
QSC,Aequipecten opercularis,Queen scallop,Volandeira,Vanneau
QSD,Strombus dentatus,Samar conch,,Strombe trident
QSE,Strombus lentiginosus,Silver conch,,Strombe lentigineux
QSF,Polydactylus longipes,Long-limb threadfin,Barbudo de dedos largos,Barbure longs-doigts
QSG,Strombus gibberulus,Gibbose conch,,Strombe gibbeux
QSH,Polydactylus macrochir,King threadfin,Barbudo de manos grandes,Barbure gros-doigts
QSI,Strombus mutabilis,Mutable conch,,Strombe fleuri
QSJ,Polydactylus macrophthalmus,River threadfin,Barbudo de rio,Barbure de rivière
QSK,Polydactylus malagasyensis,African blackspot threadfin,Barbudo mancha negra africano,Barbure tâche noire d'Afrique
QSL,Strombus labiatus,Plicate conch,,Strombe plissé
QSM,Strombus marginatus,Marginate conch,,Strombe marginé
QSN,Strombus canarium,Dog conch,,Strombe isabelle
QSP,Strombus epidromis,Swan conch,,Strombe aile-de-cygne
QSQ,Polydactylus microstomus,Smallmouth threadfin,Barbudo de boca pequeña,Barbure à petite bouche
QSR,Strombus urceus,Little pitcher conch,,Strombe cruchon
QSS,Strombus sinuatus,Laciniate conch,,Strombe à crête
QST,Strombus latissimus,Widest Pacific conch,,Grand strombe du Pacifique
QSU,Strombus luhuanus,Strawberry conch,,Strombe fraise
QSV,Strombus variabilis,Variable conch,,Strombe variable
QSW,Polydactylus mullani,Arabian blackspot threadfin,Barbudo de mancha negra árabe,Barbure à tâche noire d'Arabie
QSX,Todarodes spp,Todarodes flying squids nei,Potas Todarodes nep,Toutenons nca
QSY,Polydactylus multiradiatus,Australian threadfin,Barbudo de lomo oscuro,Barbure à dos sombre
QSZ,Polydactylus nigripinnis,Blackfin threadfin,Barbudo de aletas negras,Barbure à nageoires noires
QTA,Quintana atrizona,Barred topminnow,,
QTB,Polydactylus octonemus,Atlantic threadfin,Barbudo ocho dedos atlántico,Barbure huit doigts atlantique
QTC,Polydactylus oligodon,Littlescale threadfin,Barbudo de escamas pequeñas,Barbure à petites écailles
QTD,Polydactylus persicus,Persian blackspot threadfin,Barbudo de mancha negra persa,Barbure à tâche noire de Perse
QTE,Patella depressa,,,
QTF,Polydactylus siamensis,Largemouth striped threadfin,Barbudo rayado de boca grande,Barbure à grande bouche
QTG,Polydactylus virginicus,Barbu,Barbudo de charco,Barbure de flaque
QTH,Pterocladia heteroplatos,,,
QTI,Patella lugubris,Mournful limpet,,
QTJ,Polynemus aquilonaris,Northern paradise fish,Barbudo paraíso norteño,Barbure paradis du Nord
QTK,Polynemus dubius,Eastern paradise fish,Barbudo paraíso oriental,Barbure paradis d'Orient
QTL,Porites lobata,Smooth star coral,Coral estrellado liso,Corail étoile lisse
QTM,Polynemus hornadayi,Hornaday’s paradise fish,Barbudo paraíso de Hornaday,Barbure paradis de Hornaday
QTN,Pterocladia nana,,,
QTO,Tonna olearium,Oily tun,,Tonne huilée
QTP,Porites panamensis,Small star coral,Pequeño coral estrellado,Petit corail étoile
QTR,Polynemus melanochir,Blackhand paradise fish,Barbudo paraíso de mano negra,Barbure paradis à doigts noirs
QTS,Polynemus multifilis,Elegant paradise fish,Barbudo paraíso elegante,Barbure paradis élégante
QTT,Tonna tessellata,Mosaic tun,,Tonne mosaique
QTU,Pterocladia lucida,,,
QTV,Patella vulgata,Limpet,Lapa,Patelle de l'Atlantique
QTW,Polynemus kapuasensis,Kapuas elegant paradise fish,Barbudo paraíso de Kapuas,Barbure paradis de Kapuas
QTX,Polynemus spp,,,
QUA,Squaliolus aliae,Smalleye pygmy shark,,
QUB,Squalus blainville,Longnose spurdog,Galludo,Aiguillat coq
QUC,Squalus cubensis,Cuban dogfish,Galludo cubano,Aiguillat cubain
QUE,Scomberoides spp,Queenfishes,Jureles saltadores,Sauteurs
QUJ,Squalus japonicus,Japanese spurdog,Galludo japones,Aiguillat togari
QUK,Squalus mitsukurii,Shortspine spurdog,Galludo espinilla,Aiguillat épinette
QUL,Squaliolus laticaudus,Spined pygmy shark,Tollo pigmeo espinudo,Squale nain
QUM,Scomberomorus queenslandicus,Queensland school mackerel,Carite de Queensland,Thazard du Queensland
QUN,Squalus melanurus,Blacktailed spurdog,Galludo cola negra,Aiguillat à queue noire
QUR,Squalus rancureli,Cyrano spurdog,Galludo cirano,Aiguillat cyrano
QUS,Quirichthys stramineus,,,
QUY,Quietula y-cauda,,,
QWD,Tylobranchion speciosum,,,
QWI,Smittina anecdota,,,
QWL,Smittoidea ornatipectoralis,,,
QWV,Mediaster sladeni,Sladen's star,,
QYB,Sycozoa sigillinoides,,,
QYX,Stichopathes spp,,,
QZW,Darina rustica,,,
QZX,Darina spp,,,
RAA,Coilia mystus,Osbeck's grenadier anchovy,Anchoa granadera,Alice
RAB,Rastrelliger brachysoma,Short mackerel,Caballa rechoncha,Maquereau trapu
RAC,Solen capensis,Cape razor clam,Navaja del Cabo,Couteau du Cap
RAD,Rasbora daniconius,Slender rasbora,,
RAE,Solen marginatus,European razor clam,Navaja europea,Couteau d'Europe
RAF,Rastrelliger faughni,Island mackerel,Caballa isleña,Maquereau des îles
RAG,Rastrelliger kanagurta,Indian mackerel,Caballa de la India,Maquereau des Indes
RAH,Anacanthobatis ori,Black legskate,,
RAI,Randallichthys filamentosus,Randall's snapper,Pargo de Randall,Vivaneau de Randall
RAJ,Rajidae,Rays and skates nei,Rayidos nep,Rajidés nca
RAK,Crapatalus angusticeps,Slender stargazer,,
RAL,Dussumieria elopsoides,Slender rainbow sardine,Sardina arco iris grácil,Sardine arc-en-ciel gracile
RAM,Anacanthobatis americanus,,,
RAN,Anacanthobatis melanosoma,,,
RAO,Anacanthobatis borneensis,,,
RAP,Siliqua patula,Pacific razor clam,Navaja del Pacífico,Couteau du Pacifique
RAQ,Ranina ranina,Spanner crab,,
RAR,Aptychotrema rostrata,Eastern shovelnose ray,,
RAS,Dussumieria acuta,Rainbow sardine,Sardina arco iris,Sardine arc-en-ciel
RAT,Hydrolagus colliei,Spotted ratfish,Quimera americana,Chimère d'Amérique
RAU,Anacanthobatis marmoratus,Spotted legskate,,
RAV,Aptychotrema vincentiana,Western shovelnose ray,,
RAW,Arca avellana,Hazelnut ark,,Arche noisette
RAX,Rastrelliger spp,Indian mackerels nei,Caballas del Indo-Pacífico nep,Maquereaux indo-pacifique nca
RAY,Arhynchobatis asperrimus,Longtail skate,,
RAZ,Solen spp,Solen razor clams nei,Navajas Solen nep,Couteaux Solen nca
RBA,Rhinobatos annulatus,,,
RBB,Rhinobatos batillum,,,
RBC,Rhinobatos cemiculus,Blackchin guitarfish,,
RBD,Rhinobatos lionotus,,,
RBE,Rhinobatos brevirostris,Lesser guitarfish,,
RBF,Rhinobatos punctifer,,,
RBG,Rhabdamia gracilis,Luminous cardinalfish,,
RBH,Rhinobatos halavi,Halavi ray,,
RBI,Rhinobatos irvinei,,,
RBJ,Rexea brevilineata,Short-lined escolar,Escolar de rayas cortas,Escolier barracuda
RBK,Rhinobatos horkelii,Brazilian guitarfish,,
RBL,Rhinobatos glaucostigma,Speckled guitarfish,,
RBM,Rhinobatos obtusus,,,
RBN,Rhinobatos hynnicephalus,,,
RBO,Rhinobatos holcorhynchus,Slender guitarfish,,
RBP,Rhinobatos productus,Shovelnose guitarfish,,
RBQ,Rhinobatos typus,Giant shovelnose ray,,
RBR,Rhinobatos granulatus,Granulated guitarfish,,
RBS,Rhinobatos leucospilus,Grayspottted guitarfish,,
RBT,Rhinobatos lentiginosus,Atlantic guitarfish,,
RBU,Rhinobatos leucorhynchus,Whitesnout guitarfish,,
RBV,Rhinobatos thouin,Thouin ray,,
RBW,Rhinobatos salalah,,,
RBX,Rhinobatos rhinobatos,Common guitarfish,,
RBY,Gymnura spp,Butterfly rays nei,Rayas mariposa nep,Raies-papillon nca
RBZ,Rhinobatos schlegelii,Brown guitarfish,,
RCA,Rhynchobatus australiae,Whitespotted wedgefish,,
RCB,Paracyprichromis brieni,,,
RCC,Parachaetodon ocellatus,Sixspine butterflyfish,,
RCD,Rhynchobatus djiddensis,Giant guitarfish,Pez cuna manchado,Poisson paille à pois
RCE,Parapriacanthus elongatus,Slender bullseye,,
RCF,Racenisia fimbriipinna,,,
RCG,Ribeiroclinus eigenmanni,,,
RCH,Rhechias bertini,,,
RCI,Paracirrhites forsteri,Blackside hawkfish,,
RCJ,Astatoreochromis alluaudi,,,
RCK,Arctides regalis,Royal spanish lobster,Cigarra real,Cigale royale
RCL,Rhynchobatus luebberti,African wedgefish,,
RCM,Caprichromis liemi,,,
RCN,Rhadinocentrus ornatus,,,
RCO,Rheocles alaotrensis,Katrana,,
RCP,Rhinochimaera pacifica,Pacific spookfish,,
RCQ,Rhinocoryne humboldti,Humboldt's potamid,Torreon de Humboldt,Toutout chilien
RCR,Raniceps raninus,Tadpole fish,,Trident
RCS,Roncador stearnsii,Spotfin croaker,,
RCT,Rhinochimaera atlantica,Straightnose rabbitfish,Narigón sierra,Chimère à nez mou
RCU,Serranocirrhitus latus,Hawkfish anthias,,
RCV,Paraclinus altivelis,,,
RCW,Procambarus clarkii,Red swamp crawfish,Cangrejo de las marismas,Écrevisse rouge de marais
RCX,Rhacochilus toxotes,Rubberlip seaperch,,
RCY,Rhynchocinetes durbanensis,Striped hinge beak shrimp,,
RCZ,Arenicola defodiens,"Black lug, Runnydown",,
RDA,Dasyatis americana,Southern stingray,Raya látigo americana,Pastenague américaine
RDB,Dasyatis bennetti,Bennett's stingray,,
RDC,Dasyatis centroura,Roughtail stingray,,
RDD,Dasyatis dipterura,Diamond stingray,,
RDE,Dasyatis margaritella,,,
RDF,Dasyatis fluviorum,Estuary stingray,,
RDG,Dasyatis garouaensis,,,
RDH,Dasyatis chrysonota,,,
RDI,Dasyatis giganteus,,,
RDJ,Dasyatis geijskesi,Sharpsnout stingray,,
RDK,Dasyatis kuhlii,Blue-spotted stingray,,
RDL,Dasyatis longa,Longtail stingray,Raya látigo coluda,Pastenague queue longue
RDM,Sciaenops ocellatus,Red drum,Corvinón ocelado,Tambour rouge
RDN,Dasyatis annotata,Plain maskray,,
RDO,Dasyatis laosensis,Mekong stingray,,
RDP,Dasyatis microps,Smalleye stingray,,
RDQ,Dasyatis marmorata,,,
RDR,Dasyatis brevicaudata,Short-tail stingray,,
RDS,Dasyatis margarita,Daisy stingray,,
RDT,Dasyatis latus,,,
RDU,Dasyatis guttata,Longnose stingray,,
RDV,Dasyatis brevis,Whiptail stingray,,
RDW,Dasyatis ukpam,,,
RDX,Dasyatis ushiei,,,
RDY,Dasyatis leylandi,Painted maskray,,
RDZ,Dasyatis zugei,Pale-edged stingray,,
REA,Pagrus auriga,Redbanded seabream,Pargo sémola,Pagre rayé
REB,Sebastes mentella,Beaked redfish,Gallineta nórdica,Sébaste du Nord
REC,Sebastes capensis,Cape redfish,Gallineta del Cabo,Sébaste du Cap
RED,Sebastes spp,Atlantic redfishes nei,Gallinetas del Atlántico nep,Sébastes de l'Atlantique nca
REE,Tenualosa reevesii,Reeves shad,,
REF,Retroculus lapidifera,,,
REG,Sebastes marinus,Golden redfish,Gallineta dorada,Sébaste doré
REH,Rectoris posehensis,,,
REI,Coccorella atlantica,,,
REJ,Acreichthys hajam,,,
REK,Repomucenus calcaratus,Spotted stinkfish,,
REL,Regalecus glesne,King of herrings,Rey de los arenques,Roi des harengs
REM,Remora spp,Shark suckers,,
REN,Sebastes fasciatus,Acadian redfish,Chancharro,Sébaste rose
REO,Remora remora,Shark sucker,Rémora tiburonera,Rémora des requins
REP,Penaeus penicillatus,Redtail prawn,Camarón rabo colorado,Crevette queue rouge
REQ,Sebastes oculatus,Patagonian redfish,Chancharro cabrilla,
RER,Petrus rupestris,Red steenbras,Dentón del Cabo,Denté du Cap
RES,Lutjanus argentimaculatus,Mangrove red snapper,Pargo de manglar,Vivaneau des mangroves
RET,Relictus solitarius,Relict dace,,
REU,Roeboides caucae,,,
REV,Pagrus major,Japanese seabream,Dorada del Japón,Dorade japonaise
REW,Solaster regularis,,,
REX,Arenaeus mexicanus,Sand swimcrab,Jaiba arenera,Crabe de sable
REY,Remora brachyptera,Spearfish remora,Tardanaves,Rémora des espadons
REZ,Remora osteochir,Marlin sucker,Agarrador,Rémora des marlins
RFA,Raja taaf,,,
RFB,Rhamphochromis brevis,,,
RFC,Sebastes crameri,Darkblotched rockfish,,
RFE,Pleuronectes vetulus,English sole,Soya inglesa,Carlottin anglais
RFG,Rhamdia guatemalensis,Pale catfish,Juil descolorido,
RFH,Rhopiella hirsuta,,,
RFL,Raja straeleni,Spotted skate,,
RFM,Marcia flammea,Ovate clam,,
RFO,Raja rondeleti,Rondelet's ray,,
RFP,Parupeneus barberinus,Dash-and-dot goatfish,,Rouget-barbet barberin
RFQ,Parupeneus indicus,Indian goatfish,Salmonete índico,Rouget-barbet indien
RFR,Rutilus frisii,Kutum,,
RFS,Raja springeri,Roughbelly skate,,
RFT,Raja stellulata,Starry skate,,
RFV,Raja ravidula,Smoothback skate,,
RFX,Raja rouxi,,,
RFY,Raja stenorhynchus,Prow-nose skate,,
RFZ,Rutilus lemmingii,,Pardilla,
RGA,Gurgesiella atlantica,,,
RGB,Rhinogobius brunneus,Amur goby,,
RGC,Gymnura crebripunctata,Longsnout butterfly ray,,
RGD,Rangia mendica,Western Mexican rangia,Rangia mexicana,Rangie mexicaine
RGE,Paragobiodon echinocephalus,Redhead goby,,
RGF,Rhinogobius flumineus,,,
RGG,Racovitzia glacialis,,,
RGH,Argyrosomus thorpei,Squaretail kob,,
RGI,Gymnura micrura,Smooth butterfly ray,,
RGJ,Gymnura japonica,Japanese butterflyray,,
RGK,Arnoglossus capensis,Cape scaldfish,,
RGL,Gymnura altavela,Spiny butterfly ray,Raya mariposa,Raie-papillon épineuse
RGM,Gymnura marmorata,California butterfly ray,Raya mariposa californiana,Raie-papillon californienne
RGN,Cristatogobius nonatoae,,,
RGO,Aseraggodes kobensis,,,
RGP,Gymnura poecilura,Long-tailed butterfly ray,,
RGQ,Rangia cuneata,Common rangia,Rangia americana,Rangie americaine
RGR,Gymnetrus russelii,,,
RGS,Gurgesiella sibogae,,,
RGT,Gymnura tentaculata,Tentacled butterfly ray,,
RGU,Gymnura australis,Australian butterfly ray,,
RGV,Sargassum vulgare,Common sargassum,Sarzago común,Sargasse commune
RGX,Arnoglossus spp,Scaldfishes nei,,
RGY,Aseraggodes macleayanus,Narrowbanded sole,,
RGZ,Gymnura zonura,Zonetail butterfly ray,,
RHA,Rhizoprionodon acutus,Milk shark,Cazón lechoso,Requin à museau pointu
RHB,Rhabdalestes brevidorsalis,,,
RHC,Rhinochimaera spp,Knife-nosed chimaeras nei,Quimeras-navaja nep,Chimères-couteau nca
RHD,Rhinobatos annandalei,Annandale's guitarfish,,
RHE,Rhinoraja odai,,,
RHF,Rhinobatos formosensis,,,
RHG,Macrourus berglax,Roughhead grenadier,Granadero berglax,Grenadier berglax
RHH,Rhinobatos blochii,Bluntnose guitarfish,,
RHI,Labeo spp,Rhinofishes nei,Labeos nep,Labéos nca
RHJ,Rhinoraja longicauda,,,
RHK,Rhinoraja kujiensis,Dapple-bellied softnose skate,,
RHL,Rhizoprionodon lalandii,Brazilian sharpnose shark,Cazón picudo chino,Requin aiguille brésilien
RHM,Rhodeus amarus,,,
RHN,Rhincodon typus,Whale shark,Tiburón ballena,Requin baleine
RHO,Rhinobatos ocellatus,,,
RHP,Palmaria palmata,Dulse,,Main de mer
RHQ,Rhinichthys atratulus,Blacknose dace,,
RHR,Rhizoprionodon porosus,Caribbean sharpnose shark,Cazón picudo antillano,Requin aiguille antillais
RHS,Rhamdia sapo,South American catfish,,
RHT,Rhizoprionodon terraenovae,Atlantic sharpnose shark,Cazón picudo atlántico,Requin aiguille gussi
RHU,Rhizoprionodon longurio,Pacific sharpnose shark,Cazón picudo del Pacífico,Requin bironche
RHV,Rhinichthys osculus,Speckled dace,,
RHW,Rhinichthys cataractae,Longnose dace,,
RHX,Rhizoprionodon oligolinx,Grey sharpnose shark,Cazón picudo gris,Requin aiguille gris
RHY,Rhizoprionodon taylori,Australian sharpnose shark,Cazón picudo australiano,Requin aiguille réchine
RHZ,Rhizoprionodon spp,Sharpnose sharks nei,Cazones picudos nep,Requins aiguilles gussi nca
RIA,Rhinosardinia amazonica,Amazon spinejaw sprat,,
RIB,Mora moro,Common mora,Mollera moranella,Moro commun
RIC,Rhinomugil corsula,Corsula,,
RID,Rhadinesthes decimus,,,
RIE,Paralichthys adspersus,Fine flounder,,
RIF,Rineloricaria fallax,,,
RIG,Paristiopterus gallipavo,Yellowspotted boarfish,,
RIH,Rhinopias aphanes,,,
RII,Coris gaimard,African coris,,
RIJ,Arctides guineensis,Small spanish lobster,Cigarra pequena,Petite cigale des Caraïbes
RIK,Raoulius cultrifer,Pastel odontodactylid mantis s,,
RIL,Richardsonius balteatus,Redside shiner,,
RIM,Rhamdiopsis moreirai,,,
RIN,Rinoctes nasutus,Abyssal smooth-head,,
RIO,Rainfordia opercularis,Flathead perch,,
RIP,Rhinelepis aspera,,,
RIR,Rhodichthys regina,,,
RIS,Pristolepis fasciata,Malayan leaffish,,
RIT,Rhinoprenes pentanemus,Threadfin scat,,
RIU,Alectridium aurantiacum,Lesser prickleback,,
RIV,Paralabidochromis victoriae,,,
RIW,Irolita waitii,Southern round skate,,
RIX,Rangia spp,,,
RIY,Redigobius amblyrhynchus,,,
RJA,Raja alba,White skate,Raya bramante,Raie blanche
RJB,Raja batis,Blue skate,Noriega,Pocheteau gris
RJC,Raja clavata,Thornback ray,Raya de clavos,Raie bouclée
RJD,Raja erinacea,Little skate,,Raie hérisson
RJE,Raja microocellata,Small-eyed ray,Raya colorada,Raie mêlée
RJF,Raja fullonica,Shagreen ray,Raya cardadora,Raie chardon
RJG,Raja hyperborea,Arctic skate,Raya ártica,Raie arctique
RJH,Raja brachyura,Blonde ray,Raya boca de rosa,Raie lisse
RJI,Raja circularis,Sandy ray,Raya falsa vela,Raie circulaire
RJJ,Raja jenseni,Shorttail skate,,Raie à queue courte
RJK,Raja lintea,Sailray,Raya vela,Raie voile
RJL,Raja laevis,Barndoor skate,,Grande raie
RJM,Raja montagui,Spotted ray,Raya pintada,Raie douce
RJN,Raja naevus,Cuckoo ray,Raya santiguesa,Raie fleurie
RJO,Raja oxyrinchus,Longnosed skate,Raya picuda,Pocheteau noir
RJP,Malacoraja spinacidermis,Soft skate,Raya piel áspera,Raie peau hérissée
RJQ,Bathyraja spinicauda,Spinetail ray,,Raie à queue épineuse
RJR,Raja radiata,Starry ray,Raya radiante,Raie radiée
RJS,Malacoraja senta,Smooth skate,Raya lisa norteamericana,Raie lisse américaine
RJT,Raja ocellata,Winter skate,,Raie tachetée
RJU,Raja undulata,Undulate ray,Raya mosaica,Raie brunette
RJX,Aetomylaeus spp,,,
RJY,Raja fyllae,Round ray,Raya redonda,Raie ronde
RKA,Serranochromis angusticeps,Thinface cichlid,,
RKB,Paramonacanthus barnardi,Wedgetail filefish,,
RKC,Aristochromis christyi,,,
RKD,Processa edulis,Nika shrimp,Camarón nica,Guernade nica
RKE,Caridina edulis,Malagasy caridina,Caridina malgache,Saltarelle malgache
RKF,Parachanna africana,,,
RKG,Paracheilinus angulatus,Angular flasher,,
RKH,Procambarus hirsutus,,,
RKI,Caridina africana,African caridina,Caridina africana,Saltarelle africaine
RKJ,Processa peruviana,Peruvian one-handed shrimp,Camarón manco peruano,Crevette manchot péruvienne
RKK,Caridina tonkinensis,Tonkin caridina,Caridina tonkinesa,Saltarelle tonkinoise
RKL,Ratsirakia legendrei,,,
RKM,Arca imbricata,Mossy ark,Arca pata de cabra,Arche crochue
RKN,Caridina nilotica,Common caridina,Caridina común,Saltarelle commune
RKO,Procambarus troglogytes,,,
RKP,Caridina propinqua,Bengal caridina,Caridina bengalí,Saltarelle bengalaise
RKQ,Arca noae,Noah's ark,Arca de Noe,Arche de Noé
RKR,Caridina gracilirostris,Needlenose caridina,Caridina aguja,Saltarelle aiguille
RKS,Spirula spirula,Ram's horn squid,Espírula,Spirule
RKT,Procambarus bivitattus,Ribbon crayfish,,
RKU,Processa canaliculata,Processa shrimp,Camarón procesa,Guernade processe
RKV,Caridina laevis,Smooth caridina,Caridina lisa,Saltarelle glabre
RKW,Caridina weberi,Pugnose caridina,Caridina ñata,Saltarelle nez-camus
RKX,Procambarus fallax,,,
RKY,Procambarus hayi,,,
RKZ,Arnoglossus kessleri,Scaldback,Peluda,Fausse limande de Kessler
RLA,Rutilus alburnoides,,,
RLB,Paralonchurus brasiliensis,Banded croaker,,
RLC,Rhamdella eriarcha,,,
RLD,Crenicichla lepidota,Pike cichlid,,
RLE,Paralonchurus elegans,Blackfin croaker,,
RLF,Seriola fasciata,Lesser amberjack,Medregal listado,Sériole babiane
RLG,Rana aurora,Red-legged frog,,
RLH,Seriola hippos,Samson fish,,
RLI,Arnoglossus imperialis,Imperial scaldfish,,
RLJ,Crenicichla johanna,,,
RLL,Rabaulichthys altipinnis,Sailfin anthias,,
RLM,Croilia mossambica,Burrowing goby,,
RLN,Seriola peruana,Fortune jack,Medregal fortuno,Sériole bijou
RLO,Priolepis boreus,,,
RLP,Serraniculus pumilio,Pygmy sea bass,,
RLR,Seriola carpenteri,Guinean amberjack,Medregal de Guinea,Sériole guinéenne
RLS,Parrella fusca,,,
RLT,Crenicichla alta,,,
RLU,Radulinus vinculus,Smoothgum sculpin,,
RLV,Rhabdolichops caviceps,,,
RLX,Crenicichla saxatilis,Ringtail pike cichlid,,
RLY,Rathbunella hypoplecta,Stripefin ronquil,,
RLZ,Seriola zonata,Banded rudderfish,Medregal guaimeque,Sériole guaimèque
RMA,Manta alfredi,,,
RMB,Manta birostris,Giant manta,Manta gigante,Mante géante
RMC,Mobula coilloti,,,
RME,Mobula eregoodootenkee,Longhorned mobula,,
RMF,Sparisoma aurofrenatum,Redband parrotfish,,
RMG,Sebastes melanops,Black rockfish,,
RMH,Mobula hypostoma,Lesser devil ray,Manta del Golfo,Mante diable
RMI,Leiarius arekaima,,,
RMJ,Mobula japanica,Spinetail mobula,,
RMK,Mobula kuhlii,Shortfin devil ray,,Petit diable
RML,Rhamphichthys hahni,,,
RMM,Mobula mobular,Devil fish,Manta mobula,
RMN,Mobula rochebrunei,Lesser Guinean devil ray,Diablito de Guinea,Petit diable de Guinée
RMO,Mobula thurstoni,Smoothtail mobula,,
RMP,Rhombosolea plebeia,Sand flounder,,
RMQ,Rhamdia quelen,,,
RMR,Mobula robertsi,,,
RMS,Sesarma sulcatum,Hairy matchbox crab,Abuete cajeta peluda,Anglette poilue
RMT,Mobula tarapacana,Chilean devil ray,,
RMU,Mobula munkiana,Munk's devil ray,,
RMV,Mobula spp,Mobula nei,,
RMW,Rexea nakamurai,Nakamura's escolar,Escolar de Nakamura,Escolier dentu
RMX,Paraclinus mexicanus,Mexican blenny,,
RMZ,Archamia zosterophora,Blackbelted cardinalfish,,
RNA,Neoraja africana,,,
RNB,Serranus atrobranchus,Blackear bass,,
RNC,Parananochromis caudifasciatus,,,
RND,Ruanoho decemdigitatus,Longfinned triplefin,,
RNE,Cirrhinus reba,Reba carp,,
RNF,Serranus fasciatus,,,
RNG,Coryphaenoides rupestris,Roundnose grenadier,Granadero de roca,Grenadier de roche
RNH,Arnoglossus thori,Thor's scaldfish,,
RNI,Paranibea semiluctuosa,Half-mourning croaker,,
RNJ,Seriolina nigrofasciata,Blackbanded trevally,,Sériole amourez
RNK,Rhinosolea microlepidota,,,
RNL,Caprodon longimanus,Pink maomao,,
RNM,Cirrhinus microlepis,Small scale mud carp,,
RNN,Rhinoliparis attenuatus,Slim snailfish,,
RNO,Notoraja ochroderma,,,
RNP,Rhabdoblennius ellipes,Barred-chin blenny,,
RNQ,Saron neglectus,Spotted marbled shrimp,,
RNR,Cirrhinus cirrhosus,,,
RNS,Neoraja stehmanni,African pygmy skate,,
RNT,Notoraja tobitukai,,,
RNU,Notoraja subtilispinosa,,,
RNV,Sebastes nigrocinctus,Tiger rockfish,,
RNW,Lissodelphis borealis,Northern right whale dolphin,Delfín liso del Norte,Dauphin à dos lisse boréal
RNX,Rhamdia spp,,,
RNY,Atrina chautardi,Chautard's pen shell,Pina de Chautard,Lambonneau de Chautard
ROA,Rossia macrosoma,Stout bobtail squid,Globito robusto,Sépiole melon
ROB,Centropomus spp,Snooks(=Robalos) nei,Róbalos nep,Crossies nca
ROC,Cancer productus,Pacific rock crab,Jaiba del Pacífico,Tourteau du Pacifique
ROD,Prognathodes dichrous,Bicolor butterflyfish,,
ROF,Rhombosolea leporina,Yellowbelly flounder,,
ROG,Rohtee ogilbii,,,
ROH,Rhabdosargus holubi,Cape stumpnose,,
ROI,Rohteichthys microlepis,,,
ROJ,Prolatilus jugularis,Pacific sandperch,Blanquillo,Tile blanquille
ROK,Helicolenus spp,Rosefishes nei,Rascacios sureños nep,Sébastes chèvres nca
ROL,Gaidropsarus spp,Rocklings nei,Barbadas nep,Motelles nca
ROM,Chrysoblephus laticeps,Roman seabream,Sargo montura blanca,Spare à selle blanche
RON,Rhoadsia altipinna,,,
ROO,Rhodeus ocellatus,Rosy bitterling,,
ROP,Rhombosolea tapirina,Greenback flounder,,
ROQ,Protothaca asperrima,Rough littleneck,Taca lima,Vénus râpe
ROR,Rhodeus sericeus,Bitterling,,
ROS,Lepidopsetta bilineata,Rock sole,Lenguado del Pacífico,Fausse limande du Pacifique
ROT,Rouleina attrita,Softskin smooth-head,,
ROU,Romanogobio tenuicorpus,Amur whitefin gudgeon,,
ROV,Romanichthys valsanicola,Asprete,,
ROW,Rogadius welanderi,Welander's flathead,,
ROY,Morone chrysops,White bass,,
RPA,Anoxypristis cuspidata,Pointed sawfish,,
RPB,Parupeneus bifasciatus,Doublebar goatfish,,
RPC,Pristis clavata,Dwarf sawfish,,
RPD,Plesiobatis daviesi,Deep-water stingray,,
RPE,Prototroctes maraena,Australian grayling,,
RPF,Parupeneus forsskali,Red Sea goatfish,,
RPG,Pagrus pagrus,Red porgy,Pargo,Pagre rouge
RPH,Parupeneus porphyreus,,,
RPI,Parapercis snyderi,U-mark sandperch,,
RPJ,Sebastes proriger,Redstripe rockfish,,
RPK,Parupeneus multifasciatus,Manybar goatfish,,
RPL,Parupeneus pleurostigma,Sidespot goatfish,,
RPM,Pristis microdon,Largetooth sawfish,,
RPN,Rapana spp,Sea snails,Caracoles de mar,Escargots de mer
RPO,Parupeneus macronema,Long-barbel goatfish,,
RPP,Pristis pectinata,Smalltooth sawfish,,
RPQ,Rogadius prionotus,Blackblotch flathead,,
RPR,Pristis pristis,Common sawfish,,
RPS,Platyrhina sinensis,,,
RPT,Platyrhinoidis triseriata,Thornback guitarfish,,
RPU,Rhomboplites aurorubens,Vermilion snapper,Pargo cunaro,Vivaneau ti-yeux
RPV,Rhaphiodon vulpinus,Biara,,
RPW,Rapana venosa,Thomas' rapa whelk,Busano veteado,Rapana veine
RPX,Parupeneus spp,,,
RPY,Parupeneus cyclostomus,Gold-saddle goatfish,,
RPZ,Pristis zijsron,Longcomb sawfish,,
RQA,Procambarus alleni,Florida crayfish,,
RQB,Rexea bengalensis,Bengal escolar,Escolar bengalí,Escolier bengalais
RQC,Protothaca columbiensis,Columbian littleneck,Almejuela colombiana,Vénus colombienne
RQD,Macrobrachium rathbunae,Shortfinger river shrimp,Cauque pulgarcito,Bouquet petits doigts
RQE,Protothaca pectorina,Brazilian comb venus,,
RQF,Parupeneus heptacanthus,Cinnabar goatfish,,Rouget-barbet cinnabare
RQG,Protothaca grata,Lesser littleneck,Taca menor,Vénus naine
RQH,Trochus hanleyanus,Lined top,,Troque rayé
RQI,Rhopilema hispidum,,,
RQJ,Ronquilus jordani,Northern ronquil,,
RQM,Trochus maculatus,Maculated top,,Troque tacheté
RQN,Trochus niloticus,Commercial top,,Trocha nacrier
RQO,Rhopilema nomadica,,,
RQP,Arca pacifica,Chuchoca ark,Arca chuchoca,Arche chuchoque
RQR,Rapana rapiformis,Turnish shaped rapa,,Rapane bulbeuse
RQS,Rhopilema asamushi,,,
RQT,Protothaca tenerrima,Thin-shelled littleneck,Almejuela fina,Vénus fine
RQU,Rhopilema esculenta,,,
RQV,Arca ventricosa,Ventricose ark,,Arche ventrue
RQZ,Arca zebra,Turkey wing,Arca cebra,Arche zèbre
RRA,Aptychotrema bougainvillii,Short-snouted shovelnose ray,,
RRB,Rondeletia bicolor,,,
RRC,Reganochromis calliurus,,,
RRD,Paretroplus damii,,,
RRE,Parahollardia lineata,Jambeau,,
RRF,Rhamphocottus richardsoni,Grunt sculpin,,
RRG,Regalecidae,Oarfishes nei,Reyes de arenque nep,Régalecs nca
RRH,Etrumeus teres,Red-eye round herring,Sardineta canalera,Shadine ronde
RRI,Crenicara filamentosa,Chessboard cichlid,,
RRJ,Protrachypene precipua,Titi shrimp,Camarón tití,Crevette titi
RRK,Parribacus caledonicus,Caledonian mitten lobster,Cigarra de Caledonia,Cigale calédonienne
RRL,Remorina albescens,White suckerfish,,
RRM,Ruscarius meanyi,Puget Sound sculpin,,
RRN,Parribacus antarcticus,Sculptured mitten lobster,Cigarra chinesa,Cigale savate
RRO,Rudarius ercodes,Whitespotted pygmy filefish,,
RRP,Paraluteres prionurus,False puffer,,
RRR,Retropinna retropinna,Cucumberfish,,
RRS,Pleoticus robustus,Royal red shrimp,Camarón rojo real,Salicoque royale rouge
RRT,Rita rita,Rita,,
RRU,Elagatis bipinnulata,Rainbow runner,Macarela salmón,Comète saumon
RRV,Sebastes ruberrimus,Yelloweye rockfish,,
RRW,Rioraja agassizi,Rio skate,Raya lisa,
RRX,Serrasalmus spp,,,
RRY,Rhina ancylostoma,Bowmouth guitarfish,,
RRZ,Rasbora tawarensis,,,
RSA,Decapterus maruadsi,Japanese scad,Macarela japonesa,Comète japonaise
RSB,Risor ruber,Tusked goby,,
RSC,Trachurus lathami,Rough scad,Chicharro garretón,Chinchard frappeur
RSD,Arctides antipodarum,Rough spanish lobster,,Cigale rugueuse
RSE,Scorpaena scrofa,Red scorpionfish,Cabracho,Rascasse rouge
RSF,Rasborichthys helfrichii,,,
RSG,Rasbora elanga,,,
RSH,Sicyonia brevirostris,Rock shrimp,Camarón de piedra,Boucot ovetgernade
RSI,Labropsis alleni,Allen's tubelip,,
RSJ,Cristiceps aurantiacus,Golden weedfish,,
RSK,Carcharhinidae,Requiem sharks nei,"Cazones picudos,tintoreras nep",Requins nca
RSL,Rasborinus lineatus,,,
RSM,Parapsettus panamensis,Panama spadefish,,
RSN,Chrysoblephus gibbiceps,Red stumpnose seabream,Sargo cabezón,Spare gibbeux
RSO,Proterorhinus marmoratus,Tubenose goby,,
RSP,Tetrapturus georgii,Roundscale spearfish,Marlín peto,Makaire épée
RSQ,Arenaeus cribarius,Speckled swimcrab,Jaiba pintada,Crabe cyrique
RSR,Rasbora rasbora,Gangetic scissortail rasbora,,
RSS,Rhabdosargus sarba,Goldlined seabream,Sargo dorado,Sargue doré
RST,Rasbora heteromorpha,Harlequin rasbora,,
RSU,Rusichthys plesiomorphus,,,
RSV,Rasbora einthovenii,Brilliant rasbora,,
RSW,Lissodelphis peronii,Southern right whale dolphin,Delfín liso austral,Dauphin aptère austral
RSX,Chrysoblephus spp,Daggerhead breams nei,Sargos australes nep,Spares australs nca
RSY,Sparisoma chrysopterum,Redtail parrotfish,,
RSZ,Rasbora argyrotaenia,Silver rasbora,,
RTA,Ramnogaster arcuata,Jenyns's sprat,Sardinela del Plata,Sardinelle de la Plata
RTB,Taeniura grabata,Round stingray,,
RTC,Paracirrhites arcatus,Arc-eye hawkfish,,
RTD,Steno bredanensis,Rough-toothed dolphin,Esteno,Sténo
RTE,Taeniura meyeni,Round ribbontail ray,,
RTF,Trygonorrhina fasciata,Southern fiddler,,
RTG,Trygonorrhina guaneria,,,
RTH,Rhabdosargus thorpei,Bigeye stumpnose,,
RTI,Cryptacanthoides bergi,,,
RTJ,Trygonoptera javanica,,,
RTK,Trygonoptera kaiana,,,
RTL,Cryptacanthodes aleutensis,Dwarf wrymouth,,
RTM,Trygonorrhina melaleuca,Magpie fiddler ray,,
RTN,Paratilapia polleni,,,
RTO,Trygonoptera ovalis,Striped stingaree,,
RTP,Trygonoptera personata,Masked stingaree,,
RTQ,Portunus spinimanus,Blotched swimming crab,Jaiba de manchas blancas,Crabe tacheté
RTR,Rutilus rubilio,,,
RTS,Protomelas annectens,,,
RTT,Asprotilapia leptura,,,
RTU,Trygonoptera mucosa,Western shovelnose stingaree,,
RTV,Ruditapes variegatus,Variegated carpet shell,Almeja jaspeada,Palourde bigarrée
RTW,Prochaetoderma californicum,Jawed solenogaster,,
RTX,Macrouridae,"Grenadiers, rattails nei","Granaderos, colas de ratón nep",
RTY,Taeniura lymma,Ribbontail stingray,,
RTZ,Cratinus agassizii,Graery threadfin seabass,,
RUA,Urogymnus asperrimus,Porcupine ray,,
RUB,Caranx crysos,Blue runner,Cojinúa negra,Carangue coubali
RUC,Urolophus bucculentus,Sandyback stingaree,,
RUD,Ratabulus diversidens,Orange-freckled flathead,,
RUE,Urolophus expansus,Wide stingaree,,
RUF,Arripis georgianus,Ruff,Salmón áspero,Saumon rude
RUG,Urolophus gigas,Spotted stingaree,,
RUH,Urolophus halleri,Haller's round ray,,
RUI,Urolophus circularis,Circular stingaree,,
RUJ,Urolophus jamaicensis,Yellow stingray,,
RUK,Urolophus mitosis,Mitotic stingaree,,
RUL,Urolophus lobatus,Lobed stingaree,,
RUM,Urolophus maculatus,Spotted round ray,,
RUN,Urogymnus natalensis,Butterfly ray,,
RUO,Urolophus concentricus,Spot-on-spot round ray,,
RUP,Urolophus paucimaculatus,Sparsely-spotted stingaree,,
RUQ,Urolophus orarius,Coastal stingaree,,
RUR,Urolophus armatus,,,
RUS,Decapterus russelli,Indian scad,Macarela índica,Comète indienne
RUT,Urolophus cruciatus,Crossback stingaree,,
RUU,Urolophus aurantiacus,,,
RUV,Urolophus flavomosaicus,Patchwork stingaree,,
RUW,Urolophus westraliensis,Brown stingaree,,
RUX,Urolophus sufflavus,Yellowback stingaree,,
RUY,Urolophus testaceus,Common stingaree,,
RUZ,Urolophus viridis,Greenback stingaree,,
RVA,Rhinoclavis aspera,Rough vergatus,,Cérithe reche
RVB,Sebastes babcocki,Redbanded rockfish,,
RVC,Sebastes ciliatus,Dusky rockfish,,
RVE,Pteraster rugatus,,,
RVF,Rhinoclavis fasciata,Banded vertagus,,Cérithe fascié
RVH,Sebastes helvomaculatus,Rosethorn rockfish,,
RVM,Sebastes melanostomus,Blackgill rockfish,,
RVN,Sebastes nebulosus,China rockfish,,
RVP,Sebastes polyspinis,Northern rockfish,,
RVR,Sebastes aurora,Aurora rockfish,,
RVS,Rhinoclavis sinensis,Obelisk vergatus,,Cérithe obelisque
RVT,Sebastes saxicola,Stripetail rockfish,,
RVU,Sebastes variegatus,Harlequin rockfish,,
RVV,Rhinoclavis vergatus,Common vergatus,,Cérithe vautre
RVW,Sebastes wilsoni,Pygmy rockfish,,
RVX,Urolophus spp,,,
RVY,Rivulus cylindraceus,Green rivulus,,
RVZ,Sebastes zacentrus,Sharpchin rockfish,,
RWA,Dussumieria spp,Rainbow sardines nei,Sardinas arco iris nep,Sardines arc-en-ciel nca
RWS,Rasbora elegans,Twospot rasbora,,
RWX,Semaprochilodus spp,,,
RXA,Rexea antefurcata,Long-finned escolar,Escolar de aleta larga,Escolier longues ailes
RXG,Roeboexodon guyanensis,,,
RXJ,Rexichthys johnpaxtoni,Paxton's escolar,Escolar de Paxton,Escolier bécune
RXK,Processa spp,Processa shrimps nei,Camarones Processa nep,Crevettes Processa nca
RXL,Strombus latus,West African stromb,Cobo de Africa occidental,Strombe d'Afrique occidentale
RXO,Staurocucumis liouvillei,,,
RXP,Rexea prometheoides,Royal escolar,Escolar real,Escolier royal
RXQ,Sclerasterias mollis,Cross-fish,,
RXR,Strombus raninus,Hawk-wing conch,Cobo ala de aguila,Strombe aile-de-faucon
RXS,Rhabdosargus haffara,Haffara seabream,Sargo hafará,Sargue haffara
RXU,Strombus pugilis,Fighting conch,Cobo luchador,Strombe combattant
RXX,Rexea spp,,,
RXY,Argyrosomus spp,Meagres nei,Corvinas nep,Maigres nca
RYA,Rhytiodus argenteofuscus,,,
RYB,Rhynchoconger brevirostris,,,
RYC,Rypticus saponaceus,Greater soapfish,,
RYD,Rhodymenichthys dolichogaster,Stippled gunnel,,
RYE,Aetomylaeus vespertilio,Ornate eagle ray,,
RYF,Raneya fluminensis,,,
RYG,Plagiogeneion rubiginosum,Rubyfish,,
RYH,Aetomylaeus niehofii,Banded eagle ray,,
RYI,Rhycherus filamentosus,Tasselled anglerfish,,
RYJ,Argyrosomus japonicus,Japanese meagre,,
RYL,Rosenblattichthys alatus,,,
RYM,Aetomylaeus maculatus,Mottled eagle ray,,
RYN,Corymbophanes andersoni,,,
RYO,Rhynchactis leptonema,,,
RYP,Corydoras paleatus,Peppered corydoras,,
RYQ,Serolis gracilis,,,
RYR,Rhyacichthys aspro,Loach goby,,
RYS,Rhamphocetichthys savagei,,,
RYT,Rhynchogadus hepaticus,,,
RYU,Corydoras aeneus,Bronze corydoras,,
RYV,Aetomylaeus milvus,,,
RYW,Rhynchocinetes typus,Rabbitnose shrimp,Camarón de playa,Sauté des plages
RYX,Rhynchopelates oxyrhynchus,,,
RYY,Argyrosomus amoyensis,Amoy croaker,,
RYZ,Brachypleura novaezeelandiae,Yellow-dabbled flounder,,
RZE,Zapteryx exasperata,Banded guitarfish,,
RZS,Zanobatus schoenleinii,,,
RZT,Solenosmilia variabilis,,,
RZU,Sympagurus dimorphus,,,
RZV,Ranzania laevis,Slender sunfish,,
RZX,Ricuzenius nudithorax,,,
SAA,Sardinella aurita,Round sardinella,Alacha,Allache
SAB,Anoplopoma fimbria,Sablefish,Bacalao negro,Morue charbonnière
SAC,Phoca caspica,Caspian seal,Foca del Caspio,Phoque de la Mer Caspienne
SAD,Aristostomias grimaldii,,,
SAE,Sardinella maderensis,Madeiran sardinella,Machuelo,Grande allache
SAF,Eleginus gracilis,Saffron cod,Bacalao del Artico,Morne boréale
SAG,Sardinella gibbosa,Goldstripe sardinella,Sardinela dorada,Sardinelle dorée
SAH,Sarotherodon melanotheron,Blackchin tilapia,,
SAI,Istiophorus albicans,Atlantic sailfish,Pez vela del Atlántico,Voilier de l'Atlantique
SAJ,Acantholingua ohridana,,,
SAK,Sabanejewia balcanica,,,
SAL,Salmo salar,Atlantic salmon,Salmón del Atlántico,Saumon de l'Atlantique
SAM,Sardinella lemuru,Bali sardinella,Sardinela de Balí,Sardinelle de Bali
SAN,Ammodytes spp,Sandeels(=Sandlances) nei,Lanzones nep,Lançons nca
SAO,Salilota australis,Tadpole codling,Bacalao criollo,More têtard
SAP,Cololabis saira,Pacific saury,Paparda del Pacífico,Balaou du Japon
SAQ,Anarchopterus criniger,Fringed pipefish,,
SAR,Sarotherodon galilaeus,Mango tilapia,,
SAS,Harengula spp,Scaled sardines,Sardinetas,Harengules
SAU,Scomberesox saurus,Atlantic saury,Paparda del Atlántico,Balaou atlantique
SAV,Sander volgensis,Volga pikeperch,,
SAW,Pristidae,Sawfishes,Peces sierra,Poissons-scies
SAX,Scomberesocidae,Sauries nei,Papardas nep,"Balaous, bananes de mer nca"
SAY,Steindachneridion amblyurua,,,
SAZ,Solenocera alfonso,Deep-water mud shrimp,,
SBA,Pagellus acarne,Axillary seabream,Aligote,Pageot acarne
SBB,Stomias boa,Boa dragonfish,Estomias,
SBC,Sebastes paucispinis,Bocaccio rockfish,Chancharro bocacio,Sébaste bocace
SBD,Spinibarbus denticulatus,,,
SBE,Brachymystax lenok,Lenok,,
SBF,Thunnus maccoyii,Southern bluefin tuna,Atún rojo del Sur,Thon rouge du Sud
SBG,Sparus aurata,Gilthead seabream,Dorada,Dorade royale
SBH,Morone chrysops x M. saxatilis,"Striped bass, hybrid","Lubina estriada, híbrida","Bar d'Amérique, hybride"
SBI,Belodontichthys dinema,,,
SBJ,Scorpaena brasiliensis,Barbfish,,
SBK,Phoca sibirica,Baikal seal,Foca de Baikal,Phoque du lac Baikal
SBL,Hexanchus griseus,Bluntnose sixgill shark,Cañabota gris,Requin griset
SBM,Sorubim lima,Duckbill catfish,,
SBN,Scopelogadus beanii,,,
SBO,Sorubim latirostris,,,
SBP,Pagrus spp,Pargo breams nei,Pargos nep,Dorades nca
SBQ,Sarcothalia crispata,,Luga negra o crespa,
SBR,Pagellus bogaraveo,Blackspot(=red) seabream,Besugo,Dorade rose
SBS,Oblada melanura,Saddled seabream,Oblada,Oblade
SBU,Polysteganus coeruleopunctatus,Blueskin seabream,Dentón azul,Denté à points bleus
SBV,Suggrundus brevirostris,,,
SBW,Lithognathus aureti,West coast seabream,Herrera de la costa oeste,Marbré de la côte ouest
SBX,Sparidae,"Porgies, seabreams nei","Dentones, sargos nep","Dentés, spares nca"
SBY,Sebastes brevispinis,Silvergray rockfish,,
SBZ,Diplodus cervinus,Zebra seabream,Sargo breado,Sar à grosses lèvres
SCA,Placopecten magellanicus,American sea scallop,Vieira americana,Pecten d'Amérique
SCB,Argopecten irradians,Atlantic bay scallop,Peine caletero,Peigne baie
SCC,Argopecten gibbus,Calico scallop,Peine percal,Peigne calicot
SCD,Portunus pelagicus,Blue swimming crab,Jaiba azul,Étrille bleue
SCE,Pecten maximus,Great Atlantic scallop,Vieira(=Concha de Santiago),Coquille St-Jacques atlantique
SCF,Scophthalmidae,Turbots nei,Rodaballos nep,Turbots nca
SCG,Patinopecten caurinus,Weathervane scallop,Vieira gigante del Pacífico,Pecten géant du Pacifique
SCH,Argopecten ventricosus,Pacific calico scallop,Peine volador,Pétoncle volant
SCJ,Sternarchogiton cuchillejo,,,
SCK,Dalatias licha,Kitefin shark,Carocho,Squale liche
SCL,Scyliorhinus spp,"Catsharks, nursehounds nei","Alitanes, pintarrojas nep",Roussettes nca
SCM,Polysteganus praeorbitalis,Scotsman seabream,Dentón del Natal,Denté du Natal
SCN,Siganus canaliculatus,White-spotted spinefoot,Sigano pintado,Sigan pintade
SCO,Scorpaenidae,Scorpionfishes nei,"Rascacios, gallinetas nep","Rascasses, etc. nca"
SCP,Stenotomus chrysops,Scup,Sargo de América del Norte,Spare doré
SCQ,Argopecten purpuratus,Peruvian calico scallop,Ostión abanico,Pétoncle éventail
SCR,Maja squinado,Spinous spider crab,Centolla europea,Araignée européenne
SCS,Scorpaena spp,"Scorpionfishes, rockfishes nei","Rascacios, cabrachos nep",Rascasses nca
SCT,Scatophagus spp,Scats,Pingos,Pavillons
SCU,Myoxocephalus spp,Sculpins,Charrascos,Chaboisseaux
SCV,Steindachnerina varii,,,
SCW,Pachystomias microdon,,,
SCX,Pectinidae,Scallops nei,Peines nep,Peignes nca
SCY,Scyllarus arctus,Lesser slipper lobster,Santiaguiño,Petite cigale
SCZ,Pecten novaezelandiae,New Zealand scallop,Vieira de Nueva Zelandia,Pecten de Nouvelle-Zélande
SDA,Dysomma anguillare,Shortbelly eel,,
SDB,Sardinella albella,White sardinella,Sardinela blanca,Sardinelle blanche
SDC,Diastobranchus capensis,Basketwork eel,,
SDD,Saccodon dariensis,,,
SDE,Sparodon durbanensis,Musselcracker seabream,,
SDF,Lepidopus fitchi,Pacific scabbardfish,Pez cinto de Fitch,Poisson-sabre yatagan
SDG,Stypodon signifer,Stumptooth minnow,,
SDH,Deania histricosa,Rough longnose dogfish,Tollo raspa,Squale-savate rude
SDI,Sardinella sindensis,Sind sardinella,Sardinela sinda,Sardinelle miyako
SDJ,Sardinella jussieui,Mauritian sardinella,,
SDK,Scalpellidae,Scalpellidae barnacles nei,Percebes Scalpellidae nep,Pouce-pieds Scalpellidae nca
SDL,Stenodus leucichthys,Sheefish,,
SDM,Sardinella melanura,Blacktip sardinella,Sardinela rabo negro,Sardinelle queue noire
SDN,Sardinella neglecta,East African sardinella,,
SDO,Danaphos oculatus,Bottlelights,,
SDP,Mustelus schmitti,Narrownose smooth-hound,Gatuso,Émissole gatuso
SDQ,Deania quadrispinosa,Longsnout dogfish,,
SDR,Synodus saurus,Atlantic lizardfish,,
SDS,Mustelus asterias,Starry smooth-hound,Musola dentuda,Émissole tachetée
SDT,Sciadeops troschelii,Chili sea catfish,,
SDU,Deania profundorum,Arrowhead dogfish,Tollo flecha,Squale-savate lutin
SDV,Mustelus spp,Smooth-hounds nei,Tollos nep,Émissoles nca
SDW,Sciades dowii,Brown sea catfish,Bagre moreno,Mâchoiron brun
SDX,Decapterus spp,Scads nei,Macarelas nep,Comètes nca
SDY,Sardinella brachysoma,Deepbody sardinella,,
SDZ,Seriatopora caliendrum,Birdsnest coral,,
SEA,Arctocephalus gazella,Antarctic fur seal,Lobo fino antártico,Otarie antarctique
SEB,Erignathus barbatus,Bearded seal,Foca barbuda,Phoque barbu
SEC,Phoca vitulina,Harbour seal,Foca común,Phoque veau marin
SED,Sebastes serranoides,Olive rockfish,,
SEE,Argyropelecus aculeatus,,,
SEF,Arctocephalus australis,South American fur seal,Lobo fino austral,Otarie d'Amérique du Sud
SEG,Halichoerus grypus,Grey seal,Foca de gris,Phoque gris
SEH,Phoca groenlandica,Harp seal,Foca de Groenlandia,Phoque du Groenland
SEI,Seriolella violacea,Palm ruff,Cojinoba palmera,Sériolelle palmée
SEJ,Sebastes minor,,,
SEK,Arctocephalus pusillus,South African fur seal,Lobo marino de dos pelos,Otarie du Cap
SEL,Otaria flavescens,South American sea lion,Lobo común,Lion de mer d'Amérique du Sud
SEM,Seriolella brama,Common warehou,,
SEN,Callorhinus ursinus,Northern fur seal,Lobo fino del Norte,Otarie des Pribilofs
SEO,Seriolella porosa,Choicy ruff,Cojinoba savorín,Sériolelle argentine
SEP,Seriolella punctata,Silver warehou,Cojinoba moteada,
SEQ,Sebastes rosaceus,Rosy rockfish,,
SER,Phoca hispida,Ringed seal,Foca marbreada,Phoque annelé ou marbré
SES,Mirounga leonina,Southern elephant seal,Foca elephante del sur,Éléphant de mer austral
SET,Lobodon carcinophagus,Crabeater seal,Foca cangrejera,Phoque crabier
SEU,Seriolella caerulea,White warehou,Cojinoba del sur,
SEV,Polysteganus undulosus,Seventyfour seabream,Dentón manchado,Denté maculé
SEW,Trichechus inunguis,Amazonian manatee,Vaca marina del Amazonas,Lamantin de l'Amazone
SEX,Eurypharynx pelecanoides,Pelican eel,,
SEY,Schedophilus velaini,Violet warehou,,
SEZ,Cystophora cristata,Hooded seal,Foca capuchina,Phoque à crete
SFA,Istiophorus platypterus,Indo-Pacific sailfish,Pez vela del Indo-Pacífico,Voilier indo-pacifique
SFB,Sebastes borealis,Shortraker rockfish,,
SFC,Salmo carpio,,,
SFD,Sebastes diploproa,Splitnose rockfish,,
SFE,Sebastes elongatus,Greenstriped rockfish,,
SFF,Salmo fibreni,,,
SFG,Sebastes maliger,Quillback rockfish,,
SFH,Sebastiscus marmoratus,,,
SFI,Salmo ischchan,Sevan trout,,
SFJ,Sebastes caurinus,Copper rockfish,,
SFK,Sebastes jordani,Shortbelly rockfish,,
SFL,Sebastes schlegeli,Korean rockfish,,
SFM,Salmo marmoratus,,,
SFN,Diretmichthys parini,Parin's spinyfish,Malcarado de Parin,Dirette de Parin
SFO,Sebastes constellatus,Starry rockfish,,
SFP,Sebastes serriceps,Treefish,,
SFQ,Sebastes inermis,,,
SFR,Syngnathus rostellatus,Nilsson's pipefish,,
SFS,Lepidopus caudatus,Silver scabbardfish,Pez cinto,Sabre argenté
SFT,Sebastes aleutianus,Rougheye rockfish,,
SFU,Sigmistes caulias,Kelp sculpin,,
SFV,Sebastes viviparus,Norway redfish,,Petit sébaste
SFW,Sebastes miniatus,Vermilion rockfish,,
SFX,Salmo ferox,,,
SFY,Sebastes mystinus,Blue rockfish,,
SFZ,Sebastes taczanowskii,,,
SGA,Arctocephalus galapagoensis,Galapagos fur seal,Lobo fino de Galápagos,Otarie des Galapagos
SGB,Scaphognathops bandanensis,,,
SGC,Sternopygus macrurus,Longtail knifefish,,
SGD,Solegnathus dunckeri,,,
SGE,Stygnobrotula latebricola,,,
SGF,Arctocephalus townsendi,Guadalupe fur seal,Lobo fino de Guadalupe,Otarie de Guadalupe
SGG,Sphagemacrurus grenadae,,,
SGH,Stigmatopora argus,Spotted pipefish,,
SGI,Pseudochaenichthys georgianus,South Georgia icefish,Draco cocodrilo,Crocodile de Géorgie
SGJ,Syngnathoides biaculeatus,Alligator pipefish,,
SGK,Psammogobius knysnaensis,,,
SGL,Scalanago lateralis,,,
SGM,Sarcoglanis simplex,,,
SGN,Scorpaena grandicornis,Plumed scorpionfish,,
SGO,Sebastes goodei,Chilipepper rockfish,Chancharro pimienta,Sébaste piment
SGP,Syngnathus phlegon,,,
SGQ,Syngnathus acus,Greater pipefish,,
SGR,Strongylura timucu,Timucu,,
SGS,Ceratoglanis scleronema,,,
SGT,Sternopygus astrabes,,,
SGU,Siganus guttatus,Goldlined spinefoot,Sigano rayas doradas,Sigan raies d'or
SGV,Scaturiginichthys vermeilipinnis,Redfinned blue-eye,,
SGW,Scolichthys greenwayi,,,
SGX,Solen gordonis,Akemate razor shell,,
SGY,Strongylura strongylura,Spottail needlefish,,
SGZ,Scorpaena guttata,California scorpionfish,,
SHA,Alosa sapidissima,American shad,Sábalo americano,Alose savoureuse
SHB,Echinorhinus brucus,Bramble shark,Tiburón de clavos,Squale bouclé
SHC,Alosa pontica,Pontic shad,Sábalo del Mar Negro,Alose de la mer Noire
SHD,"Alosa alosa, A. fallax",Allis and twaite shads,Sábalo común y saboga,Aloses vraie et feinte
SHE,Alosa maeotica,Black Sea shad,,
SHF,Spiniphryne gladisfenae,,,
SHG,Dorosoma cepedianum,American gizzard shad,Sábalo molleja,Alose noyer
SHH,Alosa mediocris,Hickory shad,,Alose américaine
SHI,Metapenaeus joyneri,Shiba shrimp,Camarón siba,Crevette siba
SHJ,Stegophilus insidiosus,,,
SHL,Etmopterus spp,Lanternsharks nei,Tollos lucero nep,Sagres nca
SHM,Grammatorcynus bicarinatus,Shark mackerel,Carite-cazón,Thazard requin
SHN,Schroederichthys tenuis,Slender catshark,Pejegato menudo,Holbiche mannequin
SHO,Galeus melastomus,Blackmouth catshark,Pintarroja bocanegra,Chien espagnol
SHP,Sarcocheilichthys nigripinnis,Rainbow gudgeon,,
SHQ,Syngnathus abaster,,,
SHR,Diplodus puntazzo,Sharpsnout seabream,Sargo picudo,Sar à museau pointu
SHS,Sergestidae,Sergestid shrimps nei,Camarones sergéstidos nep,Crevettes sergestid nca
SHU,Schroederichthys maculatus,Narrowtail catshark,Pejegato rabo fino,Holbiche petite queue
SHV,Schroederichthys bivius,Narrowmouthed catshark,Pejegato bocachica,Holbiche blanche
SHW,Globicephala macrorhynchus,Short-finned pilot whale,Calderón de aletas cortas,Globicéphale tropical
SHX,Squaliformes,"Dogfish sharks, etc. nei",Squaliformes nep,Squaliformes nca
SHY,Schroederichthys chilensis,Redspotted catshark,Pintarroja chilena,Holbiche à taches rouges
SHZ,Alosa spp,Shads nei,Sábalos nep,Aloses nca
SIA,Stolothrissa tanganicae,Lake Tanganyika sprat,,
SIB,Ilyophis brunneus,Muddy arrowtooth eel,,
SIC,Drepane africana,African sicklefish,Catemo africano,Forgeron ailé
SID,Scopelarchoides danae,,,
SIE,Scomberomorus sierra,Pacific sierra,Carite sierra,Thazard sierra (Pacifique)
SIF,Smithichthys fucorum,Leafy klipfish,,
SIG,Steindachneria argentea,Luminous hake,Merluza luminosa,Merlu lumineux
SIH,Sorubimichthys planiceps,Firewood catfish,,
SII,Sorubim trigonocephalus,,,
SIJ,Sillaginopsis panijus,Flathead sillago,Silago chato,Pêche-madame camus
SIK,Sio nordenskjoeldii,,,
SIL,Atherinidae,Silversides(=Sand smelts) nei,Pejerreyes nep,Athérinidés nca
SIM,Scopelopsis multipunctatus,,,
SIN,Siniperca chuatsi,Mandarin fish,,
SIO,Chirostomias pliopterus,,,
SIP,Pampus argenteus,Silver pomfret,Palometón platero,Aileron argenté
SIQ,Scorpaena histrio,Player scorpionfish,,
SIT,Spratellicypris palata,,,
SIU,Sipunculus nudus,Peanut worm,Tita,
SIV,Sillaginodes punctata,Spotted sillago,Silago manchado,Pêche-madame moucheté
SIW,Balaenoptera borealis,Sei whale,Rorcual del Norte,Rorqual de Rudolphi
SIX,Sardinella spp,Sardinellas nei,Sardinelas nep,Sardinelles nca
SIY,Sudis hyalina,,,
SIZ,Spirulina spp,Spirulina nei,Spirulina nep,Spirulina nca
SJA,Pecten jacobaeus,Great Mediterranean scallop,Concha de peregrino,Coquille St-Jacques méditerr.
SJB,Sebastapistes ballieui,Spotfin scorpionfish,,
SJC,Scorpaenopsis cacopsis,Jenkin's scorpionfish,,
SJD,Tadorna tadorna,Common shelduck,Tarro blanco,Tadorne de belon
SJE,Symphorus nematophorus,Chinamanfish,Pargo diablo,Vivaneau diable
SJF,Arctocephalus philippii,Juan Fernandez fur seal,Lobo fino de Juan Fernandez,Otarie de Juan Fernandez
SJG,Scorpaenopsis gibbosa,Humpbacked scorpionfish,,
SJH,Scorpaenopsis cirrhosa,Weedy stingfish,,
SJI,Sciaenochromis ahli,Electric blue hap,,
SJJ,Scartichthys gigas,Giant blenny,,
SJK,Solenocera geijskesi,Guiana mud shrimp,Camarón guayanés,Salicoque guyanaise
SJL,Synanceia alula,,,
SJM,Similiparma hermani,Cape damsel,,
SJN,Stelgistrum stejnegeri,,,
SJO,Solenocera florea,Flower shrimp,Camarón picaflor,Salicoque fleur
SJP,Caspiosoma caspium,,,
SJQ,Solenocera pectinulata,False comb shrimp,,
SJR,Solenocera alticarinata,High ridge mud shrimp,,
SJS,Symphorichthys spilurus,Sailfin snapper,Pargo velero,Vivaneau voilier
SJT,Stereomastis sculpta,,,
SJU,Sebastolobus alascanus,Shortspine thornyhead,Chancharro alacrán,
SJV,Stethojulis albovittata,Bluelined wrasse,,
SJW,Sebastolobus macrochir,Broadbanded thornyhead,,
SJX,Sclerocrangon atrox,Four-spines nutshell shrimp,Quisquilla de cuatro espinas,Crevette noisette quatre épine
SJY,Seriatopora hystrix,Thin birdsnest coral,,
SJZ,Sebastolobus altivelis,Longspine thornyhead,,
SKA,Raja spp,Raja rays nei,Rayas raja nep,Pocheteaux et raies raja nca
SKB,Gasterosteus spp,Sticklebacks,Espinosillos,Épinoches
SKC,Monachus tropicalis,Caribbean monk seal,Foca monja del Caribe,Phoque moine des Caraïbes
SKD,Neoepinnula orientalis,Sackfish,Escolar oriental,Escolier oriental
SKE,Solenocera pectinata,Comb shrimp,Camarón peine,Salicoque peigne
SKF,Solenocera africana,African mud shrimp,Camarón fanguero africano,Solenocère d'Afrique
SKG,Sikukia gudgeri,,,
SKH,Selachimorpha(Pleurotremata),Various sharks nei,Escualos diversos nep,Requins divers nca
SKI,Semaprochilodus insignis,,,
SKJ,Katsuwonus pelamis,Skipjack tuna,Listado,Listao
SKK,Solenocera choprai,Ridgeback shrimp,Camarón costurón,Salicoque balafrée
SKL,Scobinichthys granulatus,Rough leatherjackets,,
SKM,Solenocera membranacea,Atlantic mud shrimp,Gamba de fango del Atlántico,Salicoque des vases
SKN,Stokellia anisodon,Stokell's smelt,,
SKO,Solenocera koelbeli,Chinese mud shrimp,Camarón fanguero chino,Salicoque chinoise de vase
SKP,Schindleria praematura,,,
SKQ,Solenocera australiana,Australia mus shrimp,,
SKS,Synchiropus agassizi,Spotfin dragonet,,
SKT,Starksia atlantica,,,
SKU,Siokunichthys bentuviai,,,
SKV,Scortum parviceps,Small-headed grunter,,
SKW,Solenocera halli,Malayan mud shrimp,,
SKX,Elasmobranchii,"Sharks, rays, skates, etc. nei","Tiburones, rayas, etc. nep","Requins, raies, etc. nca"
SKY,Syncomistes kimberleyensis,Kimberley grunter,,
SLA,Scoliodon laticaudus,Spadenose shark,Cazón espadachín,Requin épée
SLB,Salmostoma bacaila,Large razorbelly minnow,,
SLC,Panulirus argus,Caribbean spiny lobster,Langosta común del Caribe,Langouste blanche
SLD,Cheimerius nufar,Santer seabream,Dentón nufar,Denté nufar
SLE,Salvelinus leucomaenis,,,
SLF,Argyrozona argyrozona,Carpenter seabream,Dentón carpintero,Denté charpentier
SLG,Securicula gora,,,
SLH,Scopelosaurus hamiltoni,,,
SLI,Molva macrophthalma,Spanish ling,Maruca española,Lingue espagnole
SLJ,Soleichthys siammakuti,,,
SLK,Sillago ciliata,Sand sillago,Silago de arena,Pêche-madame sable
SLL,Chrysoblephus puniceus,Slinger seabream,Sargo elegante,Spare élégant
SLM,Sarpa salpa,Salema,Salema,Saupe
SLN,Palinurus delagoae,Natal spiny lobster,Langosta del Natal,Langouste du Natal
SLO,Palinurus elephas,Common spiny lobster,Langosta común,Langouste rouge
SLP,Hydrurga leptonyx,Leopard seal,Foca leopardo,Léopard de mer
SLQ,Scorpaena laevis,Senegalese rockfish,,
SLR,Phoca fasciata,Ribbon seal,Foca fajada,Phoque à rubans
SLS,Palinurus gilchristi,Southern spiny lobster,Langosta del Sur,Langouste du Sud
SLT,Allothunnus fallai,Slender tuna,Atún lanzón,Thon élégant
SLU,Stenobrachius leucopsarus,Northern lampfish,,
SLV,Panulirus spp,Tropical spiny lobsters nei,Langostas tropicales nep,Langoustes tropicales nca
SLW,Leptonychotes weddellii,Weddell seal,Foca de Weddell,Phoque de Weddell
SLX,Salmonoidei,Salmonoids nei,Salmonoideos nep,Salmonoidés nca
SLY,Solenostomus cyanopterus,Ghost pipefish,,
SLZ,Salmonidae,Salmonids nei,,
SMA,Isurus oxyrinchus,Shortfin mako,Marrajo dientuso,Taupe bleue
SMB,Systomus brevis,,,
SMC,Arius heudelotii,Smoothmouth sea catfish,Bagre bocalisa,Mâchoiron banderille
SMD,Mustelus mustelus,Smooth-hound,Musola,Émissole lisse
SME,Osmerus eperlanus,European smelt,Eperlano europeo,Éperlan européen
SMG,Monognathus ahlstromi,Paddletail onejaw,,
SMH,Monachus schauinslandi,Hawaiian monk seal,Foca monje del Hawaii,Phoque moine de Hawai
SMJ,Scleronema minutum,,,
SMK,Stlengis misakia,,,
SML,Sternarchorhamphus muelleri,,,
SMM,Monachus monachus,Mediterranean monk seal,Foca monje del Mediterráneo,Phoque moine de Méditerranée
SMN,Semilabeo notabilis,,,
SMO,Spectrolebias semiocellatus,,,
SMP,Symbolophorus barnardi,,,
SMQ,Scorpaenichthys marmoratus,Cabezon,Cabezón,
SMR,Osmerus mordax,Rainbow smelt,Eperlano arco iris,Éperlan arc-en-ciel
SMS,Saccoderma melanostigma,,,
SMU,Semotilus atromaculatus,Creek chub,,
SMV,Stomias brevibarbatus,,,
SMW,Scorpaena plumieri,Pacific spotted scorpionfish,,
SMX,"Osmerus spp, Hypomesus spp",Smelts nei,Eperlanos nep,Éperlans nca
SMY,Meadia abyssalis,,,
SMZ,Solenocera mutator,Blossom shrimp,Camarón piojillo,Salicoque pouce
SNA,Lutjanus spp,Snappers nei,Pargos tropicales nep,Vivaneaux nca
SNB,Snyderidia bothrops,,,
SNC,Lutjanus purpureus,Southern red snapper,Pargo colorado,Vivaneau rouge
SND,Sinilabeo decorus,,,
SNE,Concholepas concholepas,False abalone,Loco,Rocher loco
SNF,Stenatherina panatela,Panatella silverside,,
SNG,Stemonosudis elegans,,,
SNH,Salangichthys ishikawae,,,
SNI,Macroramphosidae,Snipefishes nei,Trompeteros nep,Bécasses nca
SNJ,Neosalanx jordani,,,
SNK,Thyrsites atun,Snoek,Sierra,Escolier
SNL,Lutjanus synagris,Lane snapper,Pargo biajaiba,Vivaneau gazou
SNM,Sinibrama macrops,,,
SNN,Salanx ariakensis,,,
SNO,Centropomus undecimalis,Common snook,Róbalo blanco,Crossie blanc
SNP,Mirounga angustirostris,Northern elephant seal,Foca elephante del norte,Éléphant de mer boréal
SNQ,Scorpaena notata,Small red scorpionfish,,
SNR,Lutjanus campechanus,Northern red snapper,Pargo del Golfo,Vivaneau campèche
SNS,Macroramphosus scolopax,Longspine snipefish,Trompetero,Bécasse de mer
SNT,Sinocyclocheilus anatirostris,,,
SNU,Lutjanus russelli,Russell's snapper,Pargo ojo de buey,Vivaneau hublot
SNV,Sanagia velifera,,,
SNW,Lithognathus lithognathus,White steenbras,Herrera del Cabo,Marbré du Cap
SNX,Lutjanidae,"Snappers, jobfishes nei",Lutjánidos nep,Lutianidés nca
SNY,Ocyurus chrysurus,Yellowtail snapper,Rabirrubia,Vivaneau queue jaune
SNZ,Arctocephalus forsteri,New Zealand fur seal,Lobo fino de Nueva Zelandia,Otarie de Nouvelle-Zélande
SOA,Austroglossus spp,Southeast Atlantic soles nei,Lenguados del Atl. sudeste nep,Soles de l'Atl. sud-est nca
SOB,Salmothymus obtusirostris,Adriatic trout,,
SOC,Oncorhynchus nerka,Sockeye(=Red)salmon,Salmón rojo,Saumon rouge
SOD,Sisor rabdophorus,,,
SOE,Austroglossus pectoralis,Mud sole,Lenguado de fango,Sole de vase
SOF,Scorpaenodes africanus,,,
SOG,Somileptes gongota,,,
SOH,Stenotomus caprinus,Longspine porgy,,
SOI,Solenidae,"Razor clams, knife clams nei","Navajas, solénidos nep","Couteaux, etc. nca"
SOJ,Solenocera crassicornis,Coastal mud shrimp,Camarón fanguero de orilla,Salicoque des vases côtières
SOK,Solenocera agassizii,Kolibri shrimp,Camarón chupaflor,Salicoque colibrí
SOL,Solea solea,Common sole,Lenguado común,Sole commune
SOM,Silurus glanis,Wels(=Som)catfish,Siluro,Silure glane
SON,Somniosus pacificus,Pacific sleeper shark,Tollo negro dormilón,Laimargue dormeur
SOO,Solea spp,,,
SOP,Penaeus notialis,Southern pink shrimp,Camarón rosado sureño,Crevette rose du Sud
SOQ,Scorpaena sonorae,Sonora scorpionfish,,
SOR,Somniosus rostratus,Little sleeper shark,Tollo boreal,Laimargue de la Méditerranée
SOS,Solea lascaris,Sand sole,Lenguado de arena,Sole-pole
SOT,Psettodes belcheri,Spottail spiny turbot,Perro,Turbot épineux tacheté
SOU,Selachophidium guentheri,Barbed brotula,,
SOV,Scorpaenodes parvipinnis,Lowfin scorpionfish,,
SOW,Austroglossus microlepis,West coast sole,Lenguado austral oeste,Sole australe occidentale
SOX,Soleidae,Soles nei,Lenguados nep,Soles nca
SOY,Chelon haematocheilus,So-iny (redlip) mullet,Lisa so-iny,Mulet so-iny
SOZ,Solenoceridae,Solenocerid shrimps nei,Camarones solenoceros nep,"Salicoques, solénocères nca"
SPA,Ephippidae,Spadefishes nei,Pagualas nep,"Chèvres, disques nca"
SPC,Spicara smaris,Picarel,Caramel,Picarel
SPD,Spratelloides delicatulus,Delicate round herring,Arenquillo fino,Hareng rond
SPE,Sphyrna media,Scoophead,Cornuda cuchara,Requin-marteau écope
SPF,Tetrapturus pfluegeri,Longbill spearfish,Aguja picuda,Makaire bécune
SPG,Sebastes pinniger,Canary rockfish,Chancharro flioma,Sébaste citron
SPH,Archosargus probatocephalus,Sheepshead,Sargo chopa,Rondeau mouton
SPI,Siganus spp,Spinefeet(=Rabbitfishes) nei,Síganos nep,Sigans nca
SPJ,Sphyrna tiburo,Bonnethead,Cornuda de corona,Requin-marteau tiburo
SPK,Sphyrna mokarran,Great hammerhead,Cornuda gigante,Grand requin marteau
SPL,Sphyrna lewini,Scalloped hammerhead,Cornuda común,Requin-marteau halicorne
SPN,Sphyrna spp,Hammerhead sharks nei,Cornudas (Peces martillo) nep,Requins marteau nca
SPO,Spongiidae,Sponges,Esponjas,Éponges
SPP,Phocaena dioptrica,Spectacled porpoise,Marsopa de anteojos,Marsouin de Lahille
SPQ,Sphyrna tudes,Smalleye hammerhead,Cornuda ojichica,Requin-marteau à petits yeux
SPR,Sprattus sprattus,European sprat,Espadín,Sprat
SPS,Drepane punctata,Spotted sicklefish,Catemo manchado,Forgeron tacheté
SPT,Leiostomus xanthurus,Spot croaker,Verrugato croca,Tambour croca
SPU,Dicentrarchus punctatus,Spotted seabass,Baila,Bar tacheté
SPV,Sphyrna couardi,Whitefin hammerhead,Cornuda aliblanca,Requin-marteau aile blanche
SPW,Physeter macrocephalus,Sperm whale,Cachalote,Cachalot
SPX,Salpidae,Salps,,Salpes
SPY,Sphyrnidae,"Hammerhead sharks, etc. nei","Cornudas, etc. nep","Requins marteau, etc. nca"
SPZ,Sphyrna zygaena,Smooth hammerhead,Cornuda cruz(=Pez martillo),Requin-marteau commun
SQA,Illex argentinus,Argentine shortfin squid,Pota argentina,Encornet rouge argentin
SQB,Squalidus biwae,,,
SQC,Loligo spp,Common squids nei,Calamares Loligo nep,Calmars Loligo nca
SQD,Solen cylindraceus,Cylindrical razor shell,,
SQE,Todarodes sagittatus,European flying squid,Pota europea,Toutenon commun
SQF,Loligo forbesi,Veined squid,Calamar veteado,Encornet veiné
SQG,Todarodes angolensis,Angolan flying squid,Pota angolense,Toutenon angolais
SQH,Solenocera melantho,Razor mud shrimp,,
SQI,Illex illecebrosus,Northern shortfin squid,Pota norteña,Encornet rouge nordique
SQJ,Todarodes pacificus,Japanese flying squid,Pota japonesa,Toutenon japonais
SQK,Squaliobarbus curriculus,,,
SQL,Loligo pealeii,Longfin squid,Calamar pálido,Calmar totam
SQM,Illex coindetii,Broadtail shortfin squid,Pota voladora,Encornet rouge
SQO,Loligo opalescens,Opalescent inshore squid,Calamar opalescente,Calmar opale
SQP,Loligo gahi,Patagonian squid,Calamar patagónico,Calmar de Patagonie
SQR,Loligo vulgaris,European squid,Calamar,Encornet
SQS,Martialia hyadesi,Sevenstar flying squid,Pota festoneada,Encornet étoile
SQT,Lolliguncula spp,Thumbstall squids nei,Calamares dedal nep,Calmars doigtier nca
SQU,"Loliginidae, Ommastrephidae",Various squids nei,"Calamares, jibias, potas nep","Calmars, encornets nca"
SQV,Solen strictus,Gould's razor shell,,
SQW,Stauropathes arctica,,,
SQY,Squillidae,Squillids nei,Galeras nep,Squilles nca
SQZ,Loliginidae,Inshore squids nei,Calamares de cercano nep,Calmars côtiers nca
SRA,Prionotus spp,Atlantic searobins,Rubios americanos,Grondins
SRB,Spratellomorpha bianalis,Two-finned round herring,,
SRC,Sectoria atriceps,,,
SRD,Serrasalmus brandti,White piranha,,
SRE,Scardinius erythrophthalmus,Rudd,Escardinio,Rotengle
SRF,Sarritor frenatus,Sawback poacher,,
SRG,Diplodus spp,Sargo breams nei,"Sargos, raspallones nep","Sars, sparaillons nca"
SRH,Spratelloides gracilis,Silver-stripe round herring,Arenquillo de banda,Hareng gracile
SRI,Siganus rivulatus,Marbled spinefoot,Siguro,Poisson-lapin
SRJ,Serranus hepatus,Brown comber,,
SRK,Serranus scriba,Painted comber,,
SRL,Sierrathrissa leonensis,West African pygmy herring,,
SRM,Serrasalmus rhombeus,Redeye piranha,,
SRN,Argyripnus atlanticus,,,
SRO,Silurus asotus,Amur catfish,,
SRP,Sardinops neopilchardus,Australian pilchard,,
SRQ,Sorsogona prionota,Halfspined flathead,,
SRR,Raja georgiana,Antarctic starry skate,Raya estrellada antártica,Raie étoilée antarctique
SRS,Ommatophoca rossii,Ross seal,Foca de Ross,Phoque de Ross
SRT,Schismatorhynchos heterorhynchos,,,
SRU,Serrasalmus elongatus,Slender piranha,,
SRV,Sternarchella curvioperculata,,,
SRW,Hyperoodon planifrons,Southern bottlenose whale,Ballena nariz de botella sur,Hyperoodon austral
SRX,Rajiformes,"Rays, stingrays, mantas nei","Rayas, pastinacas, mantas nep","Raies, pastenagues, mantes nca"
SRY,Satyrichthys adeni,,,
SRZ,Semele radiata,Radiate semele,,
SSA,Menidia menidia,Atlantic silverside,Pejerrey del Atlántico,Capucette
SSB,Lithognathus mormyrus,Sand steenbras,Herrera,Marbré
SSC,Pecten fumatus,Southern Australia scallop,Vieira australiana del Sur,Pecten d'Australie du Sud
SSD,Spisula spp,Surf clams nei,,Spisules nca
SSE,Pyura chilensis,Red sea squirt,Piure chileno,Violet chilien
SSF,Arctocephalus tropicalis,Subantarctic fur seal,Lobo fino de subantarctico,Otarie sub-antarctique
SSG,Microcosmus sulcatus,Grooved sea squirt,Provecho,Violet
SSH,Plesiopenaeus edwardsianus,Scarlet shrimp,Gamba carabinero,Gambon écarlate
SSI,Chaenocephalus aceratus,Blackfin icefish,Draco antártico,Grande-gueule antarctique
SSJ,Syngnathus schmidti,,,
SSK,Synaphobranchus kaupii,Kaup's arrowtooth eel,,
SSL,Eumetopias jubatus,Steller sea lion,Lobo marino de Steller,Lion de mer de Steller
SSM,Scomberomorus maculatus,Atlantic Spanish mackerel,Carite atlántico,Thazard atlantique
SSN,Sphyrna corona,Scalloped bonnethead,Cornuda coronada,Requin-marteau cornu
SSO,Pseudocyttus maculatus,Smooth oreo dory,,
SSP,Tetrapturus angustirostris,Shortbill spearfish,Marlín trompa corta,Makaire à rostre court
SSQ,Scymnodon squamulosus,Velvet dogfish,,
SSR,Pyura stolonifera,Red bait,,
SSS,Serrasalmus spilopleura,Speckled piranha,,
SST,Phoca largha,Larga seal,Foca largha,Veau marin du Pacifique
SSU,Semaprochilodus taeniurus,Silver prochilodus,,
SSV,Satyrichthys investigatoris,,,
SSW,Scorpaena angolensis,Angola rockfish,,
SSX,Ascidiacea,Sea squirts nei,Ascidias nep,Ascidiens nca
SSZ,Sciades herzbergii,Pemecou sea catfish,Bagre guatero,Mâchoiron pémécou
STA,Oreochromis andersonii,Three spotted tilapia,,
STB,Morone saxatilis,Striped bass,Lubina estriada,Bar d'Amérique
STC,Menippe mercenaria,Black stone crab,Cangrejo de piedra negro,Crabe caillou noir
STD,Steatogenys duidae,,,
STF,Asteroidea,Starfishes nei,Estrellas nep,Astéridés nca
STG,Cynoscion regalis,Squeteague(=Gray weakfish),Corvinata real,Acoupa royal
STH,Asterias rubens,Red starfish,Estrella de mar roja,Étoile de mer rouge
STI,Dasyatis spp,Stingrays nei,Pastinacas nep,Pastenagues nca
STJ,Spondyliosoma emarginatum,Steentjie seabream,Chopa austral,Dorade australe
STK,Stipecampus cristatus,Ring-backed pipefish,,
STL,Encrasicholina punctifer,Buccaneer anchovy,Boquerón bucanero,Anchois boucanier
STM,Anostomus anostomus,Striped headstander,,
STO,Stolephorus spp,Stolephorus anchovies nei,Boquerones Stolephorus nep,Anchois Stolephorus nca
STP,Sander spp,Walleyes nei,Luciopercas nep,Sandres nca
STQ,Syngnathus typhle,Broadnosed pipefish,,
STS,Scomberomorus lineolatus,Streaked seerfish,Carite rayado,Thazard cirrus
STT,Dasyatidae,"Stingrays, butterfly rays nei","Pastinacas, etc. nep","Pastenagues, etc. nca"
STU,Acipenseridae,Sturgeons nei,Esturiones nep,Esturgeons nca
STV,Sander vitreus,Walleye,Lucioperca americana,Sandre américain
STW,Lithognathus spp,Steenbrasses nei,Herreras nep,Marbrés nca
STX,Syngnathus tenuirostris,,,
STY,Stygichthys typhlops,Blind tetra,,
STZ,Kathetostoma giganteum,Giant stargazer,Miracielo gigante,Uranoscope géant
SUA,Squatina aculeata,Sawback angelshark,Angelote espinudo,Ange de mer épineux
SUB,Saurogobio dabryi,Chinese lizard gudgeon,,
SUC,Squatina californica,Pacific angelshark,Pez ángel del Pacífico,Ange de mer du Pacifique
SUD,Squatina dumeril,Sand devil,Tiburón ángel,Ange de mer de sable
SUE,Squatina tergocellata,Ornate angelshark,Angelote ornamentado,Ange de mer bourgeois
SUF,Squatina africana,African angelshark,Angelote africano,Ange de mer africain
SUG,Squatina argentina,Argentine angelshark,Angelote argentino,Ange de mer argentin
SUH,Schistura balteata,,,
SUI,Sundoreonectes tiomanensis,,,
SUJ,Squatina japonica,Japanese angelshark,Angelote japonés,Ange de mer Kasuzame
SUK,Acanthochaenus lutkeni,,,
SUL,Squatina nebulosa,Clouded angelshark,Angelote nebuloso,Ange de mer nébuleux
SUM,Sauvagella madagascariensis,Madagascar round herring,,
SUN,Squatina tergocellatoides,Ocellated angelshark,Angelote ocelado,Ange de mer dandy
SUO,Squatina formosa,Taiwan angleshark,Angelote de Taiwan,Ange de mer moinillon
SUP,Spatuloricaria phelpsi,,,
SUQ,Squalogadus modificatus,,,
SUR,Acanthuridae,Surgeonfishes nei,Navajones nep,Chirurgiens nca
SUS,Hypomesus pretiosus,Surf smelt,Eperlano del Pacífico,Éperlan du Pacifique
SUT,Squatina oculata,Smoothback angelshark,Pez ángel,Ange de mer ocellé
SUU,Squatina australis,Australian angelshark,Angelote australiano,Ange de mer australien
SUV,Sturisoma festivum,,,
SUW,Silurus biwaensis,Eurasian catfish,,
SUX,Sundasalanx malleti,,,
SUY,Stauroteuthis syrtensis,,,
SUZ,Syngnathus taenionotus,,,
SVA,Solivomer arenidens,,,
SVB,Sterna bergii,Great crested tern,,
SVC,Hypophthalmichthys molitrix,Silver carp,Carpa plateada,Carpe argentée
SVD,Solen rudis,Rough jackknife,Navaja ruda,Couteau rude
SVE,Chamelea gallina,Striped venus,Chirla,Petite praire
SVF,Salvelinus fontinalis,Brook trout,Trucha de arroyo,Saumon de fontaine
SVG,Setarches guentheri,Channeled rockfish,,
SVH,Lepturacanthus savala,Savalai hairtail,Pez sable savalai,Poisson-sabre cimeterre
SVI,Sterna vittata,Antarctic tern,Charrán antártico,Sterna couronnée
SVJ,Sterna fuscata,Sooty tern,Charrán sombrío,Sterne fuligineuse
SVK,Solen kempi,Kemp's razor shell,,
SVL,Svetovidovia lucullus,,,
SVM,Solen malaccensis,Malacca razor shell,,
SVN,Salvelinus neiva,Neiva,,
SVO,Salvelinus confluentus,Bull trout,,
SVP,Salvelinus profundus,,,
SVR,Syngnathus variegatus,,,
SVS,Salvethymus svetovidovi,Long-finned charr,,
SVT,Sinonovacula constricta,Constricted tagelus,,
SVU,Solen roseomaculatus,Pink-spotted razor shell,,Couteau à points roses
SVV,Scorpaena stephanica,Spotted-fin rockfish,Rascacio del Cabo,Rascasse à nageoires tachetées
SVW,Symbolophorus veranyi,Large-scale lantern fish,Linterna,Lanterne à grandes écailles
SVX,Stomatopoda,Stomatopods nei,Estomatopodos nep,Stomatopodes nca
SVY,Synaphobranchidae,Cutthroat eels nei,,
SVZ,Sterna spp,Terns nei,,
SWA,Diplodus sargus,White seabream,Sargo,Sar commun
SWB,Phaeophyceae,Brown seaweeds,Algas pardas,Algues brunes
SWC,Satyrichthys welchi,Robust armoured-gurnard,,
SWD,Sebastes reedi,Yellowmouth rockfish,,
SWE,Sawbwa resplendens,,,
SWF,Cynoscion nebulosus,Spotted weakfish,Corvinata pintada,Acoupa pintade
SWG,Chlorophyceae,Green seaweeds,Algas verdes,Algues vertes
SWH,Paristiopterus labiosus,Giant boarfish,,
SWI,Salvelinus willoughbii,,,
SWJ,Diplodus noct,Red Sea seabream,Sargo del Mar Rojo,Sar de la Mer Rouge
SWK,Stomias spp,,,
SWL,Sewellia lineolata,,,
SWM,Portunidae,"Swimming crabs, etc. nei","Jaibas, cangrejos etc. nep","Crabes, étrilles nca"
SWN,Schwetzochromis neodon,,,
SWO,Xiphias gladius,Swordfish,Pez espada,Espadon
SWP,Dilsea carnosa,Fleshy dilsea,Dilsea carnosa,Dilsea charnue
SWQ,Delesseria sanguinea,Red delesseria,Delesseria roja,Délesseria rouge
SWR,Rhodophyceae,Red seaweeds,Algas rojas,Algues rouges
SWS,Chionis alba,Snowy sheathbill,,
SWT,Anodonta cygnea,Swan mussel,,
SWU,Cottidae,Sculpins nei,Cótidos nep,Chabots nca
SWV,Squatina guggenheim,Angular angel shark,Angelito,
SWW,Swiftopecten swifti,Swift's scallop,,
SWX,Algae,Seaweeds nei,Algas nep,Algues nca
SWY,Syngnathus spp,Pipefishes nei,,
SXA,Stalix histrio,,,
SXB,Pagellus affinis,Arabian pandora,Pandora árabe,Pageot d'Arabie
SXC,Pseudocaranx chilensis,Juan Fernandez trevally,Pámpano chileno,Carangue chilienne
SXD,Sternoptyx diaphana,Diaphanous hatchet fish,,
SXE,Schedophilus spp,Schedophilus nei,Rufos nep,Rouffes nca
SXF,Sonorolux fluminis,Estuary croaker,,
SXG,Salminus hilarii,,,
SXH,Scombrolabrax heterolepis,Longfin escolar,,
SXI,Saxidomus nuttalli,Common butter clam,,
SXJ,Strombus tricornis,Three-knobbed conch,,Strombe tricorne
SXL,Stichaeopsis epallax,,,
SXM,Scopeloberyx microlepis,,,
SXN,Springeratus xanthosoma,,,
SXO,Stellerina xyosterna,Pricklebreast poacher,,
SXP,Sternoptyx pseudobscura,Highlight hatchetfish,,
SXQ,Arctocephalus spp,Fur seals nei,Lobos finos nep,Otaries nca
SXR,Synbranchus marmoratus,Marbled swamp eel,,
SXS,Solenostomus paradoxus,Harlequin ghost pipefish,,
SXT,Solenocera hextii,Deep-sea mud shrimp,Camarón fanguero de altura,Salicoque des vases profondes
SXU,Salminus brasiliensis,Dorado,Pirayú,
SXW,Pseudocaranx wrighti,Skipjack trevally,,
SXX,"Otariidae, Phocidae",Seals nei,Focas nep,Phoques nca
SXY,Strongylura exilis,Californian needlefish,,
SXZ,Schizodon spp,,,
SYA,Scyliorhinus boa,Boa catshark,Alitán boa,Roussette boa
SYB,Scyliorhinus besnardi,Polkadot catshark,Alitán de lunares,Roussette polka
SYC,Scyliorhinus canicula,Small-spotted catshark,Pintarroja,Petite roussette
SYD,Sphaerophysa dianchiensis,,,
SYE,Scyliorhinus cervigoni,West African catshark,Alitán africano,Roussette thalassa
SYF,Scyliorhinus retifer,Chain catshark,Alitán mallero,Roussette maille
SYG,Scyliorhinus garmani,Brownspotted catshark,Alitán manchado,Roussette à taches brunes
SYH,Scyliorhinus haeckelii,Freckled catshark,Alitán pecoso,Roussette taches de son
SYI,Scyliorhinus torrei,Dwarf catshark,Alitán enano,Roussette naine
SYJ,Scopelengys tristis,Pacific blackchin,,
SYK,Scyliorhinus tokubee,,,
SYL,Synodus lucioceps,California lizardfish,,
SYM,Scyliorhinus meadi,Blotched catshark,Alitán pintarrajo,Roussette cloquée
SYN,Synagrops japonicus,Blackmouth splitfin,Maconda boquinegra,Maconde bouche noire
SYO,Scymnodon obscurus,Smallmouth knifetooth dogfish,Bruja bocachica,Squale-grogneur à queue échan.
SYP,Scyliorhinus capensis,Yellowspotted catshark,Alitán de manchas amarillas,Roussette à taches jaunes
SYQ,Strongylura leiura,Banded needlefish,,
SYR,Scymnodon ringens,Knifetooth dogfish,Bruja,Squale-grogneur commun
SYS,Synagrops spp,Splitfins nei,"Macondas, dentiños nep",Macondes nca
SYT,Scyliorhinus stellaris,Nursehound,Alitán,Grande roussette
SYU,Scyliorhinus hesperius,Whitesaddled catshark,Alitán ensillado,Roussette selle blanche
SYV,Synodus evermanni,Inotted lizardfish,,
SYW,Synodus variegatus,Variegated lizardfish,,
SYX,Scyliorhinidae,"Catsharks, etc. nei","Alitanes,pejegatos,pintar. nep","Chiens,holbiches,rousset. nca"
SYY,Sternarchorhynchus curvirostris,,,
SYZ,Scyliorhinus torazame,Cloudy catshark,Alitán nubarrado,Roussette nuageuse
SZB,Schizocypris brucei,,,
SZC,Sander canadensis,Sauger,Lucioperca canadiense,Sandre canadien
SZD,Schubotzia eduardiana,,,
SZE,Schizothorax esocinus,,,
SZF,Schizodon fasciatus,,,
SZG,Synchirus gilli,Manacled sculpin,,
SZH,Sparidentex hasta,Sobaity seabream,Sargo sobaito,Spare sobaity
SZI,Solea elongata,Elongate sole,Lenguado larguirucho,Sole élancée
SZJ,Squatina occulta,Hidden angel shark,,
SZK,Solenocera spp,Solenocera shrimps nei,Camarones Solenocera nep,Salicoques Solenocera nca
SZL,Sinogastromyzon puliensis,,,
SZM,Salangichthys microdon,Japanese icefish,,
SZN,Chamelea striatula,,,
SZO,Schizodon corti,,,
SZP,Schizopygopsis pylzovi,,,
SZQ,Suezichthys arquatus,Rainbow slender wrasse,,
SZR,Schizothorax richardsonii,Snowtrout,,
SZS,Serpulidae,Serpulid tube worms,,
SZT,Pogonophryne scotti,,,
SZU,Schizothorax curvifrons,Sattar snowtrout,,
SZV,Sulidae,Boobies and gannets nei,,
SZX,Saurida spp,,,
SZY,Scyphozoa,,,
TAA,Thalassoica antarctica,Antarctic petrel,Petrel antártico,Fulmar antarctique
TAB,Talismania bifurcata,Threadfin slickhead,,
TAC,Spicara melanurus,Blackspot picarel,Sucla,Picarel de l'Atlantique sud-es
TAD,Tangachromis dhanisi,,,
TAE,Tarletonbeania crenularis,Blue lanternfish,,
TAF,Stegastes fasciolatus,Pacific gregory,,
TAG,Taenioides anguillaris,Eel worm goby,,
TAH,Taeniochromis holotaenia,,,
TAI,Megalops cyprinoides,Indo-Pacific tarpon,Tarpón del Indo-Pacífico,Tarpon indo-pacifique
TAJ,Tanganicodus irsacae,Spotfin goby cichlid,,
TAK,Nemadactylus macropterus,Tarakihi,,
TAL,Taractichthys longipinnis,Big-scale pomfret,,
TAM,Tilapia cameronensis,,,
TAN,Thysanophrys arenicola,Broadhead flathead,,
TAO,Tateurndina ocellicauda,Peacock gudgeon,,
TAP,Trachinotus paitensis,Paloma pompano,Pámpano paloma,Pompaneau colombe
TAQ,Thalassina anomala,Scorpion mud lobster,,
TAR,Megalops atlanticus,Tarpon,Tarpón,Tarpon argenté
TAS,Taractes asper,Rough pomfret,,
TAT,Tatia altae,,,
TAU,Tautoga onitis,Tautog,,Tautogue noir
TAV,Tonna allium,Costate tun,,Tonne côtelée
TAW,Thamnaconus spp,,,
TAX,Thalamita spinimana,Spiny claw swimming crab,,
TAY,Taaningichthys bathyphilus,,,
TAZ,Tahuantinsuyoa macantzatza,,,
TBA,Trachinotus baillonii,Small spotted dart,Pámpano abotonado,Pompaneau muscadin
TBB,Stromboli beebei,Stromboli keyhole limpet,Fisurela Stromboli,Fissurelle Stromboli
TBC,Tapes belcheri,Belcher's venus,,Palourde de Belcher
TBD,Stonogobiops dracula,,,
TBE,Terebellum terebellum,Terebellum conch,,Térébelle
TBF,Chaetobranchus flavescens,,,
TBG,Strombus galeatus,Giant Eastern Pacific conch,Cobo cambute,Strombe cambute
TBH,Tylosurus choram,Red Sea houndfish,,
TBI,Strombus gracilior,Eastern Pacific fighting conch,Cobo del Pacífico oriental,Strombe du Pacifique oriental
TBJ,Strombina fusinoidaea,Slender strombina,Estrombina alargada,Colombelle élancée
TBK,Typhlobagrus kronei,,,
TBL,Astrabe lactisella,,,
TBM,Troglocambarus maclanei,Spider cave crayfish,,
TBN,Tosarhombus neocaledonicus,,,
TBO,Tetrabrachium ocellatum,,,
TBP,Terebralia palustris,Mud creeper,,Potamide des marais
TBQ,Strombus granulatus,Granulated conch,Cobo granulado,Strombe granuleux
TBR,Ctenolabrus rupestris,Goldsinny-wrasse,Tabernero,Rouquié
TBS,Tongaichthys robustus,Tonga escolar,Escolar de Tonga,Escolier tonga
TBT,Tribolodon taczanowskii,,,
TBU,Trianectes bucephalus,Bullhead triplefin,,
TBV,Strombus peruvianus,Cock's comb conch,Cobo cresta de gallo,Strombe crête de coq
TBW,Stercorarius parasiticus,Arctic skua,Págalo parásito,Labbe parasite
TBX,Terebralia sulcata,Sulcate swamp cerith,,Potamide sillonne
TBY,Trachypenaeus byrdi,Carabali shrimp,Camarón carabali,Crevette carabali
TCA,Trichomycterus alternatum,,,
TCB,Tathicarpus butleri,Butler's frogfish,,
TCC,Cottapistus cottoides,Marbled stingfish,,
TCD,Taeniacara candidi,,,
TCE,Richardsonichthys leucogaster,Whiteface waspfish,,
TCF,Trachidermus fasciatus,,,
TCG,Coccotropsis gymnoderma,,,
TCH,Ptychochromis oligacanthus,,,
TCI,Trachinotus africanus,Southern pompano,Pámpano africano,Pompaneau africain
TCJ,Pterochromis congicus,,,
TCK,Trachinotus anak,Oyster pompano,,
TCL,Protothaca thaca,Taca clam,Taca,Palourde taca
TCM,Triglachromis otostigma,,,
TCN,Trachinotus cayennensis,Cayenne pompano,Pámpano zapatero,Pompaneau cordonnier
TCO,Trachinotus botla,Largespotted dart,Pámpano pastilla,Pompaneau pierrot
TCP,Trachinotus coppingeri,Swallowtail dart,,
TCQ,Trachypenaeus gonospinifer,Northern rough shrimp,Camarón fijador norteño,Crevette gambri nordique
TCR,Taractes rubescens,,,
TCS,Catlocarpio siamensis,Giant barb,,
TCT,Centropogon australis,Fortescue,,
TCU,Trachichthys australis,,,
TCV,Ctenochaetus striatus,Striated surgeonfish,Cirujano estriado,Chirurgien strié
TCW,Trichiurus spp,Hairtails nei,Peces sable nep,Poissons-sabres nca
TCX,Tectonatica filosa,Flamed moon-shell,Natica llameante,Natice à lignes
TCY,Trachinocephalus myops,Snakefish,,
TCZ,Thaumastocheles zaleucus,Atlantic pincer lobster,,
TDA,Tripterygion delaisi,Black-faced blenny,,
TDB,Tridentiger barbatus,,,
TDC,Trichodon trichodon,Pacific sandfish,,
TDD,Tridacna derasa,Smooth giant clam,,Grande tridacne brillante
TDE,Tridens melanops,,,
TDF,Batrachoides spp,Toadfishes nei,Sapos nep,Crapauds nca
TDG,Tridacna gigas,Giant clam,Almeja gigante,Tridacne géante
TDH,Paratriacanthodes herrei,,,
TDI,Tetraodon cutcutia,,,
TDJ,Thamnaconus modestoides,Modest filefish,,
TDK,Tandanus bostocki,Freshwater cobbler,,
TDL,Tetraodon pustulatus,,,
TDM,Triacanthodes anomalus,,,
TDN,Platytaeniodus degeni,,,
TDO,Tripterodon orbis,African spadefish,,
TDP,Tridentopsis pearsoni,,,
TDQ,Todaropsis eblanae,Lesser flying squid,Pota costera,Toutenon souffleur
TDR,Tridensimilis brevis,,,
TDS,Tridacna squamosa,Fluted giant clam,,Grande tridacne gaufrée
TDT,Tandanus tandanus,Tandan catfish,,
TDU,Triodon macropterus,Threetooth puffer,,
TDV,Tydemania navigatoris,Fleshy-lipped spikefish,,
TDW,Taratretis derwentensis,Derwent flounder,,
TDX,Trachycardium egmontianum,American prickly cockle,,
TDY,Spathodus erythrodon,,,
TDZ,Trachypenaeus sedili,Malayan rough shrimp,Camarón fijador malayo,Crevette gambri malaise
TEA,Tetragonopterus argenteus,,,
TEB,Telmatherina abendanoni,,,
TEC,Pterocaesio chrysozona,Goldband fusilier,Fusilero cinta dorada,Caesio à ceinture d'or
TED,Pterocaesio digramma,Double-lined fusilier,Fusilero de dos bandas,Fusilier à deux bandes jaunes
TEE,Pteraclis aesticola,Pacific fanfish,,
TEF,Theragra finnmarchica,Norwegian pollock,Colín de Noruega,Lieu de Norvège
TEG,Ctenosciaena gracilicirrhus,Barbel drum,,
TEH,Terapon theraps,Largescaled terapon,,
TEI,Pterocaesio pisang,Banana fusilier,Fusilero banana,Fusilier banane
TEJ,Stereolepis gigas,Giant seabass,Lubina gigante,Bar gigantesque
TEK,Stegastes apicalis,Australian gregory,,
TEL,Stereolepis doederleini,,,
TEM,Cteniloricaria maculata,,,
TEN,Ctenopoma petherici,,,
TEO,Tetraroge barbata,Bearded roguefish,,
TEP,Steeneichthys plesiopsus,,,
TEQ,Tetrosomus concatenatus,Triangular boxfish,,
TES,Thermarces cerberus,,,
TET,Pterocaesio tessellata,One-stripe fusilier,Fusilero de una banda,Fusilier à une bande
TEU,Terapon puta,Small-scaled terapon,,
TEV,Stenocionops ovata,Velvet spidercrab,Cangrejo araña terciopelo,Crabe araignée velours
TEW,Pteria sterna,Western wing oyster,,Avicule ailee
TEX,Tagelus plebeius,Stout tagelus,,
TEY,Tagelus californianus,Californian tagelus,Tagelo californiano,Tagal californien
TEZ,Paradiplospinus antarcticus,Antarctic escolar,Escolar antártico,Escolier antarctique
TFA,Typhleotris madagascariensis,,,
TFB,Batrachoides surinamensis,Pacuma toadfish,Sapo guayanés,Crapaud guyanais
TFC,Trinorfolkia clarkei,Clarke's triplefin,,
TFD,Batrachoididae,"Toadfishes, etc. nei","Sapos, etc. nep","Crapauds, etc. nca"
TFE,Tarphops elegans,,,
TFF,Triglops forficatus,Scissortail sculpin,,
TFG,Scatophagus argus,Spotted scat,,
TFH,Stercorarius skua,Skua,Págalo grande,Grand labbe
TFI,Trichonotus filamentosus,,,
TFJ,Trachypenaeus fuscina,Pinto shrimp,Camarón pinto,Crevette pinto
TFK,Tellina foliacea,Foliated tellin,,Telline foliacée
TFL,Typhlogobius californiensis,Blind goby,,
TFM,Furgaleus macki,Whiskery shark,Cazón bigotudo,Émissole moustachue
TFN,Tropheus annectens,,,
TFO,Trachypenaeus faoe,Indio shrimp,Camarón fijador indio,Crevette gambri indienne
TFP,Todarodes filippovae,Antarctic flying squid,Jibia antártica,Toutenon antarctique
TFQ,Thelenota ananas,Prickly redfish,,Holothurie ananas
TFR,Strophiurichthys robustus,Chubby basketfish,,
TFS,Tephrinectes sinensis,,,
TFT,Ctenogobius fasciatus,Blotchcheek goby,,
TFU,Pterophyllum altum,,,
TFV,Trachypenaeus fulvus,Brown rough shrimp,Camarón fijador marrón,Crevette gambri brune
TFW,Spatangus mathesoni,Matheson’s heart urchin,,
TFX,Tetraodon spp,,,
TFY,Spatangus multispinus,Purple-heart urchin,,
TFZ,Tribolodon hakonensis,Big-scaled redfin,,
TGA,Polydactylus quadrifilis,Giant African threadfin,Barbudo gigante africano,Gros capitaine
TGB,Pteragogus amboinensis,,,
TGC,Tiaroga cobitis,Loach minnow,,
TGD,Stegastes dorsopunicans,Dusky damselfish,,
TGE,Stegastes leucostictus,Beaugregory,,
TGF,Gogolia filewoodi,Sailback houndshark,Cazón velero,Requin-hâ voile
TGG,Ctenogobiops aurocingulus,Gold-streaked prawn-goby,,
TGH,Trichogaster trichopterus,Three spot gourami,,
TGI,Glyptauchen insidiator,,,
TGJ,Triglops jordani,Jordan's sculpin,,
TGK,Pterapogon kauderni,,,
TGL,Trichogenes longipinnis,,,
TGM,Triglops murrayi,Moustache sculpin,,
TGN,Thorogobius angolensis,,,
TGO,Stigmatochromis modestus,,,
TGP,Triglops scepticus,Spectacled sculpin,,
TGQ,Triglopsis quadricornis,Fourhorn sculpin,,
TGR,Gymnapistes marmoratus,South Australian cobbler,,
TGS,Penaeus kerathurus,Caramote prawn,Langostino,Caramote
TGT,Troglocobitis starostini,,,
TGU,Tominanga aurea,,,
TGV,Tetragonurus cuvieri,Smalleye squaretail,,
TGW,Mesoplodon ginkgodens,Ginkgo-toothed beaked whale,Zifio japonés,Baleine à bec de Nishiwaki
TGX,Atergatopsis signatus,Giant egg crab,,
TGY,Triglops nybelini,Bigeye sculpin,,
TGZ,Tagelus dombeii,Dombey's tagelus,Tagelo berberecho,Tagal de Dombey
THA,Opisthonema oglinum,Atlantic thread herring,Machuelo hebra atlántico,Chardin fil
THB,Nemipterus spp,Threadfin breams nei,Bagas nep,Cohanas nca
THD,Nemipteridae,Threadfin and dwarf breams nei,"Bagas, besugatos nep","Cohanas, mamilas nca"
THE,Terapontidae,Tigerperches nei,Baraongas nep,Violons nca
THF,Polynemidae,"Threadfins, tasselfishes nei",Barbudos nep,"Barbures, capitaines nca"
THG,Nemipterus virgatus,Golden threadfin bream,Baga dorada,Cohana doré
THH,Hypogaleus hyugaensis,Blacktipe tope,Cazón elegante,Requin-hâ élégant
THI,Cathorops fuerthii,Congo sea catfish,,
THJ,Hemitriakis japanica,Japanese topeshark,Cazón japonés,Requin-hâ dochizame
THK,Centrochir crocodili,,,
THL,Hemitriakis leucoperiptera,Whitefin topeshark,Cazón de aleta blanca,Requin-hâ aile blanche
THM,Thyrsitoides marleyi,Black snoek,Sierra grácil,Escolier gracile
THN,Thrattidion noctivagus,Sanaga pygmy herring,,
THO,Terapon spp,Terapon perches nei,,
THP,Opisthonema libertate,Pacific thread herring,Machuelo hebra pinchagua,Chardin du Pacifique
THQ,Thenus orientalis,Flathead lobster,Cigarra chata,Cigale raquette
THR,Alopias spp,Thresher sharks nei,Zorros nep,Renards de mer nca
THS,Microchirus spp,Thickback soles nei,Golletas nep,Soles-perdix nca
THT,Tenualosa thibaudeaui,Laotian shad,,
THU,Citharinus latus,,,
THV,Thymopides grobovi,Bellator lobster,,
THW,Thaumastochelopsis wardi,Australian pincer lobster,,
THX,Opisthonema spp,Thread herrings nei,Machuelos nep,Chardins nca
THY,Silurichthys citatus,,,
THZ,Pentheroscion mbizi,,,
TIA,Trachyscorpia capensis,Cape scorpionfish,,
TIB,Tilapia bilineata,,,
TIC,Chionodraco hamatus,,,
TID,Pterygioteuthis giardi,Roundear enope squid,Enoploluria orejuda,Encornet boubou
TIE,Trachinotus teraia,Shortfin pompano,Pámpano terayo,Pompaneau né-bé
TIF,Paranthias furcifer,Creole-fish,Cuna lucero,Badèche créole
TIG,Galeocerdo cuvier,Tiger shark,Tintorera tigre,Requin tigre commun
TIH,Branchiostegus japonicus,Horsehead tilefish,,
TII,Tilapia buttikoferi,,,
TIJ,Tilapia tholloni,,,
TIK,Iago garricki,Longnose houndshark,Cazón picudo,Requin-hâ long nez
TIL,Lopholatilus chamaeleonticeps,Great Northern tilefish,Blanquillo camello,Tile chameau
TIM,Tilapia busumana,,,
TIN,Stichaeopsis nana,,,
TIO,Iago omanensis,Bigeye houndshark,Cazón ojigrande,Requin-hâ à gros yeux
TIP,Penaeus semisulcatus,Green tiger prawn,Langostino tigre verde,Crevette tigrée verte
TIQ,Trachycardium isocardia,Even cockle,Berberecho guacuco,Bucarde régulière
TIR,Tilapia cabrae,,,
TIS,Branchiostegidae,Tilefishes nei,"Blanquillos, paletas nep",Tiles nca
TIT,Xiphopenaeus riveti,Pacific seabob,Camarón botalón,Crevette seabob
TIU,Trachinops brauni,,,
TIV,Tilapia brevimanus,,,
TIW,Stichaeus grigorjewi,,,
TIX,Trachycardium muricatum,American yellow cockle,Berberecho amarillo,Bucarde jaune
TIY,Taeniolethrinops cyrtonotus,,,
TIZ,Branchiostegus wardi,Ward's tilefish,,
TJA,Tilapia kottae,,,
TJB,Terapon jarbua,Jarbua terapon,,
TJC,Tilapia camerunensis,,,
TJD,Tilapia dageti,,,
TJE,Tilapia cessiana,,,
TJF,Tilapia coffea,,,
TJG,Tilapia congica,,,
TJH,Tilapia rheophila,,,
TJI,Tilapia discolor,,,
TJJ,Tilapia joka,,,
TJK,Tilapia deckerti,,,
TJL,Tilapia louka,,,
TJM,Tilapia imbriferna,,,
TJN,Tilapia nyongana,,,
TJP,Tilapia mariae,Spotted tilapia,,
TJQ,Thaumastocheles japonicus,Pacific pincer lobster,,
TJR,Tilapia margaritacea,,,
TJS,Tilapia spongotroktis,,,
TJT,Tilapia gutturosa,,,
TJU,Tilapia guinasana,Otjikoto tilapia,,
TJV,Tilapia flava,,,
TJW,Tilapia ruweti,Okavango tilapia,,
TJX,Trachyscorpia cristulata,Atlantic thornyhead,,
TJY,Tilapia snyderae,,,
TJZ,Trachipterus jacksonensis,Blackflash ribbonfish,,
TKA,Glyptocephalus kitaharai,Willowy flounder,,
TKB,Ctenochaetus binotatus,Twospot surgeonfish,,
TKC,Tamanka cagayanensis,,,
TKD,Thamnaconus modestus,,,
TKE,Pterogobius elapoides,,,
TKF,Takifugu porphyreus,,,
TKG,Parastichopus californicus,Giant red sea cucumber,,
TKH,Trypauchen raha,,,
TKI,Teramulus kieneri,Kiener's silverside,,
TKJ,Trachypenaeus pacificus,Zebra shrimp,Camarón cebra,Crevette zèbre
TKK,Trichonotus nikii,,,
TKL,Trichopsis pumila,Pygmy gourami,,
TKM,Tanganikallabes mortiauxi,,,
TKN,Trachypenaeus constrictus,Roughneck shrimp,Camarón fijador,Crevette gambri
TKO,Takifugu niphobles,,,
TKP,Tukugobius philippinus,,,
TKQ,Trachycardium consors,Consors' cockle,Berberecho consorte,Bucarde consort
TKR,Tentoriceps cristatus,Crested hairtail,Pez sable cuchilla,Poisson-sabre manchot
TKS,Trypauchenichthys sumatrensis,,,
TKT,Tanakia tanago,Tokyo bitterling,,
TKU,Ptereleotris arabica,,,
TKV,Parastichopus parvimensis,,,
TKW,Trochus conus,Cone-shaped top,,Troque conique
TKX,Tectus dentatus,Dentate top shell,,Troque pyramidal
TKY,Ctenopoma kingsleyae,Tailspot ctenopoma,,
TKZ,Palaemonetes tonkinensis,Tonkin grass shrimp,Camarón tonkinés,Bouquet tonkinois
TLA,Thymallus arcticus,Arctic grayling,Tímalo ártico,Ombre arctique
TLC,Teleogramma brichardi,,,
TLD,Acantholatris monodactylus,St. Paul's fingerfin,,
TLE,Trigonolampa miriceps,,,
TLF,Telmatochromis bifrenatus,,,
TLG,Tilapia guineensis,Guinean tilapia,,
TLH,Tilapia thysi,,,
TLI,Thalassobathia pelagica,,,
TLJ,Trachypenaeus longipes,Longlegged rough shrimp,,
TLK,Thalamita crenata,Wide front swimcrab,,
TLL,Oreochromis spilurus,Sabaki tilapia,,
TLM,Oreochromis mossambicus,Mozambique tilapia,Tilapia del Mozambique,Tilapia du Mozambique
TLN,Oreochromis niloticus,Nile tilapia,Tilapia del Nilo,Tilapia du Nil
TLO,Trematomus loennbergii,Scaly rockcod,Austrobacalao escamudo,Bocasson écailleux
TLP,Oreochromis(=Tilapia) spp,Tilapias nei,Tilapias nep,Tilapias nca
TLQ,Tetracheledone spinicirrhus,Spiney-horn octopus,Pulpo cornudo,Poulpe cornu
TLR,Tilapia rendalli,Redbreast tilapia,,
TLS,Tilapia sparrmanii,Banded tilapia,,
TLT,Telotrematocara macrostoma,,,
TLU,Platysilurus barbatus,,,
TLV,Thymallus thymallus,Grayling,Tímalo,Ombre commun
TLW,Tilapia walteri,,,
TLX,Tagelus peruvianus,Duckbill tagelus,Tagelo pico de pato,Tagal bec-de-canard
TLY,Tellina simulans,Similar red tellin,Telina colorada del Pacífico,Telline rouge du Pacifique
TLZ,Tilapia zillii,Redbelly tilapia,,
TMA,Tympanopleura alta,,,
TMB,Stromateus brasiliensis,Southwest Atlantic butterfish,Pampanito,
TMC,Trematocara caparti,,,
TMD,Thalassoma duperrey,Saddle wrasse,,
TME,Tyrannochromis macrostoma,,,
TMF,Thalassoma bifasciatum,Bluehead,,
TMG,Stathmonotus culebrai,Panamanian worm blenny,,
TMI,Tylochromis aristoma,,,
TMJ,Tetracentrum apogonoides,Four-spined glass perchlet,,
TMK,Trimma okinawae,Okinawa rubble goby,,
TML,Trematocranus labifer,,,
TMM,Stomatepia mariae,Nsess,,
TMN,Tomiyamichthys oni,,,
TMO,Tasmanogobius lordi,Lord's goby,,
TMP,Thalassoma pavo,Ornate wrasse,,
TMQ,Tetranematichthys quadrifilis,,,
TMR,Tristramella sacra,,,
TMS,Trematochromis schreyeni,,,
TMT,Trinectes maculatus,Hogchoker,,
TMU,Ctenotrypauchen microcephalus,Comb goby,,
TMV,Tramitichromis brevis,,,
TMW,Trematomus vicarius,Orange notothen,,
TMX,Triphoturus mexicanus,Mexican lampfish,,
TMY,Trachypenaeus similis,Yellow roughneck shrimp,Camarón fijador amarillo,Crevette gambri jaune
TMZ,Astralium calcar,Spurred turban,,Turbo éperonné
TNA,Narcine brasiliensis,Brazilian electric ray,,
TNB,Benthobatis marcida,Blind torpedo,,
TNC,Crassinarke dormitor,,,
TND,Diplobatis ommata,Ocellated electric ray,,
TNE,Narcine entemedor,Giant electric ray,,
TNF,Trachinotus falcatus,Permit,Pámpano palometa,Pompaneau plume
TNG,Narke dipterygia,Numbray,,
TNH,Heteronarce garmani,Natal electric ray,,
TNI,Narcine indica,,,
TNJ,Narke japonica,,,
TNK,Narke capensis,Onefin electric ray,,
TNL,Narcine lingula,,,
TNM,Heteronarce mollis,,,
TNN,Narcine rierai,Slender electric ray,,
TNO,Narcine prodorsalis,,,
TNP,Diplobatis picta,,,
TNQ,Narcine timlei,Spotted numbfish,,
TNR,Narcine brevilabiata,,,
TNS,Trachonurus sulcatus,Bristly grenadier,,
TNT,Narcine tasmaniensis,Tasmanian numbfish,,
TNU,Narcine brunnea,Brown numbfish,,
TNV,Narcine vermiculatus,Vermiculate electric ray,,
TNW,Narcine westraliensis,Banded numbfish,,
TNX,Laternula elliptica,Antarctic soft-shell clam,Laternula antártica,Laternule antarctique
TNY,Discopyge tschudii,,,
TNZ,Tellina laceridens,Lacerate tellin,Telina maxima,Telline lacérée
TOA,Dissostichus mawsoni,Antarctic toothfish,Austromerluza antártica,Légine antarctique
TOB,Tor tambroides,Thai mahseer,,
TOC,Astronotus ocellatus,Oscar,,
TOD,Torpedinidae,Electric rays nei,"Tremielgas, torpedos nep","Torpilles, raies électriq. nca"
TOE,Torpedo spp,Torpedo rays,Tremolinas,Torpilles
TOF,Torpediniformes,"Electric rays, etc.nei",,
TOG,Trachinotus goreensis,Longfin pompano,Pámpano cojonovo,Pompaneau tacheté
TOH,Taenianotus triacanthus,Leaf scorpionfish,,
TOI,Trachinotus marginatus,Plata pompano,Pámpano de la Plata,Pompaneau du Plate
TOJ,Asterorhombus fijiensis,Angler flatfish,,
TOK,Tor khudree,,,
TOL,Tenualosa toli,Toli shad,Sábalo toli,Alose toli
TOM,Microgadus tomcod,Atlantic tomcod,Microgado,Poulamon atlantique
TON,Trachinotus kennedyi,Blackblotch pompano,Mero pámpano,Pompaneau argenté
TOO,Trachinotus maxillosus,Guinean pompano,Pámpano galonero,Pompaneau chévron
TOP,Dissostichus eleginoides,Patagonian toothfish,Austromerluza negra,Légine australe
TOQ,Tonna galea,Helmet ton,Caracol tonel,Tonne cannelée
TOS,Turbo cornutus,Horned turban,Peonza cornuda,Troque
TOT,Dissostichus spp,Antarctic toothfishes nei,Austromerluzas nep,Légines antarctiques nca
TOU,Astrapogon alutus,Bronze cardinalfish,,
TOV,Trimmatom eviotops,Red-barred rubble goby,,
TOX,Cynoglossidae,Tonguefishes,Cinoglósidos,Cynoglossidés
TOY,Tonna dolium,Spotted tun,,Tonne tachetée
TOZ,Trachinus vipera,Lesser weever,,
TPA,Trachipterus arcticus,Dealfish,Cardenal atlántico,Trachyptère atlantique
TPB,Tilapia bakossiorum,,,
TPC,Acantopsis choirorhynchos,Horseface loach,,
TPD,Stenopus hispidus,Banded coral shrimp,,
TPE,Acanthopoma annectens,,,
TPF,Tripodichthys angustifrons,Black-flag tripodfish,,
TPG,Tripterophycis gilchristi,Grenadier cod,,
TPH,Tropidophoxinellus hellenicus,,,
TPI,Tilapia bemini,,,
TPK,Taeniopsetta ocellata,,,
TPL,Paracentropogon longispinus,Wispy waspfish,,
TPM,Triplophos hemingi,,,
TPN,Typhlobarbus nudiventris,,,
TPO,Tilapia baloni,,,
TPP,Satanoperca acuticeps,Sharphead eartheater,,
TPQ,Trachypenaeus granulosus,Coarse shrimp,Camarón fijador de granos,Crevette gambri grenue
TPR,Trachypoma macracanthus,Toadstool groper,,
TPS,Ruditapes spp,Carpet shells nei,Almejas nep,Clovisses nca
TPT,Paratrachichthys trailli,Sandpaper fish,,
TPU,Triportheus angulatus,,,
TPV,Pteria avicular,Swift wing oyster,,Avicule martinet
TPW,Typhlogarra widdowsoni,Iraq blind barb,,
TPX,Tonna perdix,Pacific partridge tun,,Tonne perdrix
TPY,Tilapia bythobates,,,
TQA,Torquigener altipinnis,,,
TQB,Thymops birsteini,Southern lobsterette,Cigala del Sur,Langoustine du Sud
TQC,Atrina tuberculosa,Tuberculate pen shell,Pina tuberculada,Jambonneau tuberculé
TQD,Tapes dorsatus,Turgid venus,,Palourde enflée
TQE,Atrina pectinata,Comb pen shell,,Jambonneau pectine
TQF,Atrina fragilis,Brittle pen shell,Alabarda,Jambonneau fragile
TQG,Tripneustes gratilla,Striped sea urchin,,
TQH,Thalassarche carteri,Indian yellow-nosed albatross,Albatros índico pico amarillo,Albatros de l'océan indien
TQI,Tellina incarnata,Fleshy tellin,Telina encarnada,Telline pourpre
TQJ,Tapes literatus,Lettered venus,,Palourde écriture
TQK,Tresus keenae,Japanese horse clam,,
TQL,Tellina alternata,Alternate tellin,,
TQM,Atrina maura,Maura pen shell,Pina lampa,Jambonneau lampe
TQN,Thymopsis nilenta,Nilenta lobsterette,,
TQO,Trachycardium procerum,Slender cockle,Berberecho piconudo,Bucarde élancée
TQP,Trachycardium panamense,Mexican cockle,Berberecho mexicano,Bucarde mexicaine
TQQ,Trachycardium quadragenarium,Giant Pacific cockle,Berberecho espinoso del Pacíf.,Bucarde épineuse du Pacifique
TQR,Trachycardium rugosum,Pacific yellow cockle,,Bucarde rugueuse
TQS,Tellina staurella,Cross tellin,,Telline croisette
TQT,Tellina planata,Flat tellin,Telina plana,Telline aplatie
TQU,Tresus nuttallii,Pacific horse clam,,
TQV,Tellina virgata,Virgate tellin,,Telline vergée
TQW,Thalassarche impavida,Campbell albatross,Albatros de la isla Campbell,Albatros de l'île Campbell
TQX,Atrina vexillum,Flag pen shell,,Jambonneau noir
TQY,Atrina spp,Pen shells nei,Pinas nep,Jambonneaux nca
TQZ,Tresus spp,Pacific horse clams nei,,
TRA,Trachinidae,Weeverfishes nei,"Arañas, escorpiones nep","Vives, etc. nca"
TRB,Triaenodon obesus,Whitetip reef shark,Tiburón coralero ñato,Requin corail
TRC,Trachichthyidae,Slimeheads nei,Relojes nep,Poissons-montres nca
TRD,Trematomus lepidorhinus,Slender scalyhead,,
TRE,Caranx spp,"Jacks, crevalles nei","Jureles, pámpanos nep","Chinchards, carangues nca"
TRF,Lactarius lactarius,False trevally,Pagapa,Péliau chanos
TRG,Balistes carolinensis,Grey triggerfish,Pejepuerco blanco,Baliste cabri
TRH,Pagothenia hansoni,Striped rockcod,Austrobacalao rayado,Bocasson rayé
TRI,Balistidae,"Triggerfishes, durgons nei",Peces-ballesta nep,Balistes nca
TRK,Triakidae,"Houndsharks,smoothhounds nei","Cazones,tollos nep","Émissoles,requins-hâ nca"
TRL,Trematomus eulepidotus,Blunt scalyhead,,
TRM,Trematomus scotti,Crowned rockcod,Austrobacalao coronado,Bocasson couronné
TRN,Trematomus nicolai,Spotted notothen,,
TRO,Salmo spp,Trouts nei,Truchas nep,Truites nca
TRP,Trachipterus spp,Dealfishes,,
TRQ,Trachipterus trachipterus,Mediterranean dealfish,Traquíptero,Poisson ruban
TRR,Oncorhynchus mykiss,Rainbow trout,Trucha arco iris,Truite arc-en-ciel
TRS,Salmo trutta,Sea trout,Trucha marina,Truite de mer
TRT,Trematomus spp,Trematomus nei,Trematomus nep,Trematomus nca
TRU,Latridae,Trumpeters nei,Tromperos nep,
TRV,Trachypenaeus curvirostris,Southern rough shrimp,Camarón fijador arquero,Crevette-archer
TRW,Trematomus newnesi,Dusky rockcod,Austrobacalao oscuro,Bocasson terne
TRX,Trachipteridae,Ribbonfishes,Peces cinta,"Trachyptères, poissons-rubans"
TRY,Selaroides leptolepis,Yellowstripe scad,Chicharro banda dorada,Sélar à bande dorée
TRZ,Pseudocaranx dentex,White trevally,Jurel dentón,Carangue dentue
TSA,Sorosichthys ananassa,Little pineapple fish,,
TSB,Ctenops nobilis,Frail gourami,,
TSC,Tricuspidalestes caeruleus,,,
TSD,Alosa fallax,Twaite shad,Saboga(=Alosa),Alose feinte
TSE,Tocantinsia depressa,,,
TSF,Tosanoides filamentosus,,,
TSG,Tilesina gibbosa,,,
TSH,Ex Trochus spp,Trochus shells,Tróquidos,Troques
TSI,Tosana niwae,Threadtail anthias,,
TSJ,Trichopsetta caribbaea,Caribbean flounder,,
TSK,Scylliogaleus quecketti,Flapnose houndshark,Cazón mosqueador,Virli à clapet
TSL,Petroscirtes ancylodon,Arabian fangblenny,,
TSM,Tactostoma macropus,Longfin dragonfish,,
TSN,Snyderina guentheri,Günther's waspfish,,
TSO,Thysanichthys crossotus,,,
TSP,Sphoeroides pachygaster,Blunthead puffer,,
TSQ,Nototodarus sloanii,Wellington flying squid,Pota neozelandesa,Encornet minami
TSR,Triso dermopterus,Oval grouper,Mero ovalado,Mérou ovale
TSS,Steatocranus casuarius,Lionhead cichlid,,
TST,Taractichthys steindachneri,Sickle pomfret,Tristón segador,
TSU,Trachyrincus scabrus,Roughsnout grenadier,,
TSV,Pteropsaron evolans,,,
TSW,Mesoplodon layardii,Strap-toothed whale,Zifio de Layard,Baleine à bec de Layard
TSX,Tresus capax,Fat horse clam,,
TSY,Tetranesodon conorhynchus,Lorentz catfish,,
TTA,Triakis acutipinna,Sharpfin houndshark,Tollo del Ecuador,Virli équatorien
TTB,Torpedo bauchotae,Rosette torpedo,,
TTC,Torpedo californica,Pacific electric ray,,
TTD,Torpedo peruana,Peruvian torpedo,,
TTE,Triakis megalopterus,Sharptooth houndshark,Tollo dentudo,Virli dentu
TTF,Torpedo fairchildi,New Zealand torpedo,,
TTG,Malaclemys spp,Diamond back terrapins,Tortugas comestibles,Tortues diamantées
TTH,Eretmochelys imbricata,Hawksbill turtle,Tortuga carey,Tortue caret
TTI,Torpedo macneilli,Shorttail torpedo,,
TTJ,Torpedo sinuspersici,Variable torpedo ray,,
TTK,Trematomus tokarevi,Bigeye notothen,,
TTL,Caretta caretta,Loggerhead turtle,Caguama,Caouane
TTM,Triakis maculata,Spotted houndshark,Tollo manchado,Virli tacheté
TTN,Torpedo mackayana,Ringed torpedo,,
TTO,Torpedo nobiliana,Electric ray,Tremolina negra,Torpille noire
TTP,Hypnos monopterygium,Australian numbfish,,
TTQ,Torpedo tokionis,Trapezoid torpedo,,
TTR,Torpedo marmorata,Marbled electric ray,Tremolina mármol,Torpille marbrée
TTS,Trionyx sinensis,Soft-shell turtle,,
TTT,Torpedo panthera,Panther electric ray,,
TTU,Torpedo fuscomaculata,Black-spotted torpedo,,Raie trembleur
TTV,Torpedo torpedo,Common torpedo,Tremolina,Torpille ocellée
TTW,Torpedo tremens,Chilean torpedo,Temblara,
TTX,Testudinata,Marine turtles nei,Tortugas de mar nep,Tortues de mer nca
TTY,Triakis scyllium,Banded houndshark,Tollo rayado,Virli coro
TTZ,Typhlobelus ternetzi,,,
TUA,Tuberoschistura cambodgiensis,,,
TUC,Sotalia fluviatilis,Tucuxi,Bufeo negro,Sotalia
TUD,Trachurus delagoa,African scad,Jurel galati,Chinchard galati
TUE,Trachinotus stilbe,Steel pompano,Pámpano acerado,Pompaneau éclatant
TUF,Proteracanthus sarissophorus,,,
TUG,Chelonia mydas,Green turtle,Tortuga verde,Tortue verte
TUH,Trachinotus rhodopus,Gafftopsail pompano,Pámpano fino,Pompaneau fin
TUI,Tomeurus gracilis,,,
TUJ,Trachurus indicus,Arabian scad,Jurel arábigo,Chinchard d'Arabie
TUK,Trachinotus mookalee,Indian pompano,Pámpano índico,Pompaneau indien
TUL,Testudinata,River and lake turtles nei,Galápagos nep,Tortues d'eau douce nca
TUM,Atule mate,Yellowtail scad,Jurel rabo amarillo,Sélar queue jaune
TUN,Thunnini,Tunas nei,Atunes nep,Thonidés nca
TUO,Paralticus amboinensis,Ambon rockskipper,,
TUP,Atropus atropos,Cleftbelly trevally,,
TUQ,Parastacus nicoleti,,,
TUR,Psetta maxima,Turbot,Rodaballo,Turbot
TUS,Thunnus spp,True tunas nei,Atunes verdaderos nep,Thons Thunnus nca
TUT,Tubbia tasmanica,Tasmanian ruffe,,
TUU,Taurocottus bergi,,,
TUV,Tremoctopus violaceus,Palmate octopus,Pulpo manta,Pieuvre palmée
TUW,Semele solida,Chilean semele,Almeja blanca chilena,Sémèle chilienne
TUX,Scombroidei,Tuna-like fishes nei,Peces parec. a los atunes nep,Poissons type thon nca
TUY,Parastacus brasiliensis,,,
TUZ,Trachurus novaezelandiae,Yellowtail horse mackerel,,
TVA,Sterna hirundo,Common tern,Charrán común,Sterne pierregarin
TVB,Tivela byronensis,Byron tivela,Tivela de Byron,Tivel de Byron
TVC,Vandellia cirrhosa,Candiru,,
TVD,Trimma avidori,,,
TVE,Pteraclis velifera,Spotted fanfish,,
TVF,Sterna paradisaea,Arctic tern,Charrán artico,Sterne arctique
TVG,Thaumeledone gunteri,,,
TVH,Ardea cinerea,Grey heron,Garza real,Héron cendré
TVJ,Travancoria jonesi,,,
TVK,Parastichopus tremulus,,,
TVL,Tivela lessonii,Hians tivela,,
TVM,Tivela mactroides,Triangular tivela,,
TVN,Tanaidacea,Tanaidaceans,,
TVP,Tivela planulata,Flat tivela,Tivela piojosa,Tivel plat
TVR,Tivela tripla,Triple venus,Tivela triple,Vénus triple
TVS,Stavelia subdistorta,Distorted mussel,,Modiole tordue
TVT,Tivela stultorum,Pismo clam,Tivela de Pismo,Tivel de Pismo
TVU,Trachypenaeus brevisuturae,Smooth shrimp,Camarón fijador liso,Crevette gambri lisse
TVV,Tivela ventricosa,Ventricose tivela,,
TVW,Tivela spp,Tivelas nei,Tivelas nep,Tivels nca
TVX,Thenus spp,Flathead lobsters nei,Cigarras chatas nep,Cigales raquettes nca
TVY,Cataetyx laticeps,,Picuca,
TVZ,Trachypenaeus villaluzi,Philippines rough shrimp,,
TWC,Tewara cranwellae,,,
TWD,Thalassarche steadi,White-capped albatross,Albatros de Auckland,Albatros à cape blanche
TWG,Tawera gayi,Gay's little venus,Juliana,
TWI,Solaster torulatus,Chubby sun-star,,
TWK,Trachipterus ishikawae,Slender ribbonfish,,
TWL,Tellina spp,Tellins nei,Telinas nep,Tellines nca
TWM,Teuthowenia megalops,Atlantic cranch squid,Cranquiluria atlántica,Encornet-outre atlantique
TWN,Tenualosa macrura,Longtail shad,,
TWO,Thalassoma lunare,Moon wrasse,Doncella verde,Girelle verte
TWP,Adelieledone polymorpha,Antarctic knobbed octopus,Pulpo nodoso,Élédone noueux
TWS,Cathorops spixii,Madamango sea catfish,Bagre cuinche,Mâchoiron madamango
TWT,Pareledone turqueti,Turquet's octopus,Pulpo de Turquet,Élédone de Turquet
TWV,Tripneustes ventricosus,Sea egg,,
TWX,Thalassoma spp,,,
TWY,Thynnichthys vaillanti,,,
TXC,Toxotes chatareus,Spotted archerfish,,
TXE,Telescopium telescopium,Telescope snail,,Potamide telescope
TXF,Tellina fabula,,,
TXH,Tellina hyalina,Hyaline tellin,Telina hialina,Telline hyaline
TXI,Ctenopharynx intermedius,Blackspot climbing perch,,
TXJ,Toxotes jaculatrix,Banded archerfish,,
TXM,Toxotes microlepis,Smallscale archerfish,,
TXO,Teixeirichthys jordani,Jordan's damsel,,
TXP,Talona explanata,Talona pholaad,Talona,Pholade talonée
TXQ,Trachythyone muricata,,,
TXR,Tetilla leptoderma,,,
TXS,Tellina senegambiensis,Senegambian tellin,Telina de Senegambia,Telline de Senegambie
TXT,Tellina strigosa,Thin tellin,Telina delgada,Telline jaunâtre
TXW,Trixiphichthys weberi,Blacktip tripodfish,,
TXX,Pteria spp,Wing oysters nei,,
TXY,P.mesopotamicus x C.macropomum,"Tambacu, hybrid","Pacotana, híbrido",
TYA,Tanichthys albonubes,White cloud mountain minnow,,
TYB,Thayeria boehlkei,Blackline penguinfish,,
TYC,Triplophysa choprai,,,
TYD,Thynnichthys sandkhol,,,
TYE,Thymallus brevirostris,Mongolian grayling,,
TYF,Trachyrhamphus bicoarctatus,Double-ended pipefish,,
TYG,Taunayia marginata,,,
TYH,Trachyrincus helolepis,Armourhead grenadier,,
TYI,Trachyglanis ineac,,,
TYJ,Trachycorystes cratensis,,,
TYK,Trachypenaeus anchoralis,Hardback shrimp,Camarón huesudo,Crevette os
TYL,Trachycorystes striatulus,Singing catfish,,
TYM,Tyttocharax madeirae,Blackedge tetra,,
TYN,Tachysurus nenga,,,
TYO,Thryssocypris ornithostoma,,,
TYP,Speoplatyrhinus poulsoni,Alabama cavefish,,
TYR,Trachelyopterus coriaceus,,,
TYS,Typhlichthys subterraneus,Southern cavefish,,
TYT,Thynnichthys thynnoides,,,
TYU,Trachelyichthys decaradiatus,,,
TYV,Atya spinipes,Soldier brush shrimp,Camarón soldado,Saltarelle soldat
TYW,Atya pilipes,Koros shrimp,Camarón koros,Saltarelle koros
TYX,Thysanactis dentex,,,
TYY,Trachycorystes trachycorystes,Black catfish,,
TYZ,Trachelyopterichthys anduzei,,,
TZA,Trachinus araneus,Spotted weever,Araña,Vive araignée
TZC,Anas crecca,Common teal,Cerceta común,Sarcelle d'hiver
TZD,Tor douronensis,Semah mahseer,,
TZE,Anas penelope,Eurasian wigeon,Silbón europeo,Canard siffleur
TZF,Anas platyrhynchos,Mallard,Anade azulón,Canard colvert
TZG,Sotalia guianensis,Guyana dolphin,Delfín costero,Dauphin de Guyane
TZH,Anatidae,"Ducks, geese and swans nei","Patos, gansos y cisnes nep","Canards, oies et cygnes nca"
TZK,Liparis tanakae,Tanaka's snailfish,Tanaka,
TZL,Taranetzella lyoderma,Looseskin eelpout,,
TZM,Tremaster mirabilis,,,
TZP,Torpedo puelcha,Argentine torpedo,Torpedo argentina,
TZR,Trachinus radiatus,Starry weever,Víbora,Vive à tête rayonnée
TZS,Tor soro,,,
TZX,Pterocaesio spp,,,
TZY,Trachyscorpia echinata,Spiny scorpionfish,Rascacio espinoso,Rascasse épineuse
UAA,Uaru amphiacanthoides,Uaru,,
UAB,Sacura boulengeri,Boulenger's anthias,,
UAG,Astroscopus guttatus,Northern stargazer,,
UAH,Leucetta leptoraphis,,,
UAQ,Themisto gaudichaudii,,,
UAX,Turbinella spp,,,
UBA,Cubiceps caeruleus,Blue fathead,,
UBB,Cubiceps baxteri,Black fathead,,
UBC,Cubanichthys cubensis,Cuban killifish,,
UBD,Pleurobema cordatum,Ohio pigtoe,,
UBE,Turbo petholatus,Tapestry turban,,Turbo tapisserie
UBF,Turbo fluctuosus,Pacific turban,Turbante del Pacífico,Turban du Pacifique
UBH,Turbo chrysostomus,Goldmouth turban,,Turbo bouche-d'or
UBI,Lumbrineris impatiens,,,
UBK,Carlhubbsia kidderi,,,
UBL,Serpulorbis colubrinus,Snake-like worm shell,,Vermet serpentin
UBM,Ubidia magdalenensis,,,
UBN,Turbo canaliculatus,Channelled turban,Turbante acanalado,Turban canaliculé
UBO,Cubiceps kotlyari,,,
UBP,Cubiceps capensis,,,
UBQ,Turbo squamiger,Squamate turban,Turbante escamoso,Turban écailleux
UBR,Turbo argyrostomus,Silvermouth turban,,Turbo bouche-d'argent
UBS,Umbrina spp,Drums nei,Verrugatos nep,Ombrines nca
UBT,Umbonium costatum,Costate top,,Rotelle côtelée
UBU,Cubiceps pauciradiatus,Bigeye cigarfish,,
UBV,Pseudobalistes flavimarginatus,Yellowmargin triggerfish,,
UBX,Turbo saxosus,Stone turban,Turbante saxo,Turban des rochers
UBY,Turbinella pyrum,Indian chank,,
UCA,Umbrina canariensis,Canary drum(=Baardman),Verrugato de Canarias,Ombrine bronze
UCB,Paleosuchus palpebrosus,Cuvier's Dwarf caiman,,
UCC,Ucides cordatus,Ghost crab,Cangrejo capuco fantasma,Crabe mantou
UCD,Ucides occidentalis,Mangrove ghost crab,Capuco verde,Crabe mantou vert
UCE,Fucus gardneri,Common rockweed,,
UCF,Pseudotriacanthus strigilifer,Long-spined tripodfish,,
UCG,Uca tangeri,West african fiddler crab,Violinista africano,Gelasime africain
UCH,Loxechinus albus,Chilean sea urchin,Erizo blanco,Oursin chilien
UCI,Paleosuchus trigonatus,Smooth-fronted caiman,,
UCJ,Turricula javana,Javanese turrid,,Pleurotome de Java
UCK,Ulcina olrikii,Arctic alligatorfish,,
UCL,Cucullaea labiata,Hooked ark,,Arche lippue
UCM,Auchenionchus microcirrhis,,,
UCN,Pseudocrenilabrus nicholsi,,,
UCO,Etropus crossotus,Fringed flounder,,
UCP,Tucetona pectunculus,Comb bittersweet,,Amande pétoncle
UCQ,Capnea georgiana,,,
UCR,Tucetona strigilata,Tessellated bittersweet,Almendra mosaico,Amande mosaique
UCS,Coreoleuciscus splendidus,,,
UCT,Cualac tessellatus,Checkered pupfish,,
UCU,Fucus spp,,,
UCX,Ucla xenogrammus,Largemouth triplefin,,
UDA,Pseudeutropius atherinoides,Indian potasi,,
UDB,Pseudopimelodus albomarginatus,,,
UDC,Pseudoplatystoma corruscans,Spotted sorubim,Surubí,
UDE,Pseudotropheus ater,,,
UDF,Pseudoplatystoma fasciatum,Barred sorubim,,
UDG,Pseudamiops gracilicauda,Graceful-tailed cardinalfish,,
UDI,Pseudoscopelus altipinnis,,,
UDJ,Pseudaesopia japonica,Wavyband sole,,
UDL,Pseudotropheus callainos,,,
UDM,Pseudotolithus moorii,Cameroon croaker,,
UDO,Pseudotropheus elongatus,Elongate mbuna,,
UDP,Undaria pinnatifida,Wakame,Abeto marino,Wakamé
UDQ,Munida gregaria,Swarming squat lobster,Langostino enano,Galathée naine
UDR,Pseudotropheus aurora,,,
UDS,Undaria spp,Wakame nei,Abetos marinos nep,Algues wakamé nca
UDT,Pseudoplatystoma tigrinum,Tiger sorubim,,
UDU,Pseudupeneus maculatus,Spotted goatfish,,
UDV,Pseudamussium clavatum,Club scallop,Pie de nutria,Peigne pied-de-loutre
UDW,Trochita pileus,,,
UDX,Trochita spp,,,
UDZ,Pseudamia zonata,Paddlefish cardinalfish,,
UEB,Stereomastis suhmi,,,
UEP,Couesius plumbeus,Lake chub,,
UEX,Munida spp,,,
UFA,Sufflamen albicaudatus,Bluethroat triggerfish,,
UFB,Sufflogobius bibarbatus,,,
UFC,Sufflamen chrysopterus,Halfmoon triggerfish,,
UFD,Euphausia distinguenda,,,
UFE,Euphausia eximia,,,
UFF,Pseudotropheus tropheops,,,
UFG,Euphausia gibboides,,,
UFH,Euphausia hanseni,,,
UFI,Euphausia diomedeae,,,
UFJ,Eunephrops bairdii,Red lobster,Cigala colorada,Langoustine rouge
UFK,Euphausia americana,,,
UFL,Euphausia lucens,,,
UFM,Euphausia lamelligera,,,
UFN,Euphausia nana,,,
UFO,Bufonaria crumena,Purse frog shell,,Ranelle bourse
UFP,Euphausia pacifica,Isada krill,,
UFR,Euphausia tenera,,,
UFS,Euphausia similis,,,
UFT,Aulacocephalus temmincki,Goldribbon soapfish,,
UFU,Leptocarpus fluminicola,Ganges delta prawn,Camarón estuarino del Ganges,Bouquet du bas Gange
UFX,Thermiphione spp,Thermiphione scaleworms,,
UFZ,Pseudotropheus zebra,Zebra mbuna,,
UGA,Strombus gallus,Roster-tail conch,Cobo cola de gallo,Strombe queue-de-coq
UGC,Pugilina cochlidium,Spiral melongena,,Mélongène spiralée
UGK,Pugilina colosseus,Colossal melongena,,Mélongène colossale
UGL,Cunningtonia longiventralis,,,
UGM,Genyagnus monopterygius,Spotted stargazer,,
UGO,Pugilina morio,Giant hairy melongena,Melongena negra,Mélongène noire
UGT,Pugilina ternatana,Ternate melongena,,Mélongène ternée
UGU,Scaeurgus unicirrhus,Unihorn octopus,Pulpo unicornio,Poulpe licorne
UGX,Pugilina spp,,,
UGZ,Uegitglanis zammaranoi,,,
UHA,Pseudorhombus arsius,Largetooth flounder,,
UHB,Moroteuthis robustus,Robust clubhook squid,Lurión máximo,Cornet mange-piquants
UHD,Opisthoteuthis depressa,,,
UHE,Pseudorhombus elevatus,Deep flounder,,
UHJ,Pseudorhombus javanicus,Javan flounder,,
UHK,Moroteuthis knipovitchi,Smooth hooked squid,Lurión liso,Cornet lisse
UHL,Sepioteuthis lessoniana,Bigfin reef squid,Calamar manopla,Calmar tonnelet
UHN,Moroteuthis lonnbergi,Japanese hooked squid,Lurión japonés,Cornet japonais
UHO,Pseudorhombus oligodon,Roughscale flounder,,
UHP,Pseudorhombus pentophthalmus,Fivespot flounder,,
UHR,Moroteuthis robsoni,Rugose hooked squid,Lurión rugoso,Cornet rugueux
UHS,Sepioteuthis sepioidea,Caribbean reef squid,Calamar de arrecife,Calmar ris
UHT,Pseudorhombus triocellatus,Three spotted flounder,Lenguado de tres manchas,Rite à trois taches
UHU,Sepioteuthis australis,Southern reef squid,Calamar roquero austral,Calmar de roche austral
UHW,Sepioteuthis spp,Reef squids nei,Calamares Sepioteuthis nep,Calmars Sepioteuthis nca
UHX,Moroteuthis spp,Hooked squids nei,Luriones nep,Cornets Moroteuthis nca
UIB,Ichthyscopus barbatus,Fringed stargazer,,
UIC,Turbinaria conoides,Sea bell,,
UID,Turritella duplicata,Duplicate turret,,Turritelle anguleuse
UIE,Etropus intermedius,,,
UIL,Puffinus lherminieri,Audubon's shearwater,Pardela de Audubon,Puffin d'Audubon
UIM,Puffinus mauretanicus,Balearic shearwater,Pardela pichoneta balear,Puffin des Baléares
UIN,Pusia ebenus,Ebony miter,Mitra ebano,Mitre-bois d'ébène
UIO,Turbinaria ornata,Crowned sea bell,,
UIP,Puffinus puffinus,Manx shearwater,Pardela pichoneta,Puffin des anglais
UIR,Turritella terebra,Screw turret,,Turritelle vis
UIS,Plagusia depressa,Tidal spray crab,Cangrejo blanco,
UIT,Plagusia tuberculata,Tuberculated light-foot crab,,
UIU,Turbinaria decurrens,Triangular sea bell,,
UIX,Sinum spp,,,
UIY,Turris babylonia,Babylonia turrid,,Pleurotome Babylone
UJX,Sanguinolaria spp,,,
UKA,Kathetostoma albigutta,Lancer stargazer,,
UKB,Arbacia lixula,Black sea urchin,Erizo negro,Oursin noir
UKD,Eucheuma arnoldii,Mottled sea club,,
UKH,Echinometra mathaei,Hedgehog sea urchin,,
UKP,Bunaka pinguis,,,
UKQ,Echinometra vanbrunti,Purple Pacific sea urchin,Erizo purpureo del Pacífico,Oursin violet du Pacifique
UKX,Pseudorhombus spp,,,
ULA,Caulolatilus affinis,Bighead tilefish,,
ULB,Panulirus albiflagellum,White whisker spiny lobster,,
ULC,Aulopareia cyanomos,,,
ULD,Aulonocara auditor,,,
ULE,Ulua mentalis,Longrakered trevally,,
ULF,Aulopus filamentosus,Royal flagfin,,
ULH,Hastula hectica,Sandbeach auger,,Térèbre châtaigne
ULI,Achirus lineatus,Lined sole,,
ULJ,Bullia miran,Miran bullia,Bulia de Miran,Bullie de miran
ULK,Austriella corrugata,Corrugate lucine,,Lucine ridée
ULL,Spirulina platensis,,,
ULM,Caulolatilus microps,Grey tilefish,Blanquillo lucio,Tile gris
ULN,Cultellus tenuis,African knife shell,Navaja africana,Petit couteau africain
ULO,Spisula solida,Solid surf clam,,Spisule épaisse
ULP,Caulolatilus princeps,Ocean whitefish,Blanquillo fino,Tile fin
ULQ,Spirulina subsalsa,Sea spirulina,Espirulina de mar,Spiruline de mer
ULR,Turritella monterosatoi,Monterosato's auger,Torrecilla de Monterosato,Turritelle de Monterosato
ULS,Stanulus seychellensis,Seychelle's blenny,,
ULT,Spisula subtruncata,Subtruncate surf clam,Pechina triangular,Douceron triangulaire
ULU,Ulua aurochs,Silvermouth trevally,,
ULV,Spisula ovalis,Oval surf clam,,Spisule ovale
ULW,Aulonocranus dewindti,,,
ULX,Spirulina maxima,,,
UMA,Pseudomancopsetta andriashevi,,,
UMB,Umbrina broussonnetii,Striped drum,,
UMC,Umbrina coroides,Sand drum,,
UMG,Calumia godeffroyi,Tailface sleeper,,
UMH,Aruma histrio,Slow goby,,
UMI,Etropus microstomus,Smallmouth flounder,,
UMJ,Amusium japonicum,Saucer scallop,,Peigne lisse de Nouvelle-Cal.
UMK,Umbra krameri,Mudminnow,,
UML,Portumnus latipes,Slender swimcrab,Cangrejo paella,Étrille élégante
UMO,Umbrina ronchus,Fusca drum,,
UMP,Amusium pleuronectes,Asian moon scallop,,Peigne lisse asiatique
UMR,Umbrina roncador,Yellowfin drum,,
UMS,Umbrina steindachneri,Steindachner's drum,,
UMU,Sinum concavum,Concave baby's ear,Sigarita concava,Natice concave
UMV,Umbonium vestiarium,Common button top,,Rotelle commune
UMX,Umbrina xanti,Polla drum,,
UMY,Amusium papyraceum,Paper moon scallop,Vieira papiro,Peigne papyrus
UMZ,Achirus mazatlanus,Mazatlan sole,,
UNA,Placuna placenta,Windowpane oyster,,Placune ovale
UNC,Bregmaceros mcclellandi,Unicorn cod,Bregmacero,Bregmacère de l'océan Indien
UND,Lupinoblennius dispar,Mangrove blenny,,
UNE,Mulinia cleryana,Caribbean surf clam,,
UNF,Placuna ephippium,Saddle oyster,,Placune papier
UNG,Portunus sanguinolentus,Threespot swimming crab,,
UNI,Dunaliella salina,,,
UNJ,Dunaliella tertiolecta,,,
UNL,Uncisudis longirostra,,,
UNM,Pungu maclareni,,,
UNN,Bufonaria nana,Dwarf frog shell,Bursa enana,Bourse naine
UNO,Munida obesa,Stout squat lobster,Camaroncillo rojo,Galathée rouge
UNP,Munida propinqua,Deep-water squat lobster,Camaroncillo rojo de altura,Galathée du large
UNQ,Lunatia catena,Chained moon-shell,Lunero de collar,
UNR,Munida refulgens,Radiant squat lobster,Munida radiante,Galathée radiante
UNT,Munida tenella,Long-clawed squat lobster,Munida de pinzas largas,Galathée à longues pinces
UNU,Sanguinolaria cruenta,Operculate sanguin,,
UNX,Bullia spp,,,
UOA,Turbo marmoratus,Green turban,,Turbo vert
UOB,Turbo bruneus,Brown Pacific turban,,Turbo brun
UOC,Upogebia capensis,Cape mud shrimp,,
UOE,Serpulorbis medusae,Jellyfish worm shell,,Vermet meduse
UOG,Undulostrea megodon,Megodon oyster,Ostra plegada,Huître ondulée
UOI,Turbo cinereus,Smooth moon turban,,Turbo cendre
UOM,Upogebia major,Japanese mud shrimp,,
UON,Bufonaria rana,Common frog shell,,Ranelle commune
UOO,Turbo coronatus,Coronate moon turban,,Turbo couronné
UOP,Upogebia pugettensis,Blue mud shrimp,,
UOR,Turbo crassus,Crass turban,,Turbo épais
UOS,Turbo setosus,Rough turban,,Turbo soyeux
UOT,Turbo castanea,Chestnut turban,Turbante castana,Turban marron
UOX,Cultellus spp,,,
UOZ,Pleuroploca trapezium,Trapezium horse conch,,Fasciolaire ferrugineuse
UPA,Eunephrops manningi,Banded lobster,Cigala listada,Langoustine rayée
UPC,Eunephrops cadenasi,Sculptured lobster,Cigala esculpida,Langoustine sculptée
UPD,Pleuroscopus pseudodorsalis,,,
UPE,Etropus peruvianus,Peruvian flounder,,
UPG,Upeneus arge,Band-tail goatfish,,
UPH,Upeneus pori,Por's goatfish,,
UPI,Upeneus vittatus,Yellowstriped goatfish,,
UPJ,Upogebia pusilla,Mediterranean mud shrimp,,
UPK,Pleuroploca princeps,Prince horse conch,Tulipan principe,Fasciolaire prince
UPL,Upeneichthys lineatus,Blue-striped mullet,,
UPM,Upeneus moluccensis,Goldband goatfish,,
UPN,Pseudopercis numida,Namorado sandperch,,
UPO,Leptocarpus potamiscus,Bombay prawn,Camarón de Bombay,Bouquet Bombay
UPP,Upeneus parvus,Dwarf goatfish,,
UPQ,Purpura pansa,Wide-foot purpura,Púrpura patuda,Pourpre pattue
UPR,Pseudopercis semifasciata,Argentinian sandperch,Salmón de mar,
UPS,Upeneus sulphureus,Sulphur goatfish,,
UPT,Upeneus tragula,Freckled goatfish,,
UPU,Upeneus sundaicus,Ochrebanded goatfish,,
UPV,Upsilodus victori,,,
UPW,Upogebia wuhsienweni,Chines mud lobster,,
UPX,Purpura panama,Rudolph's purpura,,Pourpre de Rudolphe
UPY,Pseudoplatystoma spp,,,
UQP,Purpura persica,Persian purpura,,Pourpre persique
UQS,Pleuroploca salmo,Salmon horse conch,Tulipan salmón,Fasciolaire saumon
UQT,Uria aalge,Common murre,Arao común,Guillemot marmette
UQU,Uria lomvia,Thick-billed murre,Arao de Brünnich,Guillemot de Brünnich
UQX,Lutraria spp,,,
URA,Uranoscopus spp,Stargazers,Miracielos(=Ratas),Uranoscopes
URB,Uroteuthis bartschi,Bartsch's squid,Calamarete,Calmar tépo
URC,Strongylocentrotus spp,Sea urchins nei,Erizos nep,Oursins nca
URD,Pleurosicya annandalei,Scalynape goby,,
URE,Urophycis earllii,Carolina hake,,
URF,Urophycis floridana,Southern codling,Locha de Florida,Phycis de Floride
URG,Urophycis regia,Spotted codling,Locha regia,Phycis tacheté
URH,Puerulus spp,Whip lobsters nei,Langostas Puerulus nep,Langoustes Puerulus nca
URI,Urophycis cirrata,Gulf hake,,
URJ,Tiariturris libya,Lybian turrid,Pleurotoma libica,Pleurotome libyen
URK,Muricopsis cristatus,Blainville's murex,Busano de Blainville,Murex de Blainville
URL,Puerulus angulatus,Banded whip lobster,Langosta de fusta listada,Langouste fouet bandée
URM,Paracentrotus lividus,Stony sea urchin,Erizo de mar,Oursin-pierre
URN,Urocampus carinirostris,,,
URO,Turritella turbona,Muddy auger,Torrecilla de fango,Turritelle double carène
URQ,Munida rugosa,Rugose squat lobster,Xinxa,Galathée rugueuse
URS,Echinus esculentus,European edible sea urchin,Erizo europeo,Oursin d'Europe
URT,Puerulus carinatus,Red whip lobster,Langosta de fusta roja,Langouste fouet rouge
URU,Uraspis uraspis,Whitemouth jack,Jurel paia,Carangue paia
URV,Puerulus velutinus,Velvet whip lobster,Langosta de fusta velluda,Langouste fouet veloutée
URW,Puerulus sewelli,Arabian whip lobster,Langosta de fusta arabica,Langouste fouet arabe
URX,Echinoidea,"Sea urchins, etc. nei","Erizos, etc. nep","Oursins, etc. nca"
URY,Parachaeturichthys polynema,Taileyed goby,,
URZ,Urophycis spp,Urophycis nei,Brótolas blancas nep,Urophycis nca
USA,Austrolabrus maculatus,,,
USB,Labrus bergylta,Ballan wrasse,Maragota,Vieille commune
USC,Cosmochilus cardinalis,,,
USD,Echinus acutus,,,
USE,Uraspis secunda,Cottonmouth jack,Jurel volantín,Carangue coton
USF,Scarus forsteni,Forsten's parrotfish,,
USG,Malleus regula,Straight hammer oyster,Ostra martillo,Marteau droit
USH,Pulsellum salishorum,Salish toothshell,,
USI,Labrus bimaculatus,Cuckoo wrasse,Gallano,Vieille coquette
USJ,Calotomus japonicus,Japanese parrotfish,,
USK,Brosme brosme,Tusk(=Cusk),Brosmio,Brosme
USL,Pterotolithus lateoides,Bigmouth croaker,,
USM,Pterotolithus maculatus,Blotched tiger-toothed croaker,,
USN,Scarus taeniopterus,Princess parrotfish,,
USO,Austronibea oedogenys,Yellowtail croaker,,
USP,Clepticus parrae,Creole wrasse,,
USQ,Selenoscopus turbisquamatus,,,
USR,Cetoscarus bicolor,Bicolour parrotfish,,
USS,Scarus iserti,Striped parrotfish,,
UST,Silurus triostegus,,,
USU,Scarus coeruleus,Blue parrotfish,,
USV,Pseudosimochromis curvifrons,,,
USW,Scarus persicus,Gulf parrotfish,Loro del Golfo,Perroquet du Golfe
USX,Scarus spp,,,
USY,Scarus ghobban,Blue-barred parrotfish,Loro barba azul,Perroquet barbe bleue
USZ,Scarus frenatus,Bridled parrotfish,,Perroquet à six bandes
UTA,Lutraria angustior,Narrow otter shell,Pechina estrecha,Lutraire étroite
UTB,Butis butis,Duckbill sleeper,,
UTC,Sunetta truncata,Truncate sunetta,,Méroe tronquée
UTD,Haustellum donmoorei,Don Moore's murex,Busano de Moore,Murex de Moore
UTE,Lutraria elongata,Elongate mactra,Mactra alargada,
UTF,Lunatia fusca,Brown moon-shell,Lunero marrón,Natice brune
UTG,Lunatia guillemini,Guillemin's moon-shell,Lunero de Guillemin,Natice de Guillemin
UTH,Haustellum chrysostoma,Goldmouth murex,Busano boca de oro,Murex bouche d'or
UTI,Secutor insidiator,Pugnose ponyfish,,
UTJ,Echinus melo,,,
UTK,Stoloteuthis leucoptera,Leucoptera bobtail squid,Globito leucóptero,Sépiole leucoptère
UTL,Lutraria lutraria,Common otter shell,Arola,Lutraire elliptique
UTM,Lutraria magna,Oblong otter shell,Pechina oblonga,Lutraire oblongue
UTN,Nuttallia nuttallii,Nuttall's mahogany clam,Asafis purpurea,Sanguinolaire pourpre
UTO,Turritella communis,Horny auger,Torrecilla común,Turritelle commune
UTP,Lunatia pulchella,Pretty moon-shell,Lunero fino,Natice belle
UTQ,Echinus multidentatus,Deepsea kina,,
UTR,Secutor ruconius,Deep pugnose ponyfish,,
UTS,Haustellum messorius,Messorius murex,Busano boca blanca,Murex bouche blanche
UTT,Austropotamobius torrentium,Stone crayfish,,
UTU,Sunetta menstrualis,Mauve sunetta,,Méroe mauve
UTX,Secutor spp,,,
UUB,Tutufa bubo,Giant frog shell,,Ranelle hibou
UUC,Uranoscopus scaber,Stargazer,Rata,Uranoscope
UUE,Tutufa rubeta,Reddish frog shell,,
UUF,Suruga fundicola,,,
UUG,Chlorurus gibbus,Heavybeak parrotfish,,
UUH,Musculista senhousia,Senhouse horse mussel,,Modiolaire de Senhouse
UUI,Eualus sinensis,Iso shrimp,Camarón iso,Bouc iso
UUJ,Uranoscopus japonicus,,,
UUL,Eualus leptognathus,Yamato shrimp,Camarón yamato,Bouc yamato
UUM,Eualus macilentus,Greenland shrimp,Camarón de Groenlandia,Bouc Groenland
UUN,Bursa bufonia,Warty frog shell,,Ranelle mamelonnee
UUP,Chlorurus bleekeri,Bleeker's parrotfish,,Perroquet joue blanche
UUQ,Haustellum haustellum,Snipe's bill murex,,Murex bec-de-becassine
UUR,Haustellum recurvirostris,Bent-beak murex,Busano alacran,Murex scorpion
UUS,Chlorurus sordidus,Daisy parrotfish,,
UUT,Solecurtus strigilatus,Rasp short razor,Mango de cuchillo,Solecurte rose
UUU,Luposicya lupus,,,
UUV,Chlorurus frontalis,Pacific slopehead parrotfish,,
UUX,Solecurtus spp,,,
UUY,Chlorurus strongylocephalus,Steephead parrotfish,,
UVA,Ulvicola sanctaerosae,Kelp gunnel,,
UVB,Scarus hoefleri,Guinean parrotfish,Loro de Guinea,Perroquet de Guinée
UVC,Ulva conglobata,,,
UVD,Scarus psittacus,Common parrotfish,,Perroquet commun
UVE,Scarus rubroviolaceus,Ember parrotfish,Loro violáceo,Perroquet braisé
UVF,Ulva fasciata,,,
UVG,Scarus russelii,Eclipse parrotfish,Loro eclipse,Perroquet éclipse
UVH,Scarus tricolor,Tricolour parrotfish,Loro tricolor,Perroquet tricolore
UVL,Sueviota lachneri,,,
UVN,Scarus niger,Dusky parrotfish,,Perroquet dorade
UVP,Ulva pertusa,Lacy sea lettuce,,
UVQ,Ulva rigida,Chicory sea lettuce,Mantilla,Laitue chicorée
UVR,Ulva reticulata,,,
UVS,Ulvaria subbifurcata,Radiated shanny,,
UVT,Scarus vetula,Queen parrotfish,,
UVU,Ulva lactuca,Sea lettuce,Lechuga de mar,Laitue de mer
UVX,Pleuroploca spp,Horse conches nei,,
UWX,Uroptychus spp,,,
UXA,Xenocephalus armatus,,,
UXK,Pereulixia kosiensis,,,
UXP,Murex pecten,Venus comb murex,,Murex peigne-de-Venus
UXR,Murex trapa,Rarespined murex,,Murex rare-épine
UXT,Murex ternispina,Black-spined murex,,Murex noire-épine
UXU,Murex tribulus,Caltrop murex,,Murex tribule
UXX,Telesto spp,Long polyp soft corals nei,,
UYC,Catathyridium jenynsii,,,
UYD,Strongylocentrotus droebachiensis,,,
UYE,Puffinus yelkouan,Yelkouan shearwater,Pardela mediterránea,Puffin de Méditerranée
UYF,Strongylocentrotus franciscanus,Red sea urchin,,
UYI,Strongylocentrotus intermedius,Japanese sea urchin,,
UYT,Aguarunichthys torosus,,,
UYV,Sumireyakko venustus,Purplemask angelfish,,
UYX,Pseudopercis spp,,,
UZB,Schultzea beta,School bass,,
VAA,Valenciennea alleni,,,
VAC,Varicorhinus capoeta,Seven khramulya,,
VAD,Campogramma glaycos,Vadigo,Lirio,Liche lirio
VAI,Vaillantella cinnamomea,,,
VAJ,Variichthys jamoerensis,Jamur Lake grunter,,
VAL,Varuna litterata,Peregrine crab,,
VAM,Vanderhorstia ambanoro,Ambanoro prawn-goby,,
VAN,Vanneaugobius canariensis,,,
VAQ,Phocoena sinus,Vaquita,Vaquita,Marsouin du golfe de Californi
VAR,Salvelinus malma,Dolly varden,Salvelino,Omble du Pacifique
VAT,Valenciennellus tripunctulatus,,,
VAU,Varuna yui,Sundaic paddler crab,,
VAY,Varicus marilynae,Orangebelly goby,,
VCM,Vanacampus margaritifer,Mother-of-pearl pipefish,,
VCP,Provocator pulcher,Challenger volute,Voluta del Challenger,Volute de Challenger
VEA,Ventrifossa atherodon,Arrowtooth grenadier,,
VED,Ventrifossa divergens,Plainfin grenadier,,
VEE,Ventrifossa ctenomelas,Hawaiian grenadier,,
VEG,Ventrifossa garmani,Sagami grenadier,,
VEI,Ventrifossa nigrodorsalis,Spinaker grenadier,,
VEM,Ventrifossa macropogon,Longbeard grenadier,,
VEN,Venerupis spp,,,
VEO,Verilus sordidus,,,
VEP,Cetengraulis mysticetus,Pacific anchoveta,Anchoveta chuchueco,Anchois chuchueco
VER,Cycethra verrucosa,,,
VES,Ventrifossa petersoni,Peterson's grenadier,,
VET,Engraulis ringens,Anchoveta(=Peruvian anchovy),Anchoveta,Anchois du Pérou
VEU,Vellitor centropomus,,,
VEV,Venus verrucosa,Warty venus,Escupina grabada,Praire commune
VEX,Venus spp,,,
VHS,Valencia hispanica,Valencia toothcarp,Samarugo,Cyprinodonte de Valence
VIA,Vinciguerria attenuata,,,
VIC,Vincentia chrysura,,,
VII,Vinciguerria nimbaria,Oceanic lightfish,,
VIM,Vimba melanops,Macedonian vimba,,
VIP,Vinciguerria poweriae,Power's deep-water bristle-mou,,
VIV,Vimba vimba,Vimba bream,,
VIX,Vinculum sexfasciatum,Moonlighter,,
VIY,Villorita cyprinoides,Common Indian marsh clam,,
VKA,Vepricardium asiaticum,Asiatic cockle,,Bucarde asiatique
VKS,Vepricardium sinense,Chinese cockle,,Bucarde chinoise
VLI,Villosa iris,Rainbow,,
VLM,Volema myristica,Nutmeg melongena,,Mélongène muscade
VLO,Palinuridae,Spiny lobsters nei,Langostas diversas nep,Langoustes diverses nca
VLU,Voluta musica,Common music volute,Voluta musical,Volute musique
VLV,Voluta virescens,Green music volute,Voluta verde,Volute verte
VLX,Valencia letourneuxi,Corfu toothcarp,,
VMA,Scomber colias,Atlantic chub mackerel,Estornino del Atlántico,Maquereau espagnol atlantique
VMC,Valamugil cunnesius,Longarm mullet,,
VMH,Valamugil seheli,Bluespot mullet,Lisa de mancha azul,Mulet à tache bleue
VMM,Metavelifer multiradiatus,Spinyfin velifer,,
VMP,Valamugil speigleri,Speigler's mullet,,
VMX,Valamugil spp,,,
VNA,Venerupis aurea,Golden carpet shell,Almeja dorada,Palourde jaune
VNC,Vanstraelenia chirophthalmus,African solenette,,
VNG,Ventricolaria rigida,Rigid venus,,
VNI,Ventricolaria isocardia,Heart venus,,
VNR,Venerupis rhomboides,Banded carpet shell,Almeja rubia,Palourde rose
VNU,Venus nux,,,
VOI,Vomeridens infuscipinnis,,,
VOS,Volachlamys singaporina,Singapore scallop,,Pétoncle de Singapour
VPD,Vespicula depressifrons,,,
VRA,Variola albimarginata,White-edged lyretail,Mero rabiblanco,Croissant queue blanche
VRL,Variola louti,Yellow-edged lyretail,Mero luna creciente,Croissant queue jaune
VSC,Chlamys varia,Variegated scallop,Zamburiña,Pétoncle
VSE,Vasum ceramicum,Ceram vase,,
VSH,Scopelosaurus spp,,,
VSK,Vasum caestus,Gauntlet vase,Turbinela manopola,Turbinelle gantelet
VSM,Verasper moseri,Barfin flounder,,
VSP,Vasum capitellum,Spiny vase,Vaso espinoso,Turbinelle épineuse
VST,Vasum turbinellus,Top vase,,Turbinelle cornue
VSU,Vasum muricatum,Caribbean vase,Vaso del Caribe,Turbinelle des Caraïbes
VSV,Verasper variegatus,Spotted halibut,,
VUC,Venerupis corrugata,Corrugated venus,Margarita arrugada,Clovisse ridée
VUD,Venerupis dura,Durable venus,Margarita dura,Clovisse durable
VUF,Venus foliaceolamellosa,Plicate venus,Venus plegada,Praire ondulee
VVH,Velifer hypselopterus,Sailfin velifer,,
VVV,Volva volva,Shuttlecock volva,,Ovule navette
VXA,Virididentex acromegalus,Bulldog dentex,,
VXR,Vexillum rugosum,Rugose iter,,Mitre froncée
VXU,Vexillum vulpeculum,Little-fox miter,,Mitre petit-renard
VXV,Vexilla vexillum,Vexillate jopas,,Jopas vexillaire
WAA,Wallago attu,Wallago,,
WAB,Parabramis pekinensis,White amur bream,Brema de Pekín,Brème de Pékin
WAH,Acanthocybium solandri,Wahoo,Peto,Thazard-bâtard
WAL,Odobenus rosmarus,Walrus,Morsa,Morse
WAM,Trichechus senegalensis,West African manatee,Vaca marina del Africa,Lamantin d'Afrique
WAX,Wallago spp,,,
WBM,Brotula multibarbata,Goatsbeard brotula,Brótula barba de carnero,Brotule barbe-de-boue
WCP,Cristaria plicata,Cockscomb pearl mussel,,
WEA,Wetmorella albofasciata,Whitebanded sharpnose wrasse,,
WEC,Decapterus punctatus,Round scad,Macarela chuparaco(=Surela),Comète quiaquia
WED,Weberogobius amadi,,,
WEG,Trachinus draco,Greater weever,Escorpión,Grande vive
WEM,Totoaba macdonaldi,Totoaba,Corvinata totoaba,Acoupa totoaba
WEP,Cynoscion analis,Peruvian weakfish,Corvinata ayanque,Acoupa du Pérou
WEW,Atractoscion nobilis,White weakfish,Corvina cabaicucho,Acoupa blanc
WEX,Trachinus spp,Weevers nei,Arañas nep,Vives nca
WFF,Caranx fischeri,Longfin crevalle jack,Jurel de Fischer,Carangue de Fischer
WFS,Pelagodroma marina,White-faced storm petrel,Paíño pechialbo,Océanite frégate
WGR,Macrourus whitsoni,Whitson's grenadier,,
WHA,Polyprion oxygeneios,Hapuku wreckfish,Cherna hapuku,Cernier de Nouvelle-Zélande
WHB,Micromesistius poutassou,Blue whiting(=Poutassou),Bacaladilla,Merlan bleu
WHE,Buccinum undatum,Whelk,Bocina,Buccin
WHF,Coregonus spp,Whitefishes nei,Coregonos nep,Corégones nca
WHG,Merlangius merlangus,Whiting,Plegonero,Merlan
WHH,Tetrapturus spp,Spearfishes nei,Marlines Tetrapturus nep,Makaires Tetrapturus nca
WHL,Coregonus clupeaformis,Lake(=Common)whitefish,Coregono de lago,Corégone de lac
WHM,Tetrapturus albidus,Atlantic white marlin,Aguja blanca del Atlántico,Makaire blanc de l'Atlantique
WHS,Sillaginidae,Sillago-whitings,Sillagínidos,Sillaginidés
WHX,Busycon spp,Whelks,Busicones,Busycons
WHZ,Wheelerigobius maltzani,,,
WIC,Chaenodraco wilsoni,Spiny icefish,Draco espinudo,Grande-gueule épineuse
WIM,Trichechus manatus,West Indian manatee,Vaca marina del Caribe,Lamantin des Caraïbes
WIT,Glyptocephalus cynoglossus,Witch flounder,Mendo,Plie cynoglosse
WKB,Cynoscion steindachneri,Smalltooth weakfish,Corvinata pescada,Acoupa tident
WKK,Macrodon ancylodon,King weakfish,Pescadilla real,Acoupa chasseur
WKP,Penaeus latisulcatus,Western king prawn,Langostino marfil,Crevette royale occidentale
WKS,Cynoscion striatus,Striped weakfish,Corvinata pescadilla,Acoupa rayé
WKX,Cynoscion spp,Weakfishes nei,Corvinatas nep,Acoupas nca
WMC,Mactrellona alata,Panamic winged mactra,Mactra alada,Mactre ailée
WME,Polyprion moeone,Bass groper,,
WMX,Mactrellona spp,,,
WOM,Woodsia meyerwaardeni,,,
WOR,Polychaeta,Marine worms,Poliquetos,Vers marins
WOS,Cygnus cygnus,Whooper swan,Cisne cantor,Cygne chanteur
WOT,Cygnus olor,Mute swan,Cisne vulgar,Cygne tuberculé
WOW,Melanitta fusca,White-winged scoter,Negrón especulado,Macreuse brune
WOY,Melanitta nigra,Black scoter,Negrón común,Macreuse noire
WPM,Peprilus medius,Pacific harvestfish,Palometa cometrapo,Stromaté du Pacifique
WPP,Puntioplites proctozystron,,,
WPT,Patella tenuis,,Lapa de pie negro,
WPU,Puntioplites waandersi,,,
WPX,Pleoticus spp,Pleoticus shrimps nei,Camarones Pleoticus nep,Salicoques Pleoticus nca
WRA,Labridae,"Wrasses, hogfishes, etc. nei","Lábridos(=Tordos,maragotas)nep","Pourceaux, donzelles, etc. nca"
WRF,Polyprion americanus,Wreckfish,Cherna,Cernier commun
WRM,Labrus merula,Brown wrasse,Merlo,Merle
WRO,Sebastes entomelas,Widow rockfish,Rocote,Sébaste rocote
WRR,Etrumeus whiteheadi,Whitehead's round herring,Sardina angoleña,Shadine de Angola
WRV,Labrus viridis,Green wrasse,Tordo verde,Labre vert
WRW,Sepiella weberi,Web’s cuttlefish,Sepia de Web,Sépia de Web
WRX,Labrus spp,Labrus wrasses nei,Tordos nep,Merles Labrus nca
WSA,Serranus atricauda,Blacktail comber,Serrano imperial,Serran à queue noire
WSH,Carcharodon carcharias,Great white shark,Jaquetón blanco,Grand requin blanc
WSM,Thyrsitops lepidopoides,White snake mackerel,Escolar sierra,Escolier blanc
WSN,Rhabdosargus globiceps,White stumpnose,Pargo ñato,Sargue australe
WSP,Sepia papuensis,Papuan cuttlefish,Sepia de Papua,Seiche de Papouasie
WST,Dasyatis akajei,Whip stingray,Raya látigo del Pacífico,Pastenague du Pacifique
WSU,Sepia sulcata,Grooved cuttlefish,Sepia estriada,Seiche striée
WSW,Sepia whitleyana,Whitley’s cuttlefish,Sepia de Whitley,Seiche de Whitley
WSZ,Sepia vossi,Voss’ cuttlefish,Sepia de Voss,Seiche de Voss
WTA,Sepia plangon,Striking cuttlefish,Sepia impresionante,Seiche impressionnante
WTB,Sepia bartletti,Bartlett's cuttlefish,,
WTC,Sepia cultrata,Knifebone cuttlefish,Sepia de sepión de cuchillo,Seiche à os en couteau
WTE,Sepia elliptica,Ovalbone cuttlefish,Sepia de sepión oval,Seiche à sepion ovale
WTF,Sepia stellifera,Starry cuttlefish,Sepia estrellada,Seiche étoilée
WTG,Sepia grahami,Ken’s cuttlefish,Sepia de Ken,Seiche de Ken
WTH,Sepia hedleyi,Hedley’s cuttlefish,Sepia de Hedley,Seiche d’Hedley
WTK,Sepia prabahari,Small striped cuttlefish,Sepia listada pequeña,Petite seiche rayée
WTM,Wattsia mossambica,Mozambique large-eye bream,,
WTO,Sepiella ocellata,Sotty cuttlefish,,
WTP,Pseudobulweria rostrata,Tahiti petrel,,
WTQ,Sepia mira,Little cuttlefish,,
WTR,Sepia ramani,Large striped cuttlefish,Sepia listada grande,Grande seiche rayée
WTS,Watasenia scintillans,Sparkling enope squid,Enoploluria centellante,Encornet lumière
WTV,Sepia vietnamica,Viet Nam cuttlefish,Sepia vietnamita,Seiche vietnamienne
WTW,Odontocymbiola americana,,,
WTX,Odontocymbiola spp,,,
WTY,Sepia smithi,Smith’s cuttlefish,Sepia de Smith,Seiche de Smith
WTZ,Sepia rozella,Rosecone cuttlefish,Sepia de cono rosado,Seiche au cône rosé
WUB,Megalobrama amblycephala,Wuchang bream,Carpa de Wuchang,Carpe de Wuchang
WUW,Pareuthria cerealis,,,
WUX,Pareuthria spp,,,
WUZ,Sepia zanzibarica,Zanzibar cuttlefish,Sepia de Zanzibar,Seiche de Zanzibar
WWP,Penaeus occidentalis,Western white shrimp,Camarón blanco del Pacífico,Crevette royale blanche
WYC,Polysticta stelleri,Steller's eider,Eider menor,Eider de Steller
XAC,Xanthichthys auromarginatus,Gilded triggerfish,,
XAD,Allomicrodesmus dorotheae,,,
XBX,Paralabrax spp,,Verdillos nep,
XCE,Xenoclarias eupogon,,,
XCS,Cypselurus simus,Short-nosed flyingfish,,
XDP,Saxidomus purpurata,Purple butter clam,,
XDX,Saxidomus spp,Butter clams nei,,
XEA,Xenocypris argentea,Yellowfin,,
XEB,Xenagoniates bondi,,,
XEC,Xenistius californiensis,,,
XED,Xenolepidichthys dalgleishi,Spotted tinselfish,,
XEF,Xenophyophora,Xenophyophores,,
XEH,Xenochromis hecqui,,,
XEJ,Xenocys jessiae,,,
XEK,Xenopoclinus kochi,Platanna klipfish,,
XEL,Xenobarbus loveridgei,,,
XEO,Xenopoecilus oophorus,Eggcarrying buntingi,,
XEP,Xenobalistes punctatus,Outrigger triggerfish,,
XER,Xenomedea rhodopyga,Redrump blenny,,
XES,Xenocharax spilurus,,,
XET,Xenomugil thoburni,Thoburn's mullet,,
XEZ,Xenichthys agassizi,,,
XFA,Xiphister atropurpureus,Black prickleback,,
XFC,Xenoophorus captivus,Relict splitfin,,
XFM,Xiphophorus montezumae,Montezuma swordtail,,
XFO,Xenophora solaris,Sunburst carrier shell,,Xenophore solaire
XFS,Xiphopenaeus spp,Xiphopenaeus shrimps nei,Camarones Xiphopenaeus nep,Crevettes Xiphopenaeus nca
XFT,Xiphocheilus typus,Blue-banded wrasse,,
XFU,Xiphasia matsubarai,Japanese snake blenny,,
XHE,Exhippolysmata ensirostris,Hunter shrimp,Camarón cazador,Bouc chasseur
XHH,Exhippolysmata hastadoides,Companion shrimp,Camarón compañero,Bouc compagnon
XHK,Neosalanx tangkahkeii,Chinese icefish,Pez platino oriental,
XHO,Exhippolysmata oplophoroides,Cock shrimp,Camarón gallo,Crevette buhotte
XJM,Xenojulis margaritaceus,Finspot wrasse,,
XKX,Plesionika spp,Plesionika shrimps nei,Camarones Plesionika nep,Crevettes Plesionika nca
XMB,Psammobatis spp,Psammobatis sand skates nei,Rayas Psammobatis nep,
XML,Semele spp,Semeles nei,"Tumbaos, almejas blancas nep",Sémèles nca
XMS,Perna spp,Perna mussels nei,Mejillónes Perna nep,Moules Perna nca
XOD,Trisopterus spp,Trisopterus nei,Fanecas nep,Tacauds nca
XPA,Exopalaemon annandalei,Cipango prawn,Camarón cipango,Bouquet cipango
XPF,Xererpes fucorum,Rockweed gunnel,,
XPN,Xenopterus naritus,,,
XPO,Pampus spp,Silver pomfrets nei,Palometones nep,Ailerons nca
XPS,Paraxenisthmus springeri,,,
XSC,Salanx chinensis,Chinese noodlefish,,
XTB,Xenotilapia bathyphila,,,
XTC,Xenentodon cancila,Freshwater garfish,,
XTE,Xenotoca eiseni,Redtail splitfin,,
XTO,Tyson belos,,,
XTR,Xenotaenia resolanae,Leopard splitfin,,
XUL,Xenopus laevis,African clawed frog,,
XUM,Xenopus muelleri,,,
XUU,Xenophallus umbratilis,,,
XUV,Xiphophorus alvarezi,,,
XXA,Xenisthmus africanus,Flathead wriggler,,
XXC,Xenodexia ctenolepis,,,
XYB,Xyliphius barbatus,,,
XYD,Oxyzygonectes dovii,White-eye,,
XYF,Oxyeleotris fimbriata,Fimbriate gudgeon,,
XYH,Oxymonacanthus halli,Red Sea longnose filefish,,
XYL,Xystreurys liolepis,Fantail flounder,,
XYN,Xyrichtys novacula,Pearly razorfish,Rao,Donzelle lame
XYT,Xyrauchen texanus,Razorback sucker,,
YAA,Bryaninops amplus,Large whip goby,,
YAB,Yarrella blackfordi,,,
YAC,Atya scabra,Camacuto shrimp,Camarón camacuto,Saltarelle camacuto
YAD,Hypnea saidana,,,
YAE,Thysanoessa gregaria,,,
YAF,Cyathopharynx furcifer,Featherfin cichlid,,
YAG,Syacium gunteri,Shoal flounder,,
YAH,Hypnea spinella,,,
YAI,Thysanoessa longicaudata,,,
YAJ,Atya innocous,Basket shrimp,Camarón cestillo,Saltarelle panier
YAK,Hypnea spicifera,,,
YAL,Syacium latifrons,Beach flounder,,
YAM,Syacium micrurum,Channel flounder,,
YAN,Thysanoessa longipes,,,
YAO,Cyathochromis obliquidens,,,
YAP,Thysanoessa spinifera,,,
YAQ,Pyura praeputialis,,,
YAR,Scylla paramamosain,Green mud crab,,
YAS,Amoya signatus,Tusk goby,,
YAT,Scylla tranquebarica,Purple mud crab,,
YAU,Atya sulcatipes,Ekusa shrimp,Camarón ecusa,Saltarelle ekusa
YAV,Thysanoessa vicina,,,
YAW,Sympterygia acuta,Bignose fanskate,Raya marrón oscuro,
YAX,Hypnea valentiae,Robust sea moss,Cayado robusto,Houlette robuste
YAY,Hypnea japonica,,,
YAZ,Hypnea pannosa,Tattered sea moss,Cayado andrajoso,Houlette deguenillée
YBA,Bathyblennius antholops,,,
YBB,Serranochromis robustus,Yellow-belly bream,,
YBC,Cymbium cymbium,Pig's snout volute,Voluta trompa de cerdo,Volute trompe de cochon
YBF,Charybdis affinis,Smoothshelled swimming crab,,
YBG,Cymbium glans,Elephant's snout volute,Voluta trompa de elephante,Volute trompe d'éléphant
YBJ,Charybdis japonica,Japanese swimming crab,,
YBK,Cyanophyceae,,,
YBM,Cymbium marmoratum,Marmorate volute,Voluta marmorada,Volute marbrée
YBN,Charybdis anisodon,Twospined arm swimming crab,,
YBO,Cymbium olla,Olla volute,Voluta coña,Volute jarre
YBP,Cymbium pepo,Neptune's volute,Voluta de Nepruno,Volute Neptune
YBQ,Sympterygia bonapartii,Smallnose fanskate,Raya marmorada,
YBS,Sphyraena forsteri,Bigeye barracuda,Picuda de Forster,Bécune de Forster
YBT,Charybdis truncata,Blunt-toothed crab,,
YBU,Charybdis annulata,Banded-legged swimming crab,,
YBV,Cymbiola vespertilio,Bat volute,,Volute chauve-souris
YBW,Morone mississippiensis,Yellow bass,,
YBX,Charybdis spp,Charybdis crabs nei,Jaibas Charybdis nep,Crabes Charybdis nca
YCA,Cyclocheilichthys apogon,Beardless barb,,
YCB,Caecocypris basimi,,,
YCD,Cyclocheilichthys dumerilii,,,
YCE,Cyclocheilichthys enoplos,,,
YCF,Cyprinodon latifasciatus,Parras pupfish,,
YCG,Cycloseris elegans,Curved mushroom coral,Coral callampa arqueado,Corail champignon courbe
YCH,Pelteobagrus fulvidraco,Yellow catfish,,
YCI,Cyclocardia astartoides,Antarctic cardita,Cardita antártica,Cardite antarctique
YCJ,Cyclope neritea,Cyclope nassa,Mugarida neritida,Nasse néritoide
YCK,Cyprinodon variegatus,Sheepshead minnow,Petota,Pétote
YCL,Cycleptus elongatus,Blue sucker,,
YCM,Cyprinodon macularius,Desert pupfish,,
YCN,Thysochromis annectens,,,
YCP,Phyllichthys punctatus,Spotted sole,,
YCQ,Cyclocheilichthys armatus,,,
YCR,Cairnsichthys rhombosomoides,,,
YCS,Pycnomma semisquamatum,Secret goby,,
YCT,Polyplacapros tyleri,,,
YCU,Cyprinodon atrorus,Bolson pupfish,,
YCV,Lycenchelys verrillii,Wolf eelpout,,
YCW,Cyclopharynx fwae,,,
YCX,Centroscyllium spp,Centroscyllium dogfishes nei,Tollos Centroscyllium nep,Aiguillats Centroscyllium nca
YDA,Synodontis alberti,Bigeye squeaker,,
YDB,Cryodraco spp,,,
YDC,Synodontis contractus,Bugeye squeaker,,
YDD,Synodontis decorus,Clown squeaker,,
YDE,Synodontis eupterus,Featherfin squeaker,,
YDF,Synodontis flavitaeniatus,Orangestriped squeaker,,
YDG,Synodontis nigriventris,Blotched upsidedown catfish,,
YDH,Yoldia eightsi,Antarctic yoldia,Yoldia antártica,Yoldia antarctique
YDI,Payraudeautia intricata,Entangled moon-shell,Natica jaspeada,Natice de Valenciennes
YDJ,Synodontis njassae,Malawi squeaker,,
YDK,Hydrophis cyanocinctus,Annulated sea snake,,
YDL,Hydroclathrus clathrarus,,,
YDN,Synodontis angelicus,Angel squeaker,,
YDO,Synodontis notatus,Onespot squeaker,,
YDP,Synodontis pleurops,Congo squeaker,,
YDR,Synodontis nigromaculatus,Blackspotted squeaker,,
YDS,Synodontis schall,Wahrindi,,
YDZ,Synodontis zambesiensis,Plain squeaker,,
YEA,Cyprea arabica,Arabian cowrie,,Porcelaine arabe
YEB,Hypnea boergesenii,Tufted sea moss,,
YEC,Pyrene scripta,Dotted dove shell,,Colombelle bigarrée
YED,Nibea albiflora,Yellow drum,Corvina amarilla,Tambour jaune
YEG,Mytella guyanensis,Guyana swamp mussel,Mejillón de Guayana,Moule de Guyane
YEH,Hypnea charoides,,,
YEI,Hyperoplus immaculatus,Greater sand-eel,,
YEJ,Cyprea mauritiana,Humpback cowrie,,Porcelaine bossue
YEK,Styela clava,,,Violet pédoncule
YEL,Limanda ferruginea,Yellowtail flounder,Limanda,Limande à queue jaune
YEM,Cyprea mappa,Map cowrie,,Porcelaine carte
YEN,Thysanoessa inermis,,,
YEO,Atypopenaeus formosus,Orange shrimp,Camarón naranja,Crevette orange
YEP,Mytella speciosa,Reeve's mangrove mussel,Mejillón de manglar,Moule des mangroves
YEQ,Styela plicata,Sea potato,Patata de mar,Patate de mer
YER,Mytella strigata,Strigate mangrove mussel,Mejillón barba de hacha,Moule hachette
YES,Limanda aspera,Yellowfin sole,Limanda japonesa,Limande du Japon
YET,Atypopenaeus stenodactylus,Periscope shrimp,Camarón periscopio,Crevette périscope
YEU,Trachypenaeus spp,Trachypenaeus shrimps nei,Camarones Trachypenaeus nep,Crevettes Trachypenaeus nca
YEV,Cnemidocarpa bicornuta,Sea squirt,,
YEX,Limanda spp,Limandas nei,Limandas nep,Limandas nca
YEZ,Hyperoplus lanceolatus,Great sandeel,Pión,Lançon commun
YFA,Typhlachirus caecus,,,
YFC,Symphodus cinereus,Grey wrasse,Bodión,Crénilabre cendré
YFE,Symphurus orientalis,,,
YFF,Cyphotilapia frontosa,Humphead cichlid,,
YFG,Coryphoblennius galerita,Montagu's blenny,,
YFH,Semicossyphus pulcher,California sheephead,Vieja de California,Labre californien
YFI,Symphurus ginsburgi,Ginsburg's tonguefish,,
YFJ,Symphurus tessellatus,,,
YFK,Symphurus strictus,Blackbelly tonguesole,,
YFL,Pseudopleuronectes herzenst.,Yellow striped flounder,Acedía del Japón,Limande-plie du Japon
YFM,Symphodus melops,Corkwing wrasse,Porredana,Crénilabre mélops
YFN,Cryphiops caementarius,Changallo shrimp,Camarón changallo,Bouquet changallo
YFO,Symphodus ocellatus,,,
YFP,Symphurus plagiusa,Blackcheek tonguefish,,
YFQ,Phyllophora spp,Phyllophora nei,Phyllophora nep,Phyllophora nca
YFR,Symphurus atricaudus,California tonguefish,,
YFS,Symphurus plagusia,Duskycheek tonguefish,,
YFT,Thunnus albacares,Yellowfin tuna,Rabil,Albacore
YFU,Symphurus ligulatus,Elongate tonguesole,,
YFX,Symphodus spp,Symphodus wrasses nei,"Bodiones, porredanas nep",Crénilabres nca
YGA,Brachygobius aggregatus,,,
YGC,Cynoscion guatucupa,Stripped weakfish,Corvinata listada,
YGD,Pygoplites diacanthus,Regal angelfish,,
YGE,Platygyra daedalea,Brain coral,,
YGF,Gymnogongrus griffithsiae,,,
YGG,Cymatogaster aggregata,Shiner perch,,
YGI,Astropyga radiata,Blue-spotted sea urchin,,
YGJ,Gymnogongrus tenuis,,,
YGK,Platygobiopsis akihito,,,
YGM,Pachygrapsus marmoratus,Marbled rock crab,Juyón,Grapse marbré
YGN,Gymnogongrus spp,,,
YGP,Actinopyga palauensis,Panning's blackfish,,
YGR,Pygadon grandis,Giant floater,,
YGS,Actinopyga spinea,New Caledonia blackfish,,
YGT,Pachygrapsus transversus,African matchbox crab,Abuete cajeta,Anglette africaine
YGU,Capropygia unistriata,Black-banded pigmy boxfish,,
YGX,Polymesoda spp,,,
YHA,Bathyteuthis abyssicola,Deep-sea squid,Batiluria,Loutène abyssale
YHB,Onychoteuthis banksi,Common clubhook squid,Luria ganchuda,Cornet crochu
YHJ,Onychoteuthis borealijaponica,Boreal clubhook squid,Luria boreal,Cornet boréal
YHS,Pythia scarabeus,Common pythia,,Pythie scarabee
YHT,Ocythoe tuberculata,Tuberculate octopus,Pulpote,Pieuvre dimorphe
YHX,Hypsibarbus spp,,,
YIA,Sicyonia carinata,Mediterranean rock shrimp,Camarón de piedra mediterráneo,Boucot méditerranéen
YIB,Sicyonia burkenroadi,Burkenroad's rock shrimp,Camarón de Burkenroad,Crevette de Burkenroad
YIC,Sicyonia cristata,Ridgeback rock shrimp,Camarón de piedra costurón,Boucot balafré
YID,Sicyonia dorsalis,Lesser rock shrimp,Camaroncito de piedra,Boucot nain
YIF,Sicyonia affinis,Coloured rock shrimp,Camarón piedra coloreado,Boucot bariole
YIG,Sicyonia galeata,Tufted rock shrimp,Camarón penachudo,Sicyonie huppée
YIH,Mytilopsis leucophaeata,Dark falsemussel,,
YII,Sicyonia ingentis,Pacific rock shrimp,Camarón de piedra del Pacífico,Boucot du Pacifique
YIK,Sicyonia pincta,Small peanut rock,Camarón cacahuete pequena,Petit boucot cacahuete
YIL,Sicyonia lancifera,Knight rock shrimp,Camarón de piedra lanzón,Boucot chevalier
YIM,Sicyonia martini,Martin's rock shrimp,Camarón de roca martin,Boucot martin
YIN,Sicyonia aliaffinis,Hardhusk rock shrimp,Camarón cascara dura,Boucot noisette
YIO,Sicyonia disdorsalis,Keeled rock shrimp,Camarón aquillado,Boucot carène
YIP,Sicyonia penicillata,Peanut rock shrimp,Camarón cacahuete,Boucot cacahuète
YIR,Sicyonia disparri,Notched rock shrimp,Camarón de pietra escotado,Boucot échancré
YIS,Sicyonia stimpsoni,Eyespot rock shrimp,Camarón ocelado,Boucot ocellé
YIT,Sicyonia typica,Kinglet rock shrimp,Camarón reyecito,Boucot roitelet
YIU,Mysia undata,Undulated false lucine,Falsa lucina,Fausse lucine ondulée
YIV,Sicyonia laevigata,Notched tidal rock shrimp,Camarón conchiduro intermareal,Boucot échancré intertidal
YIW,Sicyonia disedwardsi,Target shrimp,Camarón tiro al blanco,Boucot cible
YIX,Sicyonia mixta,Mixed rock shrimp,Camarón de piedra mixto,Boucot mixte
YIY,Apolymetis papyracea,Paper tellin,Telina papiracea,Telline papier
YJA,Babylonia areolata,Maculated ivory whelk,,Buccin à carreaux
YJB,Pogonophryne albipinna,,,
YJC,Pogonophryne cerebropogon,,,
YJF,Cymatium femorale,Angular triton,Triton anguloso,Triton anguleux
YJG,Mulloidichthys vanicolensis,Yellowfin goatfish,Salmonete vanicolense,Capucin de Vanicolo
YJI,Pogonophryne immaculata,,,
YJL,Cymia lacera,Carinate rock shell,,Pourpre carenee
YJM,Pogonophryne mentella,,,
YJO,Pogonophryne lanceobarbata,,,
YJP,Pogonophryne macropogon,,,
YJS,Babylonia spirata,Spiral babylon,,Buccin spiral
YJT,Cymia tecta,Shoot rock shell,Busano tendron,Pourpre tendron
YJU,Babylonia lutosa,Mud ivory whelk,,Buccin de vase
YJV,Pogonophryne ventrimaculata,,,
YJW,Myripristis berndti,Blotcheye soldierfish,Candil ojo manchado,Marignan à oeillères
YJX,Babylonia spp,,,
YKA,Trachycardium angulatum,Angulate cockle,,Bucarde anguleuse
YKD,Lyropecten subnodosus,Pacific lion's paw,Peine catalina,Pétoncle patte de lion du Pac.
YKE,Phyllophora pseudoceranoides,Membraneous phyllophora,Filofora membranosa,Phyllophore membraneuse
YKG,Myrakeena angelica,Angel oyster,Ostra de los ángeles,Huître des anges
YKL,Dictyopteris plagiogramma,Limu lipoa,,
YKN,Porphyra columbina,,,
YKO,Paratya compressa,Nuka shrimp,Camarón nuca,Saltarelle nuca
YKP,Cystoclonium purpureum,Marine bindweed,Esparraguilla,Cirre des Sirenes
YKR,Trachycardium orbita,Orbit cockle,,Bucarde à ornieres
YKS,Trachycardium subrugosum,Wrinkled cockle,,Bucarde ridée
YKU,Trachycardium rubicudum,Reddish cockle,,
YKV,Cnemidocarpa verrucosa,,,
YKX,Apolymetis spp,,,
YLA,Scyllarides aequinoctialis,Spanish slipper lobster,Cigarro español,Cigale marie-carogne
YLB,Scyllarus batei,Soft locust lobster,Cigarra blanducha,Cigale douce
YLC,Scyllarides tridacnophaga,Clamkiller slipper lobster,,
YLD,Scyllarides deceptor,Hooded slipper lobster,,Cigale capuchonnée
YLE,Scyllarus bertholdii,Two-spotted locust lobster,Cigarra de dos manchas,Cigale à deux taches
YLF,Scyllarides delfosi,Three-spot slipper lobster,Cigarro de tres manchas,Cigale à trois taches
YLG,Scyllarides roggeveeni,Easter Island slipper lobster,,
YLH,Scyllarides elisabethae,Cape slipper lobster,Cigarro del Cabo,Cigale du Cap
YLI,Scyllarides brasiliensis,Brazilian slipper lobster,Cigarro braziliano,Cigale brésilienne
YLJ,Scyllarides haanii,Aesop slipper lobster,,
YLK,Scyllarides herklotsii,Red slipper lobster,Cigarro rojo,Cigale rouge
YLL,Scyllarides latus,Mediterranean slipper lobster,Cigarra,Grande cigale
YLM,Scyllarus martensii,Striated locust lobster,,Cigale striée
YLN,Dactylophora nigricans,Dusky morwong,,
YLO,Scyllarides nodifer,Ridged slipper lobster,Cigarro de quilla,Cigale chambrée
YLP,Cyclopsetta panamensis,God's flounder,,
YLQ,Cyclopsetta querna,Toothed flounder,,
YLR,Scyllarus rugosus,Hunchback locust lobster,,
YLS,Tylerius spinosissimus,Spiny blaasop,,
YLT,Scyllarides astori,Galapagos slipper lobster,Cigarro de Galápagos,Cigale de Galapagos
YLU,Scyllarides squammosus,Blunt slipper lobster,Cigarro ñato,Cigale grenue
YLV,Scyllarus brevicornis,Blue-back locust lobster,,Cigale à dos bleu
YLW,Scylla olivacea,Orange mud crab,,
YLX,Scyllarus spp,Locust lobsters nei,Cigarras Scyllarus nep,Cigales Scyllarus nca
YLY,Scyllarus pygmaeus,Pygmy locust lobster,Cigarra enana,Cigale naine
YLZ,Cyclopsetta chittendeni,Mexican flounder,Lenguado aleta manchada,
YMA,Polymesoda aequilatera,Equilateral marsh clam,Guacuco de marjal,Cyrène équilatérale
YMB,Polymesoda bengalensis,Bengali geloina,,Cyrène begali
YMD,Halymenia dilitata,Red sea lettuce,,
YME,Polymesoda erosa,Common geloina,,Cyrène érodée
YMF,Hymenodora frontalis,Pacific ambereye,,
YMG,Platymera gaudichaudii,Paco box crab,Cajeta paco,Migraine paco
YMH,Apolymetis ephippium,Saddle grooved macoma,,Telline lacuneuse
YMI,Polymesoda inflata,Inflated marsh clam,Almeja de marjal,Cyrène enflée
YMJ,Cymatium aquatile,Aquatile hairy triton,,Triton aquatile
YMK,Polymesoda arctata,Slender marsh clam,Guacuco de marjal esbelto,Cyrène élancée
YML,Cymolutes lecluse,Sharp-headed wrasse,,
YMM,Cymatium muricinum,Shortneck triton,,Triton bosselé
YMN,Cymatium nicobaricum,Nicobar hairy triton,,Triton bouch-d'or
YMO,Symplectoteuthis oualaniensis,Purpleback flying squid,Pota cárdena,Encornet bande violette
YMP,Hymenocera picta,Painted harlequin shrimp,,
YMQ,Symphysodon aequifasciata,Blue discus,,
YMR,Polymesoda caroliniana,Carolina marsh clam,,
YMS,Lysmata seticaudata,Monaco shrimp,Camarón monagués,Bouc monégasque
YMT,Polymesoda triangula,Triangular mash clam,,
YMU,Symplectoteuthis luminosa,Luminous flying squid,Pota luminosa,Encornet lumineux
YMV,Lysmata vittata,Indian lined shrimp,Camarón rayado indio,Bouc rayé indien
YMX,Polymesoda expansa,Broad geloina,,Cyrène large
YMY,Symphysanodon berryi,Slope bass,,
YMZ,Mulloidichthys martinicus,Yellow goatfish,Salmonete amarillo,Capucin jaune
YNA,Cynoscion acoupa,Acoupa weakfish,Corvinata amarilla,Acoupa toeroe
YNB,Synaptura albomaculata,,,
YNC,Synaptura commersonnii,Commerson's sole,Lenguado de Commerson,Sole de Commerson
YND,Hypnea chordacea,,,
YNE,Cynoscion leiarchus,Smooth weakfish,Corvinata blanca,
YNF,Hypnea musciformis,Crozier weed,Cayado de Neptuno,Houlette des Argonautes
YNG,Synaptura marginata,White-margined sole,,
YNH,Cynoscion phoxocephalus,Cachema weakfish,,
YNI,Thysanoessa raschii,,,
YNJ,Cynoscion jamaicensis,Jamaica weakfish,Corvinata goete,Acoupa mongolare
YNK,Hypanis plicatus,Folded lagoon cockle,Berberecho de laguna,Coque de lagune plissée
YNL,Cynoscion albus,Whitefin weakfish,,
YNM,Cynoscion microlepidotus,Smallscale weakfish,,
YNN,Cynoscion nothus,Silver seatrout,,
YNO,Cynoscion othonopterum,Gulf weakfish,,
YNP,Cynoscion parvipinnis,Shortfin weakfish,,
YNQ,Hypnea cornuta,,,
YNR,Cynoscion arenarius,Sand weakfish,,
YNS,Cynoscion similis,Tonkin weakfish,,
YNT,Cynoscion reticulatus,,Corvina rayada,
YNU,Synaptura lusitanica,Portuguese sole,,
YNV,Cynoscion virescens,Green weakfish,Corvinata cambucú,Acoupa cambucu
YNX,Cynoscion xanthulum,Orangemouth weakfish,,
YNY,Synaptura cadenati,Guinean sole,Lenguado de Guinea,Sole-ruardon du Golfe
YNZ,Cynoscion stolzmanni,Stolzmann's weakfish,,
YOA,Cynoglossus abbreviatus,Three-lined tounge sole,,
YOB,Cynoglossus bilineatus,Fourlined tonguesole,,
YOC,Yongeichthys criniger,,,
YOD,Cynoglossus dubius,Carrot tonguesole,Lengua zanahoria,
YOE,Cynoglossus senegalensis,Senegalese tonguesole,Lengua del Senegal,Sole-langue sénégalaise
YOF,Cynoglossus semifasciatus,Bengal toungesole,,
YOG,Cynoglossus lingua,Long tongue sole,,
YOH,Hyotissa hyotis,Honeycomb oyster,,Pycnodonte geante
YOI,Cynoglossus canariensis,Canary tonguesole,Lengua de Canarias,Sole-langue canarienne
YOJ,Cynoglossus joyneri,Red tonguesole,,
YOL,Bathysolea lactea,,,
YOM,Cynoglossus macrostomus,Malabar tonguesole,Lengua malabárica,
YON,Cynoglossus interruptus,Genko sole,,
YOO,Cynoglossus microlepis,,,
YOP,Cynoglossus puncticeps,Speckled tonguesole,,
YOQ,Cryothenia peninsulae,Pithead,,
YOR,Cynoglossus arel,Largescale tonguesole,,
YOS,Cynoglossus lida,Roughscale tonguesole,,
YOT,Cynoglossus robustus,,,
YOV,Cynoglossus semilaevis,,,
YOW,Cynoglossus browni,Nigerian tonguesole,Lengua nigeriana,Sole-langue nigérienne
YOX,Cynoglossus spp,Tonguesole nei,Lenguas nep,Sole-langues nca
YOY,Cynoglossus cynoglossus,Bengal tongue sole,,
YOZ,Cynoglossus zanzibarensis,Zanzibar tonguesole,Lengua de Zanzibar,
YPA,Cyprinella alvarezdelvillari,,,
YPB,Cryptocentroides arabicus,Arabian goby,,
YPC,Cyprinella callistia,Alabama shiner,,
YPD,Pachypops adspersus,Brazilian croaker,,
YPE,Cyprichromis leptosoma,,,
YPF,Pachypops fourcroi,Guyanan croaker,,
YPG,Cyprea argus,Eyed cowie,,Porcelaine argus
YPH,Cyprea histrio,Histrio cowrie,,
YPI,Cyprinella spiloptera,Spotfin shiner,,
YPJ,Cryptopenaeus catherinae,Catherine shrimp,,
YPK,Cyrtopleura costata,Angel wing,,
YPL,Cyprinella lutrensis,Red shiner,,
YPM,Cyprinella camura,Bluntface shiner,,
YPN,Cyprinella analostana,Satinfin shiner,,
YPO,Cyprinocirrhites polyactis,Swallowtail hawkfish,,
YPP,Cyprinella proserpina,Proserpine shiner,,
YPQ,Stylophora pistillata,Smooth cauliflower coral,,
YPR,Polylepion cruentum,Bleeding wrasse,,
YPS,Penaeus californiensis,Yellowleg shrimp,Camarón patiamarillo,Crevette pattes jaunes
YPT,Pachypops trifilis,,,
YPU,Atypichthys latus,Eastern footballer,,
YPV,Cyprinella venusta,Blacktail shiner,,
YPW,Cyprinion watsoni,,,
YPX,Cypselurus spp,,,
YPY,Parahypsos paytensis,,,
YPZ,Cyprea scurra,Jester cowrie,,Porcelaine bouffon
YQA,Cyprea carneola,Carnelian cowrie,,Porcelaine carnéole
YQB,Cyprea bouteti,Boutet's cowrie,,Porcelaine de Boutet
YQC,Cyprea caputserpentis,Serpent's head cowrie,,Porcelaine tête de serpent
YQD,Cyprea depressa,Depressed cowrie,,Porcelaine déprimée
YQE,Cyprea eglantina,Eglantine cowrie,,Porcelaine églantine
YQH,Cyprea schilderorum,Schilders' cowrie,,Porcelaine de Schilder
YQL,Cyprea leviathan,Monster cowrie,,Porcelaine léviathan
YQM,Cyprea maculifera,Reticulated cowrie,,Porcelaine réticulée
YQN,Cyprea ventriculus,Tummy cowrie,,Porcelaine gésier
YQO,Cyprea moneta,Money cowrie,,Porcelaine monnaie
YQR,Cyprea erosa,Eroded cowrie,,Porcelaine érodée
YQS,Cyprea isabella,Isabelle cowrie,,Porcelaine isabelle
YQT,Cystoseira barbata,Golden Cystoseira,Cistosira barbuda,Cystoseire dorée
YQU,Cyprea caurica,Dragon cowrie,,Porcelaine dragon
YQV,Cyprea obvelata,Walled cowrie,,Porcelaine anneau d'or Tahiti
YQX,Cyprea onyx,Onyx cowrie,,Porcelaine onyx
YQY,Cyprea lynx,Lynx cowrie,,Porcelaine lynx
YRA,Sphyraena acutipinnis,Sharpfin barracuda,,
YRB,Sphyraena obtusata,Obtuse barracuda,Picuda obtusa,Bécune obtuse
YRC,Sphyraena chrysotaenia,Yellowstripe barracuda,,
YRD,Lyropecten nodosus,Lion's paw,Vieira lonjua,Pétoncle patte de lion
YRE,Sphyraena ensis,Mexican barracuda,Picuda picúa,Bécune mexicaine
YRG,Sphyraena argentea,Pacific barracuda,,
YRH,Sphyraena helleri,Heller's barracuda,,
YRI,Sphyraena idiastes,Pelican barracuda,,
YRJ,Sphyraena japonica,,,
YRK,Lyrodus pedicellatus,Siamese shipworm,,Taret siamois
YRL,Cyprea annulus,Gold ring cowrie,,Porcelaine anneau d'or
YRM,Pyroteuthis margaritifera,Jewel enope squid,Enoploluria joyera,Encornet-bijoutier
YRN,Sphyraena pinguis,,,
YRO,Sebastes flavidus,Yellowtail rockfish,Chancharro cola amarilla,Sébaste à queue jaune
YRP,Sphyraena picudilla,Southern sennet,,
YRQ,Cyprea tigris,Tiger cowrie,,Porcelaine tigre
YRR,Cypraecassis rufa,Bullmouth helmet,,Casque rouge
YRS,Sphyraena sphyraena,European barracuda,Espetón,Bécune européenne
YRT,Cyprea talpa,Mole cowrie,,Porcelaine taupe
YRU,Sphyraena guachancho,Guachanche barracuda,,
YRV,Cyprea vitellus,Pacific deer cowrie,,Porcelaine daim du Pacifique
YRX,Hyotissa spp,,,
YSA,Scymnodalatias albicauda,Whitetail dogfish,,
YSB,Paralichthys albigutta,Gulf flounder,,
YSC,Bathystethus cultratus,Grey knifefish,,
YSD,Lysmata debelius,Cardinal shrimp,,
YSE,Psettichthys melanostictus,Pacific sand sole,,Plie à points noirs
YSF,Paralichthys californicus,California flounder,Lenguado de California,Cardeau californien
YSH,Paralichthys lethostigma,Southern flounder,,
YSI,Polyspondylogobius sinensis,,,
YSJ,Systellaspis braueri,Quayle spinytail,,
YSK,Lysmata californica,Lined shrimp,Camarón listado,Bouc rayé
YSL,Paralichthys brasiliensis,Brazilian flounder,,
YSM,Scymnodon macracanthus,Largespine velvet dogfish,,
YSN,Lysmata amboinensis,Common cleaner shrimp,,
YSO,Paralichthys oblongus,Fourspot flounder,,
YSQ,Mytilopsis sallei,Santo Domingo falsemussel,,
YSR,Chrysiptera rapanui,Easter damselfish,,
YSS,Scymnodalatias sherwoodi,Sherwood dogfish,Bruja de Canterbury,Squale-grogneur chien
YST,Paralipophrys trigloides,,,
YSU,Atyopsis moluccensis,Moluccas brush shrimp,,
YSV,Paralichthys isosceles,,Falso halibut sudamericano,
YSW,Paralichthys woolmani,Speckled flounder,,
YSX,Polystira oxytropis,White keeled turrid,Pleurotoma de quilla blanca,Pleurotome à carène blanche
YSY,Polystira nobilis,Noble giant turrid,Pleurotoma noble,Pleurotome noble
YSZ,Pomadasys panamensis,Panama grunt,Corocoro mapache,Grondeur panaméen
YTA,Cyclothone acclinidens,Benttooth bristlemouth,,
YTB,Cyclothone alba,,,
YTC,Seriola lalandi,Yellowtail amberjack,Medregal rabo amarillo,Sériole chicard
YTD,Scytalina cerdale,Graveldiver,,
YTE,Ammodytoides renniei,Scaly sandlance,,
YTF,Cryptocentrus filifer,,,
YTG,Pachymetopon grande,Bronze seabream,,
YTH,Berryteuthis anonychus,Smallfin gonate squid,Gonalura alicorta,Encornet ailes courtes
YTI,Cryptocentrus albidorsus,,,
YTJ,Cryptichthys jojettae,Cryptic triplefin,,
YTK,Mya truncata,Blunt gaper,,Mye tronquée
YTL,Seriola rivoliana,Longfin yellowtail,Medregal limón,Sériole limon
YTM,Cyclothone microdon,Veiled anglemouth,,
YTN,Crystallogobius linearis,Crystal goby,,
YTO,Cyrtocara moorii,,,
YTP,Cyclothone pallida,Tan bristlemouth,,
YTQ,Hyotissa fisheri,Wrinkled oyster,Ostra vieja,Pycnodonte froissee
YTR,Cryptotrema corallinum,Deep-water blenny,,
YTS,Cyclothone pseudopallida,Slender bristlemouth,,
YTT,Berryteuthis magister,Schoolmaster gonate squid,Gonalura magister,Encornet suçoir
YTU,Cyclothone braueri,Garrick,,
YTV,Cyclothone livida,,,
YTW,Berryteuthis spp,Berryteuthis gonate squids nei,Gonaluras Berryteuthis nep,Encornets Berryteuthis nca
YTX,Cyclothone spp,,,
YTY,Cyclothone pygmaea,,,
YUA,Yunnanilus altus,,,
YUB,Pachyurus bonariensis,La Plata croaker,,
YUC,Leptodactylus ocellatus,,,
YUD,Mytilus desolationis,Kerguelen mussel,,
YUE,Leptodactylus pentadactylus,,,
YUF,Lythrypnus alphigena,,,
YUH,Parenchelyurus hepburni,Hepburn's blenny,,
YUI,Cymatium intermedium,Intermediate hairy triton,,Triton intermediaire
YUJ,Cymatium pileare,Common hairy triton,,Triton poilu
YUK,Crocodylus cataphractus,Slender-snouted crocodile,,
YUL,Cymatium lotorium,Black-spotted triton,,Triton tacheté
YUM,Choromytilus meridionalis,Black mussel,,
YUN,Crocodylus intermedius,Orinoco crocodile,,
YUO,Mytilus aoteanus,New Zealand blue mussel,,
YUP,Choromytilus palliopunctatus,Pinpricked mussel,Mejillón espinulado,Moule piquetée
YUQ,Crocodylus mindorensis,Philippine crocodile,,
YUR,Thysanoteuthis rhombus,Diamondback squid,Chipirón volantín,Chipiloua commun
YUS,Mytilus trossulus,Norhtern blue mussel,,
YUT,Enchelyurus ater,Black blenny,,
YUU,Crocodylus acutus,American crocodile,,
YUY,Cymatium pyrum,Pear triton,,Triton poire
YWF,Acanthopagrus latus,Yellowfin seabream,Sargo aleta amarilla,Pagre à nageoires jaunes
YWX,Trachycardium spp,,,
YXA,Syrinx aruanus,Australian trumpet,,Trompette australienne
YXD,Pyxicephalus adspersus,African bull frog,,
YXL,Styela nordenskjoeldi,,,
YXS,Ctenopteryx sicula,Toothed-fin squid,Calamarín alidentado,Calmar à nageoire denticulée
YYA,Bathypolypus arcticus,North Atlantic octopus,Pulpito violáceo,Poulpe boreal
YYL,Chiloscyllium hasselti,Hasselt's bambooshark,Bamboa de Hasselt,Requin-chabot de Hasselt
YYS,Bathypolypus sponsalis,Globose octopus,Pulpito,Poulpe globuleux
YYT,Polyphyllia talpina,Feather coral,,
YYW,Priene scabrum,,,
YYX,Priene spp,,,
YZS,Syacium papillosum,Dusky flounder,Lenguado fusco,Fausse limande sombre
ZAC,Antigonia capros,Deepbody boarfish,,
ZAE,Zalieutes elater,Roundel batfish,,
ZAF,Zaniolepis frenata,Shortspine combfish,,
ZAL,Zanclistius elevatus,Longfin boarfish,,
ZAM,Antigonia malayana,,,
ZAO,Zanclus cornutus,Moorish idol,,
ZAP,Zacco platypus,Freshwater minnow,,
ZAR,Zalembius rosaceus,Pink seaperch,,
ZAS,Zaprora silenus,Prowfish,,
ZBF,Zebrias fasciatus,,,
ZBQ,Zebrias quagga,Fringefin zebra sole,,
ZBV,Zabidius novemaculeatus,Ninespine batfish,,
ZBZ,Zebrias zebra,Zebra sole,,
ZCA,Capromimus abbreviatus,Capro dory,,
ZCC,Cyttopsis cypho,,,
ZCF,Cyttomimus affinis,,,
ZCN,Cyttus novaezealandiae,New Zealand dory,,
ZCP,Zeus capensis,Cape dory,,
ZCT,Cyttus traversi,King dory,,
ZCU,Cyttus australis,Silver dory,,
ZDF,Zidona dufresnei,Angulate volute,Voluta angulosa,Volute angulée
ZEF,Zebrasoma flavescens,Yellow tang,,
ZEO,Zesticelus ochotensis,,,
ZEV,Zebrasoma veliferum,Sailfin tang,Navajón velero,Chirurgien à voile
ZEX,Zeidae,Dories nei,Peces de San Pedro nep,Saint Pierres nca
ZEZ,Zebrus zebrus,,,
ZGC,Gymnammodytes cicerelus,Mediterranean sand eel,Barrinaire,Cicerelle de Méditerranée
ZGL,Genioliparis lindbergi,,,
ZGP,Zeugopterus punctatus,Topknot,,
ZGS,Gymnammodytes semisquamatus,Smooth sandeel,Saltón,Cicerelle de l'Atlantique
ZIZ,Zingel zingel,Zingel,,
ZLS,Cyclopteridae,Lumpfishes nei,Lompos nep,Lompes nca
ZNB,Azorinus abbreviatus,Small short razor,,Petit solecurte
ZNC,Azorinus chamasolen,Antique razor clam,Navallon estrecho,Solecurte rétrécie
ZNE,Zenopsis nebulosus,Mirror dory,,
ZNZ,Peltorhamphus novaezeelandiae,New Zealand sole,Lenguado de Nueva Zelandia,
ZOG,Zoarchias glaber,,,
ZOM,Zostera marina,Eel-grass,Gran zostera,Grande zostère
ZON,Zostera noltii,Dwarf eel-grass,Zostera enana,Zostère naine
ZOQ,Zoogoneticus quitzeoensis,Picotee goodeid,,
ZOR,Zoroaster spp,Rat-tail stars nei,,
ZOT,Zoanthidea,Zoanthids,,
ZPC,Zappa confluentus,Slender mudskipper,,
ZPE,Pollicipes elegans,Pacific goose barnacle,Percebe del Pacífico,Pouce-pied du Pacifique
ZPP,Pollicipes polymerus,Leaf barnacle,Percebe canadiense,Pouce-pied canadien
ZRN,Zearaja nasuta,New Zealand rough skate,,
ZSP,Zanclorhynchus spinifer,Antarctic horsefish,Cacique antártico,Cacique antarctique
ZUC,Zu cristatus,Scalloped ribbonfish,,
ZUE,Zu elongatus,Taper-tail ribbonfish,,
ZUM,Zungaropsis multimaculatus,,,
ZUZ,Zungaro zungaro,,,
ZYA,Schizophrys aspera,Common decorator crab,,
ZYD,Schizophrys dama,Pronghorn decorator crab,,
ZYE,Zygochlamis delicatula,Delicate scallop,,
ZYP,Zygochlamis patagonica,Patagonian scallop,Pecten patagónico,Peigne de Patagonie
ZYZ,Zaireichthys zonatus,,,
